/*
SQLyog Enterprise - MySQL GUI v7.02 
MySQL - 5.1.40-community : Database - FISHERY
*********************************************************************
*/

/*!40101 SET NAMES utf8 */;

/*!40101 SET SQL_MODE=''*/;

/*!40014 SET @OLD_FOREIGN_KEY_CHECKS=@@FOREIGN_KEY_CHECKS, FOREIGN_KEY_CHECKS=0 */;
/*!40101 SET @OLD_SQL_MODE=@@SQL_MODE, SQL_MODE='NO_AUTO_VALUE_ON_ZERO' */;

/*Data for the table `address` */

insert  into `address`(`id`,`country_id`,`road_id`,`area_low_id`,`area_high_id`,`locality_id`,`route_id`) values (6,1,NULL,5,11,NULL,2),(7,1,NULL,5,NULL,NULL,1);

/*Data for the table `area_high` */

insert  into `area_high`(`id`,`name`,`area_low_id`) values (1,'Боровский р-н',1),(2,'Подольский р-н',2),(3,'городской округ город Балашиха',3),(4,'Одинцовский район',3),(5,'Угранский район',4),(6,'Малоярославецкий район',5),(7,'Волоколамский район',3),(8,'Лотошинский район',3),(9,'Клинский район',3),(10,'Перемышльский район',5),(11,'Дзержинский район',5);

/*Data for the table `area_low` */

insert  into `area_low`(`id`,`name`,`country_id`) values (1,'Калужская обл',1),(2,'Московская обл',1),(3,'Московская область',1),(4,'Смоленская область',1),(5,'Калужская область',1);

/*Data for the table `city` */

insert  into `city`(`id`,`name`,`region_id`,`weight`) values (1,'Абаза',1,1),(2,'Абакан',1,164000),(3,'Аскиз',1,1),(4,'Белый Яр',1,1),(5,'Бея',1,1),(6,'Боград',1,1),(7,'Копьево',1,1),(8,'Саяногорск',1,1),(9,'Сорск',1,1),(10,'Таштып',1,1),(11,'Усть-Абакан',1,1),(12,'Черногорск',1,1),(13,'Шира',1,1),(14,'Абан',2,1),(15,'Агинское',2,1),(16,'Ачинск',2,110000),(17,'Балахта',2,1),(18,'Березовка',2,1),(19,'Бирюлюсы',2,1),(20,'Боготол',2,1),(21,'Богучаны',2,1),(22,'Большая Мурта',2,1),(23,'Большой Улуй',2,1),(24,'Бородино',2,1),(25,'Дзержинск',2,1),(26,'Дивногорск',2,1),(27,'Дудинка',2,1),(28,'Емельяново',2,1),(29,'Енисейск',2,1),(30,'Ермаковское',2,1),(31,'Железногорск',2,1),(32,'Заозерный',2,1),(33,'Зеленогорск',2,1),(34,'Идринское',2,1),(35,'Иланский',2,1),(36,'Ирбейское',2,1),(37,'Казачинское',2,1),(38,'Канск',2,1),(39,'Каратузское',2,1),(40,'Кедровый',2,1),(41,'Кодинск',2,1),(42,'Козулька',2,1),(43,'Краснотуранск',2,1),(44,'Красноярск',2,972000),(45,'Курагино',2,1),(46,'Лесосибирск',2,1),(47,'Минусинск',2,1),(48,'Назарово',2,1),(49,'Нижний Ингаш',2,1),(50,'Новобирилюссы',2,1),(51,'Новоселово',2,1),(52,'Норильск',2,202000),(53,'Партизанское',2,1),(54,'Пировское',2,1),(55,'Рыбинск',2,1),(56,'Сосновоборск',2,1),(57,'Сухобузимское',2,1),(58,'Таилтып',2,1),(59,'Тасеево',2,1),(60,'Тюхтет',2,1),(61,'Ужур',2,1),(62,'Уяр',2,1),(63,'Шалинское',2,1),(64,'Шарыпово',2,1),(65,'Шушенское',2,1),(66,'Абатский',3,1),(67,'Армизонское',3,1),(68,'Аромашево',3,1),(69,'Бердюжье',3,1),(70,'Большое Сорокино',3,1),(71,'Вагай',3,1),(72,'Викулово',3,1),(73,'Голышманово',3,1),(74,'Губкинский',3,1),(75,'Заводоуковск',3,1),(76,'Исетское',3,1),(77,'Ишим',3,1),(78,'Казанское',3,1),(79,'Междуреченский',3,1),(80,'Муравленко',3,1),(81,'Нижняя Тавда',3,1),(82,'Ноябрьск',3,111000),(83,'Омутинский',3,1),(84,'Сладково',3,1),(85,'Тарко-сале',3,1),(86,'Тобольск',3,1),(87,'Тюмень',3,580000),(88,'Уват',3,1),(89,'Упорово',3,1),(90,'Юргинское',3,1),(91,'Ялуторовск',3,1),(92,'Ярково',3,1),(93,'Абдулино',4,1),(94,'Адамовка',4,1),(95,'Акбулак',4,1),(96,'Александровка',4,1),(97,'Асекеево',4,1),(98,'Беляевка',4,1),(99,'Бугуруслан',4,1),(100,'Бузулук',4,1),(101,'Гай',4,1),(102,'Грачевка',4,1),(103,'Домбаровский',4,1),(104,'Илек',4,1),(105,'Кваркено',4,1),(106,'Кувандык',4,1),(107,'Курманаевка',4,1),(108,'Матвеевка',4,1),(109,'Медногорск',4,1),(110,'Новоорск',4,1),(111,'Новосергиевка',4,1),(112,'Новотроицк',4,101000),(113,'Октябрьское',4,1),(114,'Оренбург',4,526000),(115,'Орск',4,245000),(116,'Первомайский',4,1),(117,'Переволоцкий',4,1),(118,'Плешаново',4,1),(119,'Пономаревка',4,1),(120,'Сакмара',4,1),(121,'Саракташ',4,1),(122,'Светлый',4,1),(123,'Северное',4,1),(124,'Соль-Илецк',4,1),(125,'Сорочинск',4,1),(126,'Ташла',4,1),(127,'Тоцкое',4,1),(128,'Тюльган',4,1),(129,'Шарлык',4,1),(130,'Ясный',4,1),(131,'Абинск',5,1),(132,'Адлер',5,1),(133,'Анапа',5,1),(134,'Апшеронск',5,1),(135,'Армавир',5,188000),(136,'Аше',5,1),(137,'Белая Глина',5,1),(138,'Белореченск',5,1),(139,'Брюховецкая',5,1),(140,'Вардане',5,1),(141,'Выселки',5,1),(142,'Геленджик',5,1),(143,'Горячий Ключ',5,1),(144,'Гулькевичи',5,1),(145,'Динская',5,1),(146,'Ейск',5,1),(147,'Кавказская',5,1),(148,'Калининская',5,1),(149,'Каневская',5,1),(150,'Кореновск',5,1),(151,'Красноармейская',5,1),(152,'Краснодар',5,713000),(153,'Кропоткин',5,1),(154,'Крыловская',5,1),(155,'Крымск',5,1),(156,'Кудепста',5,1),(157,'Курганинск',5,1),(158,'Кущевская',5,1),(159,'Лабинск',5,1),(160,'Ленинградская',5,1),(161,'Лоо',5,1),(162,'Мостовской',5,1),(163,'Новокубанск',5,1),(164,'Новопокровская',5,1),(165,'Новороссийск',5,229000),(166,'Отрадная',5,1),(167,'Павловская',5,1),(168,'Приморско-Ахтарск',5,1),(169,'Приморье',5,1),(170,'Северская',5,1),(171,'Славянск-на-Кубани',5,1),(172,'Сочи',5,342000),(173,'Староминская',5,1),(174,'Старощербиновская',5,1),(175,'Тбилисская',5,1),(176,'Темрюк',5,1),(177,'Тимашевск',5,1),(178,'Тихорецк',5,1),(179,'Туапсе',5,1),(180,'Успенское',5,1),(181,'Усть-Лабинск',5,1),(182,'Хоста',5,1),(183,'Авангардное',6,1),(184,'Акулово',6,1),(185,'Алеевка',6,1),(186,'Александровка',6,1),(187,'Алексеевка',6,1),(188,'Бабушкино',6,1),(189,'Багратионово',6,1),(190,'Багратионовск',6,1),(191,'Балтийск',6,1),(192,'Бекенево',6,1),(193,'Белкино',6,1),(194,'Белый яр',6,1),(195,'Береговое',6,1),(196,'Березовка',6,1),(199,'Ближнее',6,1),(200,'Богатово',6,1),(201,'Большаково',6,1),(202,'Большая Поляна',6,1),(203,'Большие Горки',6,1),(204,'Большое село',6,1),(205,'Борское',6,1),(206,'Брянское',6,1),(207,'Бычково',6,1),(208,'Васильково',6,1),(209,'Великолукское',6,1),(210,'Верний бисер',6,1),(211,'Весново',6,1),(212,'Взморье',6,1),(213,'Вишневка',6,1),(214,'Вишневое',6,1),(215,'Вишневское',6,1),(216,'Вишневый',6,1),(217,'Владимирово',6,1),(218,'Володаровка',6,1),(219,'Волочаевское',6,1),(220,'Вольное',6,1),(221,'Воробьево',6,1),(222,'Восод',6,1),(223,'Высокое',6,1),(225,'Гаврилово',6,1),(226,'Гастеллово',6,1),(227,'Гвардейск',6,1),(228,'Гвардейское',6,1),(229,'Георгиевское',6,1),(230,'Глушково',6,1),(231,'Головкино',6,1),(232,'Гончарово',6,1),(233,'Гордое',6,1),(234,'Грачевка',6,1),(235,'Грибки',6,1),(236,'Громово',6,1),(237,'Гурьевск',6,1),(238,'Гусев',6,1),(239,'Гусево',6,1),(240,'Дальнее',6,1),(243,'Дворкино',6,1),(244,'Демидово',6,1),(245,'Дивное',6,1),(247,'Доброволец',6,1),(248,'Добровольск',6,1),(249,'Доваторовка',6,1),(250,'Долгоруково',6,1),(251,'Домново',6,1),(252,'Дорожное',6,1),(253,'Дружба',6,1),(254,'Дубровка',6,1),(255,'Дунаевка',6,1),(256,'Еловое',6,1),(257,'Ельники',6,1),(258,'Ельняки',6,1),(259,'Ермаково',6,1),(260,'Ершово',6,1),(261,'Жаворонково',6,1),(262,'Железнодорожный',6,129000),(263,'Желудево',6,1),(264,'Жилино',6,1),(265,'Журавлевка',6,1),(266,'Забарье',6,1),(267,'Загородный',6,1),(268,'Загорское',6,1),(269,'Зайцево',6,1),(270,'Залесье',6,1),(271,'Заливино',6,1),(272,'Заливное',6,1),(273,'Заовражное',6,1),(274,'Заозерье',6,1),(275,'Заостровье',6,1),(276,'Западный',6,1),(277,'Заповедное',6,1),(278,'Заречное',6,1),(279,'Заречье',6,1),(281,'Звеньевое',6,1),(282,'Зверево',6,1),(283,'Зеленоградск',6,1),(284,'Зеленое',6,1),(285,'Знаменка',6,1),(286,'Знаменск',6,1),(287,'Зорино',6,1),(288,'Извилино',6,1),(289,'Изобильное',6,1),(290,'Ильичевка',6,1),(292,'Илюшино',6,1),(293,'Исаково',6,1),(294,'Истровка',6,1),(295,'Калининград',6,419000),(296,'Калинино',6,1),(297,'Калининское',6,1),(298,'Калинково',6,1),(299,'Калиновка',6,1),(300,'Калужское',6,1),(301,'Каменка',6,1),(302,'Каменское',6,1),(303,'Канаш',6,1),(304,'Карамышево',6,1),(305,'Каштановка',6,1),(306,'Каштаново',6,1),(308,'Кирова',6,1),(309,'Кленовое',6,1),(310,'Климовка',6,1),(311,'Коврово',6,1),(312,'Колосовка',6,1),(313,'Комсомольск',6,1),(314,'Константиновка',6,1),(315,'Корнево',6,1),(316,'Короленково',6,1),(317,'Кострово',6,1),(318,'Костромино',6,1),(319,'Костюковка',6,1),(320,'Красногорское',6,1),(321,'Красное',6,1),(322,'Краснознаменск',6,1),(323,'Краснолесье',6,1),(324,'Красноолмский',6,1),(325,'Краснополье',6,1),(326,'Краснополянское',6,1),(327,'Красноторовка',6,1),(328,'Краснофлотское',6,1),(329,'Красноярское',6,1),(330,'Красный бор',6,1),(332,'Красный Яр',6,1),(333,'Кромы',6,1),(334,'Кругловка',6,1),(335,'Крылово',6,1),(336,'Кубановка',6,1),(337,'Куйбышевское',6,1),(338,'Кумачово',6,1),(339,'Курортное',6,1),(340,'Ладушкин',6,1),(341,'Левобережное',6,1),(342,'Лермонтово',6,1),(343,'Лесное',6,1),(346,'Линево',6,1),(347,'Липняки',6,1),(348,'Липовка',6,1),(349,'Липово',6,1),(350,'Ломово',6,1),(351,'Ломоносовка',6,1),(352,'Луговое',6,1),(355,'Луговское',6,1),(356,'Лужки',6,1),(357,'Лунино',6,1),(359,'Львовское',6,1),(360,'Маевка',6,1),(361,'Майское',6,1),(363,'Малиники',6,1),(364,'Малиновка',6,1),(366,'Маломожайское',6,1),(367,'Малые Горки',6,1),(368,'Мальцево',6,1),(369,'Мамоново',6,1),(370,'Маршальское',6,1),(371,'Марьино',6,1),(372,'Матросово',6,1),(373,'Маяковское',6,1),(374,'Медовое',6,1),(375,'Междуречье',6,1),(376,'Мельниково',6,1),(377,'Менделеево',6,1),(378,'Миайлово',6,1),(379,'Мичуринский',6,1),(380,'Мозырь',6,1),(381,'Моргуново',6,1),(382,'Мордовское',6,1),(383,'Муромское',6,1),(384,'Мысовка',6,1),(385,'Нагорное',6,1),(386,'Надеждино',6,1),(387,'Наимово',6,1),(388,'Невское',6,1),(389,'Некрасово',6,1),(391,'Неман',6,1),(392,'Неманское',6,1),(393,'Нестеров',6,1),(394,'Нива',6,1),(395,'Нивенское',6,1),(396,'Низовье',6,1),(397,'Нилово',6,1),(398,'Новая деревня',6,1),(399,'Новобобруйск',6,1),(400,'Новогурьевское',6,1),(401,'Новоколозное',6,1),(402,'Новомосковский',6,1),(403,'Новомосковское',6,1),(404,'Новоселово',6,1),(405,'Новостроево',6,1),(407,'Новостройка',6,1),(408,'Овражье',6,1),(409,'Озерки',6,1),(411,'Озерск',6,1),(412,'Олеово',6,1),(413,'Ольоватка',6,1),(414,'Ольовка',6,1),(415,'Оотное',6,1),(416,'Ореовка',6,1),(417,'Орловка',6,1),(418,'Осиновка',6,1),(419,'Островское',6,1),(420,'Острогожское',6,1),(421,'Отрадное',6,1),(422,'Партизанское',6,1),(423,'Пеньки',6,1),(424,'Первомайское',6,1),(426,'Переславское',6,1),(427,'Песочное',6,1),(428,'Петино',6,1),(429,'Петрово',6,1),(430,'Пионерский',6,1),(431,'Победино',6,1),(432,'Поваровка',6,1),(433,'Пограничный',6,1),(434,'Подгорное',6,1),(435,'Подгоровка',6,1),(436,'Поддубное',6,1),(438,'Поддубы',6,1),(439,'Поддубье',6,1),(440,'Подлипово',6,1),(441,'Покровское',6,1),(443,'Покрышкино',6,1),(444,'Полесск',6,1),(445,'Полтавское',6,1),(446,'Поречье',6,1),(447,'Правдино',6,1),(448,'Правдинск',6,1),(449,'Прибрежное',6,1),(450,'Привольное',6,1),(451,'Пригородное',6,1),(453,'Придорожное',6,1),(455,'Приморск',6,1),(456,'Приморье',6,1),(457,'Приозерное',6,1),(459,'Проладное',6,1),(460,'Прооровка',6,1),(461,'Прудное',6,1),(462,'Пруды',6,1),(463,'Пятидорожное',6,1),(464,'Разино',6,1),(465,'Ракитино',6,1),(466,'Рассвет',6,1),(467,'Ржевское',6,1),(468,'Ровное',6,1),(469,'Родники',6,1),(470,'Романово',6,1),(471,'Россия',6,1),(472,'Рощино',6,1),(474,'Ручьи',6,1),(475,'Рыбачий',6,1),(476,'Рыбкино',6,1),(477,'Рябиновка',6,1),(478,'Садовое',6,1),(480,'Саранское',6,1),(481,'Светлогорск',6,1),(482,'Светлый',6,1),(483,'Свобода',6,1),(484,'Северный',6,1),(486,'Севское',6,1),(487,'Семеново',6,1),(488,'Славинск',6,1),(489,'Славск',6,1),(490,'Славское',6,1),(491,'Славяновка',6,1),(492,'Славянское',6,1),(493,'Советск',6,1),(494,'Совозное',6,1),(495,'Совозный',6,1),(496,'Сокольники',6,1),(497,'Солдатово',6,1),(499,'Соловьево',6,1),(500,'Солонцы',6,1),(501,'Сопкино',6,1),(502,'Сосновка',6,1),(505,'Стройный',6,1),(506,'Суворовка',6,1),(507,'Суворово',6,1),(508,'Талпаки',6,1),(509,'Тимирязево',6,1),(510,'Тимофеевка',6,1),(511,'Тимофеево',6,1),(512,'Тишино',6,1),(513,'Тростники',6,1),(514,'Тумановка',6,1),(515,'Тургенево',6,1),(516,'Тюленино',6,1),(517,'Узловое',6,1),(518,'Ульяново',6,1),(519,'Ушаковка',6,1),(520,'Ушаково',6,1),(521,'Февральское',6,1),(522,'Федотово',6,1),(523,'Филипповка',6,1),(524,'Фрунзенское',6,1),(525,'Фурмановка',6,1),(526,'Фурманово',6,1),(527,'Хлебниково',6,1),(528,'Холмогоровка',6,1),(529,'Холмогорье',6,1),(530,'Холмы',6,1),(531,'Чайкино',6,1),(532,'Чеово',6,1),(533,'Черемуино',6,1),(534,'Чернышевское',6,1),(535,'Черняховск',6,1),(536,'Чистополье',6,1),(537,'Чистые пруды',6,1),(538,'Шевченко',6,1),(539,'Широкое',6,1),(540,'Шолоово',6,1),(541,'Шоссейный',6,1),(542,'Щегловка',6,1),(543,'Щеглы',6,1),(544,'Юдино',6,1),(545,'Южный',6,1),(546,'Яблоневка',6,1),(548,'Яблоновка',6,1),(549,'Ягодное',6,1),(550,'Янтарный',6,1),(551,'Ярки',6,1),(552,'Яровое',6,1),(553,'Ярославское',6,1),(554,'Ясеньское',6,1),(555,'Ясная поляна',6,1),(556,'Ясное',6,1),(557,'Агаповка',7,1),(558,'Аргаяш',7,1),(559,'Аша',7,1),(560,'Бреды',7,1),(561,'Варна',7,1),(562,'Верхнеуральск',7,1),(563,'Верхний Уфалей',7,1),(564,'Долгодеревенское',7,1),(565,'Еманжелинск',7,1),(566,'Еткуль',7,1),(567,'Златоуст',7,187000),(568,'Карабаш',7,1),(569,'Карталы',7,1),(570,'Касли',7,1),(571,'Катав-Ивановск',7,1),(572,'Кизильское',7,1),(573,'Копейск',7,137000),(574,'Коркино',7,1),(575,'Кунашак',7,1),(576,'Куса',7,1),(577,'Кыштым',7,1),(578,'Магнитогорск',7,410000),(579,'Миасское',7,1),(580,'Миасс',7,152000),(581,'Миньяр',7,1),(582,'Нязепетровск',7,1),(583,'Озерск',7,1),(584,'Октябрьское',7,1),(585,'Пласт',7,1),(586,'Сатка',7,1),(587,'Снежинск',7,1),(588,'Солнечная Долина',7,1),(589,'Трехгорный',7,1),(590,'Троицк',7,1),(591,'Увельский',7,1),(592,'Уйское',7,1),(593,'Усть-Катав',7,1),(594,'Фершампенуаз',7,1),(595,'Чебаркуль',7,1),(596,'Челябинск',7,1096000),(598,'Чесма',7,1),(599,'Южноуральск',7,1),(600,'Агрыз',8,1),(601,'Азнакаево',8,1),(602,'Аксубаево',8,1),(603,'Актаныш',8,1),(604,'Алексеевское',8,1),(605,'Алькеево',8,1),(606,'Альметьевск',8,142000),(607,'Апастово',8,1),(608,'Арск',8,1),(609,'Атня',8,1),(610,'Бавлы',8,1),(611,'Балтаси',8,1),(612,'Богатые Сабы',8,1),(613,'Болгар',8,1),(614,'Бугульма',8,1),(615,'Буинск',8,1),(616,'Васильево',8,1),(617,'Верхний Услон',8,1),(618,'Высокая Гора',8,1),(619,'Дрожжаное',8,1),(620,'Елабуга',8,1),(621,'Заинск',8,1),(622,'Зеленодольск',8,1),(623,'Казань',8,1137000),(624,'Кайбицы',8,1),(625,'Камское Устье',8,1),(626,'Кукмор',8,1),(627,'Лаишево',8,1),(628,'Лениногорск',8,1),(629,'Мамадыш',8,1),(630,'Менделеевск',8,1),(631,'Мензелинск',8,1),(632,'Муслюмово',8,1),(633,'Набережные Челны',8,510000),(634,'Нижнекамск',8,227000),(635,'Новошешминск',8,1),(636,'Нурлаты',8,1),(637,'Пестрецы',8,1),(638,'Рыбная Слобода',8,1),(639,'Сарманово',8,1),(640,'Спасск',8,1),(641,'Тетюши',8,1),(642,'Тюлячи',8,1),(643,'Уруссу',8,1),(644,'Черемшаны',8,1),(645,'Чистополь',8,1),(646,'Адреаполь',9,1),(647,'Бежецк',9,1),(648,'Белый',9,1),(649,'Бологое',9,1),(650,'Вышний Волочек',9,1),(651,'Западная Двина',9,1),(652,'Зубцов',9,1),(653,'Калязин',9,1),(654,'Кашин',9,1),(655,'Кимры',9,1),(656,'Конаково',9,1),(657,'Красный Холм',9,1),(658,'Кувшиново',9,1),(659,'Лесное',9,1),(660,'Лихославль',9,1),(661,'Максатиха',9,1),(662,'Нелидово',9,1),(663,'Оленино',9,1),(664,'Осташков',9,1),(665,'Пено',9,1),(666,'Рамешки',9,1),(667,'Ржев',9,1),(668,'Сандово',9,1),(669,'Сонково',9,1),(670,'Старица',9,1),(671,'Тверь',9,410000),(672,'Торжок',9,1),(673,'Торопец',9,1),(674,'Удомля',9,1),(675,'Фирово',9,1),(676,'Адыгейск',10,1),(677,'Гиагинская',10,1),(678,'Кошехабль',10,1),(679,'Красногвардейск',10,1),(680,'Майкоп',10,155000),(681,'Тахтамукай',10,1),(682,'Тульский',10,1),(683,'Хакуринохабль',10,1),(684,'Шовгеновский',10,1),(685,'Адыге-Хабль',11,1),(686,'Зеленчукская',11,1),(687,'Преградная',11,1),(688,'Усть-Джегута',11,1),(689,'Учкекен',11,1),(690,'Черкесск',11,116500),(691,'Азово',12,1),(692,'Большеречье',12,1),(693,'Большие Уки',12,1),(694,'Горьковское',12,1),(695,'Знаменское',12,1),(696,'Исилькуль',12,1),(697,'Калачинск',12,1),(698,'Колосовка',12,1),(699,'Кормиловка',12,1),(700,'Крутинка',12,1),(701,'Любинский',12,1),(702,'Марьяновка',12,1),(703,'Москаленки',12,1),(704,'Муромцево',12,1),(705,'Называевск',12,1),(706,'Нижняя Омка',12,1),(707,'Нововаршавка',12,1),(708,'Одесское',12,1),(709,'Оконешниково',12,1),(710,'Омск',12,1128000),(711,'Павлоградка',12,1),(712,'Полтавка',12,1),(713,'Русская Поляна',12,1),(714,'Саргатское',12,1),(715,'Седельниково',12,1),(716,'Таврическое',12,1),(717,'Тара',12,1),(718,'Тевриз',12,1),(719,'Тюкалинск',12,1),(720,'Усть-Ишим',12,1),(721,'Черлак',12,1),(722,'Шербакуль',12,1),(723,'Азов',13,1),(724,'Аксай',13,1),(725,'Багаевский',13,1),(726,'Батайск',13,104000),(727,'Белая Калитва',13,1),(728,'Боковская',13,1),(729,'Большая Мартыновка',13,1),(730,'Веселый',13,1),(731,'Вешенская',13,1),(732,'Волгодонск',13,169000),(733,'Гуково',13,1),(734,'Донецк',13,1),(735,'Дубовское',13,1),(736,'Егорлыкская',13,1),(737,'Заветное',13,1),(738,'Зерноград',13,1),(739,'Зимовники',13,1),(740,'Кагальницкая',13,1),(741,'Каменоломни',13,1),(742,'Каменск- Шахтинский',13,1),(743,'Кашары',13,1),(744,'Константиновск',13,1),(745,'Красный Сулин',13,1),(746,'Куйбышево',13,1),(747,'Мартыновка',13,1),(748,'Матвеев Курган',13,1),(749,'Миллерово',13,1),(750,'Милютинская',13,1),(751,'Морозовск',13,1),(752,'Новочеркасск',13,177000),(753,'Новошахтинск',13,113000),(754,'Обливская',13,1),(755,'Октябрьск',13,1),(756,'Орловский',13,1),(757,'Песчанокопск',13,1),(758,'Покровское',13,1),(759,'Пролетарск',13,1),(760,'Ремонтное',13,1),(761,'Родионово-Несветайская',13,1),(762,'Романовская',13,1),(763,'Ростов',13,1),(764,'Сальск',13,1),(765,'Семикаракорск',13,1),(766,'Таганрог',13,255000),(767,'Тарасовский',13,1),(768,'Тацинский',13,1),(769,'Усть-Донецкий',13,1),(770,'Целина',13,1),(771,'Цимлянск',13,1),(772,'Чалтырь',13,1),(773,'Чертково',13,1),(774,'Шахты',13,245000),(775,'Айкино',14,1),(776,'Акбулак',14,1),(777,'Визинга',14,1),(778,'Воркута',14,1),(779,'Вуктыл',14,1),(780,'Выльгорт',14,1),(781,'Выльногорск',14,1),(782,'Емва',14,1),(783,'Ижма',14,1),(784,'Инта',14,1),(785,'Койгородок',14,1),(786,'Корткерос',14,1),(787,'Обьячево',14,1),(788,'Печора',14,1),(789,'Сосногорск',14,1),(790,'Сыктывкар',14,236000),(791,'Троицко-Печорск',14,1),(792,'Усинск',14,1),(793,'Усогорск',14,1),(794,'Усть-Кулом',14,1),(795,'Усть-Цильма',14,1),(796,'Ухта',14,103700),(797,'Аксарка',15,1),(798,'Красноселькуп',15,1),(799,'Лабытнанги',15,1),(800,'Мужи',15,1),(801,'Надым',15,1),(802,'Новый Уренгой',15,119600),(803,'Салехард',15,1),(804,'Тазовский',15,1),(805,'Харп',15,1),(806,'Яр-сале',15,1),(807,'Акша',16,1),(808,'Ачинское',16,1),(809,'Белебей',16,1),(810,'Борзя',16,1),(811,'Верх-Усугли',16,1),(812,'Дульдурга',16,1),(813,'Забайкальск',16,1),(814,'Калга',16,1),(815,'Кара',16,1),(816,'Карымская',16,1),(817,'Красной Чикой',16,1),(818,'Краснокаменск',16,1),(819,'Могайтуй',16,1),(820,'Нерчинск',16,1),(821,'Первомайский',16,1),(822,'Приаргунск',16,1),(823,'Сретенск',16,1),(824,'Старая Чара',16,1),(825,'Улеты',16,1),(826,'Хилок',16,1),(827,'Чернышевск',16,1),(828,'Чита',16,309000),(829,'Шелопугино',16,1),(830,'Шилка',16,1),(831,'Акъяр',17,1),(832,'Архангельское',17,1),(833,'Аскарово',17,1),(834,'Аскино',17,1),(835,'Баймак',17,1),(836,'Бакалы',17,1),(837,'Белебей',17,1),(838,'Белорецк',17,1),(839,'Бижбуляк',17,1),(840,'Бирск',17,1),(841,'Благовещенск',17,1),(842,'Большеустьикинское',17,1),(843,'Буздяк',17,1),(844,'Бураево',17,1),(845,'Верхнеяркеево',17,1),(846,'Верхние Киги',17,1),(847,'Давлеканово',17,1),(848,'Дюртюли',17,1),(849,'Ермекеево',17,1),(850,'Ермолаево',17,1),(851,'Зилаир',17,1),(852,'Иглино',17,1),(853,'Исянгулово',17,1),(854,'Ишимбай',17,1),(855,'Калтасы',17,1),(856,'Караидель',17,1),(857,'Кармаскалы',17,1),(858,'Киргиз-Мияки',17,1),(859,'Красная Горка',17,1),(860,'Красноусольский',17,1),(861,'Кумертау',17,1),(862,'Кушнаренково',17,1),(863,'Малояз',17,1),(864,'Мелеуз',17,1),(865,'Месягутово',17,1),(866,'Мишкино',17,1),(867,'Мраково',17,1),(868,'Нефтекамск',17,119500),(869,'Николо-Березовка',17,1),(870,'Новобелокатай',17,1),(871,'Октябрьский',17,109700),(872,'Раевский',17,1),(873,'Салават',17,156000),(874,'Сибай',17,1),(875,'Стерлибашево',17,1),(876,'Стерлитамак',17,272000),(877,'Толбазы',17,1),(878,'Туймазы',17,1),(879,'Уфа',17,1031000),(880,'Учалы',17,1),(881,'Федоровка',17,1),(882,'Чекмагуш',17,1),(883,'Чишмы',17,1),(884,'Шаран',17,1),(885,'Языково',17,1),(886,'Янаул',17,1),(887,'Алагир',18,1),(888,'Ардон',18,1),(889,'Архонская',18,1),(890,'Беслан',18,1),(891,'Владикавказ',18,312000),(892,'Дигора',18,1),(893,'Моздок',18,1),(894,'Октябрьское',18,1),(895,'Чикола',18,1),(896,'Эльхотово',18,1),(897,'Алапаевск',19,1),(898,'Артемовский',19,1),(899,'Арти',19,1),(900,'Асбест',19,1),(901,'Ачит',19,1),(902,'Байкалово',19,1),(903,'Белоярский',19,1),(904,'Березовский',19,1),(905,'Богданович',19,1),(906,'Верхняя Пышма',19,1),(907,'Верхняя Салда',19,1),(908,'Верхотурье',19,1),(909,'Екатеринбург',19,1344000),(911,'Заречный',19,1),(912,'Ивдель',19,1),(913,'Ирбит',19,1),(914,'Каменск-Уральский',19,179000),(915,'Камышлов',19,1),(916,'Карпинск',19,1),(917,'Качканар',19,1),(918,'Кировград',19,1),(919,'Краснотурьинск',19,1),(920,'Красноуральск',19,1),(921,'Красноуфимск',19,1),(922,'Кушва',19,1),(923,'Невьянск',19,1),(924,'Нижние Серги',19,1),(925,'Нижний Тагил',19,373000),(926,'Нижняя Салда',19,1),(927,'Нижняя Тура',19,1),(928,'Новая Ляля',19,1),(929,'Новоуральск',19,1),(930,'Первоуральск',19,134000),(931,'Полевский',19,1),(932,'Пышма',19,1),(933,'Ревда',19,1),(934,'Реж',19,1),(935,'Североуральск',19,1),(936,'Серов',19,1),(937,'Сухой Лог',19,1),(938,'Сысерть',19,1),(939,'Таборы',19,1),(940,'Тавда',19,1),(941,'Талица',19,1),(942,'Тугулым',19,1),(943,'Туринская Слобода',19,1),(944,'Туринск',19,1),(945,'Шаля',19,1),(946,'Алатырь',20,1),(947,'Аликово',20,1),(948,'Батырево',20,1),(949,'Вурнары',20,1),(950,'Ибреси',20,1),(951,'Канаш',20,1),(952,'Козловка',20,1),(953,'Комсомольское',20,1),(954,'Красноармейское',20,1),(955,'Красные Четаи',20,1),(956,'Кугеси',20,1),(957,'Мариинский Посад',20,1),(958,'Моргауши',20,1),(959,'Порецкое',20,1),(960,'Урмары',20,1),(961,'Цивильск',20,1),(962,'Чебоксары',20,448000),(963,'Шемурша',20,1),(964,'Шумерля',20,1),(965,'Ядрин',20,1),(966,'Яльчики',20,1),(967,'Янтиково',20,1),(968,'Алдан',21,1),(969,'Амга',21,1),(970,'Батагай-Алыта',21,1),(971,'Бердигестях',21,1),(972,'Борогонцы',21,1),(973,'Верхневилюйск',21,1),(974,'Вилюйск',21,1),(975,'Ленск',21,1),(976,'Майя',21,1),(977,'Мирный',21,1),(978,'Намцы',21,1),(979,'Нерюнгри',21,1),(980,'Нюрба',21,1),(981,'Олекминск',21,1),(982,'Покровск',21,1),(983,'Сангар',21,1),(984,'Сунтар',21,1),(985,'Тикси',21,1),(986,'Усть-Мая',21,1),(987,'Хандыга',21,1),(988,'Чурапча',21,1),(989,'Ытык-Кюель',21,1),(990,'Якутск',21,268000),(991,'Алейск',22,1),(992,'Алтайское',22,1),(993,'Баево',22,1),(994,'Барнаул',22,598000),(995,'Белокуриха',22,1),(996,'Бийск',22,220000),(997,'Благовещенка',22,1),(998,'Бурла',22,1),(999,'Быстрый Исток',22,1),(1000,'Волчиха',22,1),(1001,'Гальбштадт',22,1),(1002,'Горняк',22,1),(1003,'Ельцовка',22,1),(1004,'Завьялово',22,1),(1005,'Залесово',22,1),(1006,'Заринск',22,1),(1007,'Змеиногорск',22,1),(1008,'Зональное',22,1),(1009,'Калманка',22,1),(1010,'Камень-на-Оби',22,1),(1011,'Ключи',22,1),(1012,'Косиха',22,1),(1013,'Кош-Агач',22,1),(1014,'Красногорское',22,1),(1015,'Краснощеково',22,1),(1016,'Крутиха',22,1),(1017,'Кулунда',22,1),(1018,'Курья',22,1),(1019,'Кытманово',22,1),(1020,'Мамонтово',22,1),(1021,'Михайловка',22,1),(1022,'Новичиха',22,1),(1023,'Новоалтайск',22,1),(1024,'Новоегорьевское',22,1),(1025,'Павловск',22,1),(1026,'Панкрушиха',22,1),(1027,'Петропавловское',22,1),(1028,'Поспелиха',22,1),(1029,'Ребриха',22,1),(1030,'Родино',22,1),(1031,'Романово',22,1),(1032,'Рубцовск',22,155000),(1033,'Славгород',22,1),(1034,'Смоленское',22,1),(1035,'Советское',22,1),(1036,'Солонешное',22,1),(1037,'Солтон',22,1),(1038,'Староалейское',22,1),(1039,'Табуны',22,1),(1040,'Тальменка',22,1),(1041,'Тогул',22,1),(1042,'Топчиха',22,1),(1043,'Троицкое',22,1),(1044,'Тюменцево',22,1),(1045,'Угловское',22,1),(1046,'Усть-Калманка',22,1),(1047,'Усть-Пристань',22,1),(1048,'Хабары',22,1),(1049,'Целинное',22,1),(1050,'Чарышское',22,1),(1051,'Шелаболиха',22,1),(1052,'Шипуново',22,1),(1053,'Александров',23,1),(1054,'Владимир',23,338000),(1055,'Гороховец',23,1),(1056,'Гусь Хрустальный',23,1),(1057,'Камешково',23,1),(1058,'Киржач',23,1),(1059,'Ковров',23,148000),(1060,'Кольчугино',23,1),(1061,'Красная Горбатка',23,1),(1062,'Меленки',23,1),(1063,'Муром',23,117000),(1064,'Петушки',23,1),(1065,'Радужный',23,1),(1066,'Собинка',23,1),(1067,'Судогда',23,1),(1068,'Суздаль',23,1),(1069,'Юрьев- Польский',23,1),(1070,'Александров Гай',24,1),(1071,'Аркадак',24,1),(1072,'Аткарск',24,1),(1073,'Базарный Карабулак',24,1),(1074,'Балаково',24,197000),(1075,'Балашов',24,1),(1076,'Балтай',24,1),(1077,'Вольск',24,1),(1078,'Воскресенское',24,1),(1079,'Горный',24,1),(1080,'Дергачи',24,1),(1081,'Духовницкое',24,1),(1082,'Екатериновка',24,1),(1083,'Ершов',24,1),(1084,'Ивантеевка',24,1),(1085,'Калининск',24,1),(1086,'Красноармейск',24,1),(1087,'Красный Кут',24,1),(1088,'Лысые Горы',24,1),(1089,'Маркс',24,1),(1090,'Мокроус',24,1),(1091,'Новоузенск',24,1),(1092,'Новые Бурасы',24,1),(1093,'Озинки',24,1),(1094,'Перелюб',24,1),(1095,'Петровск',24,1),(1096,'Питерка',24,1),(1097,'Пугачев',24,1),(1098,'Ровное',24,1),(1099,'Романовка',24,1),(1100,'Ртищево',24,1),(1101,'Самойловка',24,1),(1102,'Саратов',24,827000),(1103,'Степное',24,1),(1104,'Татищево',24,1),(1105,'Турки',24,1),(1106,'Хвалынск',24,1),(1107,'Энгельс',24,209000),(1108,'Александровское',25,1),(1109,'Арзгир',25,1),(1110,'Благодарный',25,1),(1111,'Буденновск',25,1),(1112,'Георгиевск',25,1),(1113,'Грачевка',25,1),(1114,'Дивное',25,1),(1115,'Ессентуки',25,1),(1116,'Железноводск',25,1),(1117,'Зеленокумск',25,1),(1118,'Изобильный',25,1),(1119,'Ипатово',25,1),(1120,'Кисловодск',25,129000),(1121,'Красногвардейское',25,1),(1122,'Курсавка',25,1),(1123,'Левокумское',25,1),(1124,'Лермонтов',25,1),(1125,'Летняя Ставка',25,1),(1126,'Минеральные Воды',25,1),(1127,'Невинномысск',25,128000),(1128,'Нефтекумск',25,1),(1129,'Новоалександровск',25,1),(1130,'Новопавловск',25,1),(1131,'Новоселицкое',25,1),(1132,'Пятигорск',25,143000),(1133,'Светлоград',25,1),(1134,'Ставрополь',25,369000),(1135,'Степное',25,1),(1136,'Александровское',26,1),(1137,'Асино',26,1),(1138,'Бакчар',26,1),(1139,'Белый Яр',26,1),(1140,'Зырянское',26,1),(1141,'Каргасок',26,1),(1142,'Кожевниково',26,1),(1143,'Колпашево',26,1),(1144,'Кривошеино',26,1),(1145,'Мельниково',26,1),(1146,'Молчаново',26,1),(1147,'Парабель',26,1),(1148,'Первомайское',26,1),(1149,'Подгорное',26,1),(1150,'Северск',26,107000),(1151,'Стрежевой',26,1),(1152,'Тегульдет',26,1),(1153,'Томск',26,509000),(1154,'Александровск',27,1),(1155,'Барда',27,1),(1156,'Березники',27,164000),(1157,'Березовка',27,1),(1158,'Большая Соснова',27,1),(1159,'Верещагино',27,1),(1160,'Горнозаводск',27,1),(1161,'Гремячинск',27,1),(1162,'Губаха',27,1),(1163,'Добрянка',27,1),(1164,'Елово',27,1),(1165,'Звездный',27,1),(1166,'Ильинский',27,1),(1167,'Карагай',27,1),(1168,'Кизел',27,1),(1169,'Красновишерск',27,1),(1170,'Краснокамск',27,1),(1171,'Кудымкар',27,1),(1172,'Куеда',27,1),(1173,'Кунгур',27,1),(1174,'Лысьва',27,1),(1175,'Нытва',27,1),(1176,'Октябрьский',27,1),(1177,'Орда',27,1),(1178,'Оса',27,1),(1179,'Оханск',27,1),(1180,'Очер',27,1),(1181,'Пермь',27,987000),(1182,'Сива',27,1),(1183,'Соликамск',27,1),(1184,'Суксун',27,1),(1185,'Уинское',27,1),(1186,'Усолье',27,1),(1187,'Усть-Кишерть',27,1),(1188,'Чайковский',27,1),(1189,'Частые',27,1),(1190,'Чердынь',27,1),(1191,'Чернушка',27,1),(1192,'Чусовой',27,1),(1193,'Александро-Невский',28,1),(1194,'Ермишь',28,1),(1195,'Кадом',28,1),(1196,'Караблино',28,1),(1197,'Касимов',28,1),(1198,'Милославское',28,1),(1199,'Михайлов',28,1),(1200,'Новомичуринск',28,1),(1201,'Пителино',28,1),(1202,'Пронск',28,1),(1203,'Путятино',28,1),(1204,'Рыбное',28,1),(1205,'Ряжск',28,1),(1206,'Рязань',28,509000),(1207,'Сапожок',28,1),(1208,'Сасово',28,1),(1209,'Скопин',28,1),(1210,'Солотча',28,1),(1211,'Спас-Клепики',28,1),(1212,'Спасск-Рязанский',28,1),(1213,'Старожилово',28,1),(1214,'Ухолово',28,1),(1215,'Чучково',28,1),(1216,'Шацк',28,1),(1217,'Шилово',28,1),(1218,'Алексеевка',29,1),(1219,'Белгород',29,363000),(1220,'Борисовка',29,1),(1221,'Валуйки',29,1),(1222,'Вейделевка',29,1),(1223,'Волоконовка',29,1),(1224,'Грайворон',29,1),(1225,'Губкин',29,1),(1226,'Ивня',29,1),(1227,'Короча',29,1),(1228,'Красногвардейское',29,1),(1229,'Красное',29,1),(1230,'Новый Оскол',29,1),(1231,'Прохоровка',29,1),(1232,'Ракитное',29,1),(1233,'Ровеньки',29,1),(1234,'Старый Оскол',29,222000),(1235,'Строитель',29,1),(1236,'Чернянка',29,1),(1237,'Шебекино',29,1),(1238,'Алексеевка',30,1),(1239,'Безенчук',30,1),(1240,'Большая Глушица',30,1),(1241,'Большая Черниговка',30,1),(1242,'Борское',30,1),(1243,'Жигулевск',30,1),(1244,'Исаклы',30,1),(1245,'Кинель',30,1),(1246,'Кинель-Черкасы',30,1),(1247,'Клявлино',30,1),(1248,'Кошки',30,1),(1249,'Красноармейское',30,1),(1250,'Красный Яр',30,1),(1251,'Нефтегорск',30,1),(1252,'Новокуйбышевск',30,110400),(1253,'Октябрьск',30,1),(1254,'Отрадный',30,1),(1255,'Пестровка',30,1),(1256,'Похвистнево',30,1),(1257,'Приволжье',30,1),(1258,'Самара',30,1134000),(1272,'Сергиевск',30,1),(1273,'Сызрань',30,179000),(1274,'Тольятти',30,722000),(1275,'Чапаевск',30,1),(1276,'Челно-Вершины',30,1),(1277,'Шентала',30,1),(1278,'Алексеевская',31,1),(1279,'Быково',31,1),(1280,'Волгоград',31,980000),(1281,'Волжский',31,305000),(1282,'Городище',31,1),(1283,'Даниловка',31,1),(1284,'Дубовка',31,1),(1285,'Елань',31,1),(1286,'Жирновск',31,1),(1287,'Иловля',31,1),(1288,'Калач-на-дону',31,1),(1289,'Камышин',31,116000),(1290,'Киквидзе',31,1),(1291,'Клетский',31,1),(1292,'Котельниково',31,1),(1293,'Котово',31,1),(1294,'Кумылженская',31,1),(1295,'Ленинск',31,1),(1296,'Михайловка',31,1),(1297,'Нехаевский',31,1),(1298,'Николаевск',31,1),(1299,'Новоаннинский',31,1),(1300,'Новониколаевский',31,1),(1301,'Октябрьский',31,1),(1302,'Ольховка',31,1),(1303,'Палласовка',31,1),(1304,'Преображенская',31,1),(1305,'Рудня',31,1),(1306,'Светлый Яр',31,1),(1307,'Серафимович',31,1),(1308,'Средняя Ахтуба',31,1),(1309,'Старая Полтавка',31,1),(1310,'Суровикино',31,1),(1311,'Урюпинск',31,1),(1312,'Фролово',31,1),(1313,'Чернышковский',31,1),(1314,'Алексин',32,1),(1315,'Арсеньево',32,1),(1316,'Архангельское',32,1),(1317,'Белев',32,1),(1318,'Богородицк',32,1),(1319,'Венев',32,1),(1320,'Волово',32,1),(1321,'Донской',32,1),(1322,'Дубна',32,1),(1323,'Ефремов',32,1),(1324,'Заокский',32,1),(1325,'Кимовск',32,1),(1326,'Киреевск',32,1),(1327,'Куркино',32,1),(1328,'Ленинский',32,1),(1329,'Новомосковск',32,131000),(1330,'Одоев',32,1),(1331,'Плавск',32,1),(1332,'Суворов',32,1),(1333,'Теплое',32,1),(1334,'Тула',32,492000),(1335,'Узловая',32,1),(1336,'Чернь',32,1),(1337,'Щекино',32,1),(1338,'Ясногорск',32,1),(1339,'Алнаши',33,1),(1340,'Балезино',33,1),(1341,'Вавож',33,1),(1342,'Воткинск',33,1),(1343,'Глазов',33,1),(1344,'Грахово',33,1),(1345,'Дебесы',33,1),(1346,'Завьялово',33,1),(1347,'Игра',33,1),(1348,'Ижевск',33,611000),(1349,'Камбарка',33,1),(1350,'Каракулино',33,1),(1351,'Кез',33,1),(1352,'Кизнер',33,1),(1353,'Киясово',33,1),(1354,'Красногорское',33,1),(1355,'Малая Пурга',33,1),(1356,'Можга',33,1),(1357,'Сарапул',33,1),(1358,'Селты',33,1),(1359,'Сюмси',33,1),(1360,'Ува',33,1),(1361,'Шаркан',33,1),(1362,'Юкаменское',33,1),(1363,'Якшур-бодья',33,1),(1364,'Яр',33,1),(1365,'Альменево',34,1),(1366,'Белозерское',34,1),(1367,'Варгаши',34,1),(1368,'Глядянское',34,1),(1369,'Далматово',34,1),(1370,'Звериноголовское',34,1),(1371,'Каргаполье',34,1),(1372,'Катайск',34,1),(1373,'Кетово',34,1),(1374,'Курган',34,322000),(1375,'Куртамыш',34,1),(1376,'Лебяжье',34,1),(1377,'Макушино',34,1),(1378,'Мишкино',34,1),(1379,'Мокроусово',34,1),(1380,'Петухово',34,1),(1381,'Половинное',34,1),(1382,'Сафакулево',34,1),(1383,'Целинное',34,1),(1384,'Частоозерье',34,1),(1385,'Шадринск',34,1),(1386,'Шатрово',34,1),(1387,'Шумиха',34,1),(1388,'Щучье',34,1),(1389,'Юргамыш',34,1),(1390,'Амурск',35,1),(1391,'Аян',35,1),(1392,'Бикин',35,1),(1393,'Богородское',35,1),(1394,'Ванино',35,1),(1395,'Вяземский',35,1),(1396,'Комсомольск-на-Амуре',35,270000),(1397,'Николаевск-на-Амуре',35,1),(1398,'Охотск',35,1),(1399,'Переяславка',35,1),(1400,'Полина Осипенко',35,1),(1401,'Советская Гавань',35,1),(1402,'Солнечный',35,1),(1403,'Троицкое',35,1),(1404,'Хабаровск',35,581000),(1405,'Чегдомын',35,1),(1406,'Чумикан',35,1),(1407,'Анадырь',36,1),(1408,'Ангарск',37,241000),(1409,'Братск',37,250000),(1410,'Железногорск-Илимский',37,1),(1411,'Залари',37,1),(1412,'Зима',37,1),(1413,'Иркутск',37,581000),(1414,'Казачинское',37,1),(1415,'Киренск',37,1),(1416,'Новонукутский',37,1),(1417,'Тайшет',37,1),(1418,'Усолье-Сибирское',37,1),(1419,'Усть-Илимск',37,1),(1420,'Усть-Кут',37,1),(1421,'Усть-Уда',37,1),(1422,'Черемхово',37,1),(1423,'Чунский',37,1),(1424,'Шелехов',37,1),(1425,'Анжеро-Судженск',38,1),(1426,'Белово',38,1),(1427,'Березовский',38,1),(1428,'Верх-Чебула',38,1),(1429,'Гурьевск',38,1),(1430,'Ижморский',38,1),(1431,'Кемерово',38,521000),(1432,'Киселевск',38,1),(1433,'Крапивинский',38,1),(1434,'Ленинск-Кузнецкий',38,104600),(1435,'Мариинск',38,1),(1436,'Междуреченск',38,104000),(1437,'Мыски',38,1),(1438,'Новокузнецк',38,564000),(1439,'Осинники',38,1),(1440,'Прокопьевск',38,211000),(1441,'Промышленная',38,1),(1442,'Тайга',38,1),(1443,'Таштагол',38,1),(1444,'Тисуль',38,1),(1445,'Топки',38,1),(1446,'Тяжинский',38,1),(1447,'Юрга',38,1),(1448,'Яшкино',38,1),(1449,'Яя',38,1),(1450,'Анна',39,1),(1451,'Бобров',39,1),(1452,'Богучар',39,1),(1453,'Борисоглебск',39,1),(1454,'Бутурлиновка',39,1),(1455,'Верхний Мамон',39,1),(1456,'Верхняя Хава',39,1),(1457,'Воробьевка',39,1),(1458,'Воронеж',39,848000),(1459,'Грибановский',39,1),(1460,'Калач',39,1),(1461,'Каменка',39,1),(1462,'Кантемировка',39,1),(1463,'Каширское',39,1),(1464,'Лиски',39,1),(1465,'Нижнедевицк',39,1),(1466,'Новая Усмань',39,1),(1467,'Нововоронеж',39,1),(1468,'Новохоперск',39,1),(1469,'Ольховатка',39,1),(1470,'Острогожск',39,1),(1471,'Павловск',39,1),(1472,'Панино',39,1),(1473,'Петропавловка',39,1),(1474,'Поворино',39,1),(1475,'Подгоренский',39,1),(1476,'Рамонь',39,1),(1477,'Репьевка',39,1),(1478,'Россия - федеральные сотовые н',39,1),(1479,'Семилуки',39,1),(1480,'Таловая',39,1),(1481,'Терновка',39,1),(1482,'Хохольский',39,1),(1483,'Эртиль',39,1),(1484,'Антропово',40,1),(1485,'Боговарово',40,1),(1486,'Буй',40,1),(1487,'Волгореченск',40,1),(1488,'Вохма',40,1),(1489,'Галич',40,1),(1490,'Георгиевское',40,1),(1491,'Кадый',40,1),(1492,'Кологрив',40,1),(1493,'Кострома',40,270000),(1494,'Красное-на-Волге',40,1),(1495,'Макарьев',40,1),(1496,'Мантурово',40,1),(1497,'Нерехта',40,1),(1498,'Нея',40,1),(1499,'Островское',40,1),(1500,'Павино',40,1),(1501,'Парфеньево',40,1),(1502,'Поназырево',40,1),(1503,'Пыщуг',40,1),(1504,'Солигалич',40,1),(1505,'Судиславль',40,1),(1506,'Сусанино',40,1),(1507,'Чухлома',40,1),(1508,'Шарья',40,1),(1509,'Анучино',41,1),(1510,'Арсеньев',41,1),(1511,'Артем',41,1),(1512,'Большой Камень',41,1),(1513,'Владивосток',41,617000),(1514,'Владимиро-Александровское',41,1),(1515,'Вольно-Надеждинское',41,1),(1516,'Дальнегорск',41,1),(1517,'Дальнереченск',41,1),(1518,'Кавалерово',41,1),(1519,'Камень-Рыболов',41,1),(1520,'Кировский',41,1),(1521,'Лазо',41,1),(1522,'Лесозаводск',41,1),(1523,'Лучегорск',41,1),(1524,'Михайловка',41,1),(1525,'Находка',41,166000),(1526,'Ольга',41,1),(1527,'Партизанск',41,1),(1528,'Пограничный',41,1),(1529,'Покровка',41,1),(1530,'Славянка',41,1),(1531,'Спасск-Дальний',41,1),(1532,'Терней',41,1),(1533,'Уссурийск',41,153000),(1534,'Фокино',41,1),(1535,'Хороль',41,1),(1536,'Черниговка',41,1),(1537,'Чугуевка',41,1),(1538,'Яковлевка',41,1),(1539,'Апатиты',42,1),(1540,'Заозерск',42,1),(1541,'Заполярный',42,1),(1542,'Кандалакша',42,1),(1543,'Кировск',42,1),(1544,'Ковдор',42,1),(1545,'Кола',42,1),(1546,'Ловозеро',42,1),(1547,'Мончегорск',42,1),(1548,'Мурманск',42,309000),(1549,'Никель',42,1),(1550,'Оленегорск',42,1),(1551,'Полярные Зори',42,1),(1552,'Полярный',42,1),(1553,'Североморск',42,1),(1554,'Скалистый',42,1),(1555,'Снежногрск',42,1),(1556,'Умба',42,1),(1557,'Арбаж',43,1),(1558,'Белая Холуница',43,1),(1559,'Богородское',43,1),(1560,'Верхошижемье',43,1),(1561,'Вятские Поляны',43,1),(1562,'Даровский',43,1),(1563,'Зуевка',43,1),(1564,'Кикнур',43,1),(1565,'Кильмезь',43,1),(1566,'Киров',43,464000),(1567,'Кирово-Чепецк',43,1),(1568,'Кирс',43,1),(1569,'Котельнич',43,1),(1570,'Кумены',43,1),(1571,'Лебяжье',43,1),(1572,'Ленинское',43,1),(1573,'Луза',43,1),(1574,'Малмыж',43,1),(1575,'Мураши',43,1),(1576,'Нагорск',43,1),(1577,'Нема',43,1),(1578,'Нолинск',43,1),(1579,'Омутнинск',43,1),(1580,'Опарино',43,1),(1581,'Оричи',43,1),(1582,'Орлов',43,1),(1583,'Пижанка',43,1),(1584,'Подосиновец',43,1),(1585,'Санчурск',43,1),(1586,'Свеча',43,1),(1587,'Слободской',43,1),(1588,'Советск',43,1),(1589,'Суна',43,1),(1590,'Тужа',43,1),(1591,'Уни',43,1),(1592,'Уржум',43,1),(1593,'Фаленки',43,1),(1594,'Юрья',43,1),(1595,'Яранск',43,1),(1596,'Аргун',44,1),(1597,'Ачхой-Мартан',44,1),(1598,'Ведено',44,1),(1599,'Грозный',44,251000),(1600,'Гудермес',44,1),(1601,'Знаменское',44,1),(1602,'Малгобек',44,1),(1603,'Ножай-Юрт',44,1),(1604,'Урус-Мартан',44,1),(1605,'Шали',44,1),(1606,'Шатой',44,1),(1607,'Ардатов',45,1),(1608,'Атюрьево',45,1),(1609,'Атяшево',45,1),(1610,'Большие Березняки',45,1),(1611,'Большое Игнатово',45,1),(1612,'Дубенки',45,1),(1613,'Ельники',45,1),(1614,'Зубова Поляна',45,1),(1615,'Инсар',45,1),(1616,'Кадошкино',45,1),(1617,'Кемля',45,1),(1618,'Ковылкино',45,1),(1619,'Кочкурово',45,1),(1620,'Краснослободск',45,1),(1621,'Лямбирь',45,1),(1622,'Ромоданово',45,1),(1623,'Рузаевка',45,1),(1624,'Саранск',45,296000),(1625,'Старое Шайгово',45,1),(1626,'Темников',45,1),(1627,'Теньгушево',45,1),(1628,'Торбеево',45,1),(1629,'Чамзинка',45,1),(1630,'Явас',45,1),(1631,'Ардатов',46,1),(1632,'Арзамас',46,105300),(1633,'Балахна',46,1),(1634,'Богородск',46,1),(1635,'Большое Болдино',46,1),(1636,'Большое Мурашкино',46,1),(1637,'Бор',46,1),(1638,'Бутурлино',46,1),(1639,'Вад',46,1),(1640,'Варнавино',46,1),(1641,'Вача',46,1),(1642,'Ветлуга',46,1),(1643,'Вознесенское',46,1),(1644,'Воротынец',46,1),(1645,'Воскресенское',46,1),(1646,'Выкса',46,1),(1647,'Гагино',46,1),(1648,'Городец',46,1),(1649,'Дальнее Константиново',46,1),(1650,'Дзержинск',46,244000),(1651,'Дивеево',46,1),(1652,'Заволжье',46,1),(1653,'Княгинино',46,1),(1654,'Ковернино',46,1),(1655,'Красные Баки',46,1),(1656,'Кстово',46,1),(1657,'Кулебаки',46,1),(1658,'Лукоянов',46,1),(1659,'Лысково',46,1),(1660,'Навашино',46,1),(1661,'Нижний Новгород',46,1271000),(1665,'Павлово',46,1),(1666,'Первомайск',46,1),(1667,'Перевоз',46,1),(1668,'Пильна',46,1),(1669,'Починки',46,1),(1670,'Саров',46,1),(1671,'Семенов',46,1),(1672,'Сергач',46,1),(1673,'Сеченово',46,1),(1674,'Сосновское',46,1),(1675,'Спасское',46,1),(1676,'Тонкино',46,1),(1677,'Уразовка',46,1),(1678,'Урень',46,1),(1679,'Чкаловск',46,1),(1680,'Шаранга',46,1),(1681,'Шатки',46,1),(1682,'Шахунья',46,1),(1683,'Архангельск',47,348000),(1684,'Березник',47,1),(1685,'Вельск',47,1),(1686,'Верхняя Тойма',47,1),(1687,'Ильинско-Подомское',47,1),(1688,'Каргополь',47,1),(1689,'Карпогоры',47,1),(1690,'Коноша',47,1),(1691,'Коряжма',47,1),(1692,'Котлас',47,1),(1693,'Красноборск',47,1),(1694,'Лешуконское',47,1),(1695,'Мезень',47,1),(1696,'Мирный',47,1),(1697,'Нарьян-Мар',47,1),(1698,'Новодвинск',47,1),(1699,'Няндома',47,1),(1700,'Октябрьский',47,1),(1701,'Онега',47,1),(1702,'о.Соловки',47,1),(1703,'Плесецк',47,1),(1704,'Северодвинск',47,187000),(1705,'Холмогоры',47,1),(1706,'Шенкурск',47,1),(1707,'Яренск',47,1),(1708,'Астрахань',48,506000),(1709,'Ахтубинск',48,1),(1710,'Володарский',48,1),(1711,'Енотаевка',48,1),(1712,'Знаменск',48,1),(1713,'Икряное',48,1),(1714,'Камызяк',48,1),(1715,'Красный Яр',48,1),(1716,'Лиман',48,1),(1717,'Нариманов',48,1),(1718,'Началово',48,1),(1719,'Харабали',48,1),(1720,'Черный Яр',48,1),(1721,'Ачайваям',49,1),(1722,'Вилючинск-3',49,1),(1723,'Вилючинск',49,1),(1724,'Елизово',49,1),(1725,'Каменское',49,1),(1726,'Ключи',49,1),(1727,'Корф',49,1),(1728,'Мильково',49,1),(1729,'Оссора',49,1),(1730,'Палана',49,1),(1731,'Пахачи',49,1),(1732,'Петропавловск-Камчатский',49,194000),(1733,'Соболево',49,1),(1734,'Средние Пахачи',49,1),(1735,'Тигиль',49,1),(1736,'Тиличики',49,1),(1737,'Усть-Большерецк',49,1),(1738,'Усть-Камчатск',49,1),(1739,'Усть-Хайрюзово',49,1),(1740,'Эссо',49,1),(1741,'Бабаево',50,1),(1742,'Белозерск',50,1),(1743,'Великий Устюг',50,1),(1744,'Верховажье',50,1),(1745,'Вожега',50,1),(1746,'Вологда',50,286000),(1747,'Вытегра',50,1),(1748,'Грязовец',50,1),(1749,'Кадуй',50,1),(1750,'Кириллов',50,1),(1751,'Кичменгский Городок',50,1),(1752,'Липин Бор',50,1),(1753,'Никольск',50,1),(1754,'Нюксеница',50,1),(1755,'Село Им. Бабушкина',50,1),(1756,'Сокол',50,1),(1757,'Сямжа',50,1),(1758,'Тарногский Городок',50,1),(1759,'Тотьма',50,1),(1760,'Устье',50,1),(1761,'Устюжна',50,1),(1762,'Харовск',50,1),(1763,'Чагода',50,1),(1764,'Череповец',50,310000),(1765,'Шексна',50,1),(1766,'Шуйское',50,1),(1767,'Бабынино',51,1),(1768,'Балабаново',51,1),(1769,'Боровск',51,1),(1770,'Думиничи',51,1),(1771,'Жиздра',51,1),(1772,'Жуково',51,1),(1773,'Калуга',51,328000),(1774,'Киров',51,1),(1775,'Козельск',51,1),(1776,'Кондрово',51,1),(1777,'Людиново',51,1),(1778,'Малоярославец',51,1),(1779,'Медынь',51,1),(1780,'Мещовск',51,1),(1781,'Мосальск',51,1),(1782,'Обнинск',51,105600),(1783,'Перемышль',51,1),(1784,'Спас-Деменск',51,1),(1785,'Сухиничи',51,1),(1786,'Таруса',51,1),(1787,'Ульяново',51,1),(1788,'Ферзиково',51,1),(1789,'Хвастовичи',51,1),(1790,'Юхнов',51,1),(1791,'Баган',52,1),(1792,'Барабинск',52,1),(1793,'Бердск',52,1),(1794,'Болотное',52,1),(1795,'Венгерово',52,1),(1796,'Довольное',52,1),(1797,'Здвинск',52,1),(1798,'Искитим',52,1),(1799,'Карасук',52,1),(1800,'Каргат',52,1),(1801,'Колывань',52,1),(1802,'Коченево',52,1),(1803,'Кочки',52,1),(1804,'Краснозерское',52,1),(1805,'Куйбышев',52,1),(1806,'Купино',52,1),(1807,'Кыштовка',52,1),(1808,'Маслянино',52,1),(1809,'Мошково',52,1),(1810,'Новосибирск',52,1409000),(1812,'Обь',52,1),(1813,'Ордынское',52,1),(1814,'Северное',52,1),(1815,'Сузун',52,1),(1816,'Татарск',52,1),(1817,'Тогучин',52,1),(1818,'Убинское',52,1),(1819,'Усть-Тарка',52,1),(1820,'Чаны',52,1),(1821,'Черепаново',52,1),(1822,'Чистоозерное',52,1),(1823,'Чулым',52,1),(1824,'Базарный Сызган',53,1),(1825,'Барыш',53,1),(1826,'Большое Нагаткино',53,1),(1827,'Вешкайма',53,1),(1828,'Димитровград',53,127500),(1829,'Инза',53,1),(1830,'Ишеевка',53,1),(1831,'Карсун',53,1),(1832,'Кузоватово',53,1),(1833,'Майна',53,1),(1834,'Николаевка',53,1),(1835,'Новая Малыкла',53,1),(1836,'Новоспасское',53,1),(1837,'Новоульяновск',53,1),(1838,'Павловка',53,1),(1839,'Радищево',53,1),(1840,'Сенгилей',53,1),(1841,'Старая Кулатка',53,1),(1842,'Старая Майна',53,1),(1843,'Сурское',53,1),(1844,'Тереньга',53,1),(1845,'Ульяновск',53,603000),(1846,'Чердаклы',53,1),(1847,'Байконур',54,1),(1848,'Горно-Алтайск',54,1),(1849,'Майма',54,1),(1850,'Онгудай',54,1),(1851,'Турочак',54,1),(1852,'Усть-Кан',54,1),(1853,'Чоя',54,1),(1854,'Шебалино',54,1),(1855,'Баксан',55,1),(1856,'Залукокоаже',55,1),(1857,'Кошхатау',55,1),(1858,'Майский',55,1),(1859,'Нальчик',55,269000),(1860,'Нарткала',55,1),(1861,'Прохладный',55,1),(1862,'Советское',55,1),(1863,'Терек',55,1),(1864,'Терскол',55,1),(1865,'Тырныауз',55,1),(1866,'Чегем Первый',55,1),(1867,'Баргузин',56,1),(1868,'Бичура',56,1),(1869,'Гусиноозерск',56,1),(1870,'Закаменск',56,1),(1871,'Иволгинск',56,1),(1872,'Кижинга',56,1),(1873,'Курумкан',56,1),(1874,'Кяхта',56,1),(1875,'Мухоршибирь',56,1),(1876,'Петропавловка',56,1),(1877,'Северобайкальск',56,1),(1878,'Сосново-Озерское',56,1),(1879,'Тарбагатай',56,1),(1880,'Турунтаево',56,1),(1881,'Улан-Удэ',56,377000),(1882,'Хоринск',56,1),(1883,'Батецкий',57,1),(1884,'Боровичи',57,1),(1885,'Валдай',57,1),(1886,'Великий Новгород',57,215000),(1887,'Волот',57,1),(1888,'Демянск',57,1),(1889,'Крестцы',57,1),(1890,'Любытино',57,1),(1891,'Малая Вишера',57,1),(1892,'Марево',57,1),(1893,'Мошенское',57,1),(1894,'Окуловка',57,1),(1895,'Парфино',57,1),(1896,'Пестово',57,1),(1897,'Поддорье',57,1),(1898,'Сольцы',57,1),(1899,'Старая Русса',57,1),(1900,'Хвойная',57,1),(1901,'Холм',57,1),(1902,'Чудово',57,1),(1903,'Шимск',57,1),(1904,'Башмаково',58,1),(1905,'Беднодемьяновск',58,1),(1906,'Беково',58,1),(1907,'Белинский',58,1),(1908,'Бессоновка',58,1),(1909,'Вадинск',58,1),(1910,'Городище',58,1),(1911,'Земетчино',58,1),(1912,'Исса',58,1),(1913,'Каменка',58,1),(1914,'Колышлей',58,1),(1915,'Кондоль',58,1),(1916,'Кузнецк',58,1),(1917,'Лопатино',58,1),(1918,'Лунино',58,1),(1919,'Малая Сердоба',58,1),(1920,'Мокшан',58,1),(1921,'Наровчат',58,1),(1922,'Неверкино',58,1),(1923,'Нижний Ломов',58,1),(1924,'Никольск',58,1),(1925,'Пачелма',58,1),(1926,'Пенза',58,506000),(1927,'Русский Камешкир',58,1),(1928,'Сердобск',58,1),(1929,'Сосновоборск',58,1),(1930,'Тамала',58,1),(1931,'Шемышейка',58,1),(1932,'Бежаницы',59,1),(1933,'Великие Луки',59,1),(1934,'Гдов',59,1),(1935,'Дедовичи',59,1),(1936,'Дно',59,1),(1937,'Красногородское',59,1),(1938,'Кунья',59,1),(1939,'Локня',59,1),(1940,'Невель',59,1),(1941,'Новоржев',59,1),(1942,'Новосокольники',59,1),(1943,'Опочка',59,1),(1944,'Остров',59,1),(1945,'Палкино',59,1),(1946,'Печоры',59,1),(1947,'Плюсса',59,1),(1948,'Порхов',59,1),(1949,'Псков',59,192000),(1950,'Пустошка',59,1),(1951,'Пушкинские Горы',59,1),(1952,'Пыталово',59,1),(1953,'Себеж',59,1),(1954,'Струги- Красные',59,1),(1955,'Усвяты',59,1),(1956,'Белая',60,1),(1957,'Большое Солдатское',60,1),(1958,'Глушково',60,1),(1959,'Горшечное',60,1),(1960,'Дмитриев-Льговский',60,1),(1961,'Железногорск',60,1),(1962,'Золотухино',60,1),(1963,'Касторное',60,1),(1964,'Конышевка',60,1),(1965,'Коренево',60,1),(1966,'Курск',60,414000),(1967,'Курчатов',60,1),(1968,'Кшенский',60,1),(1969,'Льгов',60,1),(1970,'Мантурово',60,1),(1971,'Медвенка',60,1),(1972,'Обоянь',60,1),(1973,'Поныри',60,1),(1974,'Пристень',60,1),(1975,'Прямицыно',60,1),(1976,'Рыльск',60,1),(1977,'Солнцево',60,1),(1978,'Суджа',60,1),(1979,'Тим',60,1),(1980,'Фатеж',60,1),(1981,'Хомутивка',60,1),(1982,'Черемисиново',60,1),(1983,'Щигры',60,1),(1984,'Белогорск',61,1),(1985,'Благовещенск',61,206000),(1986,'Завитинск',61,1),(1987,'Зея',61,1),(1988,'Ивановка',61,1),(1989,'Константиновка',61,1),(1990,'Новокиевский Увал',61,1),(1991,'Райчихинск',61,1),(1992,'Свободный',61,1),(1993,'Серышево',61,1),(1994,'Сковородино',61,1),(1995,'Тында',61,1),(1996,'Шимановск',61,1),(1997,'Беломорск',62,1),(1998,'Калевала',62,1),(1999,'Кемь',62,1),(2000,'Кондопога',62,1),(2001,'Костомукша',62,1),(2002,'Лахденпохья',62,1),(2003,'Лоухи',62,1),(2004,'Медвежьегорск',62,1),(2005,'Муезерский',62,1),(2006,'Олонец',62,1),(2007,'Петрозаводск',62,271000),(2008,'Питкяранта',62,1),(2009,'Пряжа',62,1),(2010,'Пудож',62,1),(2011,'Сегежа',62,1),(2012,'Сортавала',62,1),(2013,'Суоярви',62,1),(2014,'Белоярский',63,1),(2015,'Березово',63,1),(2016,'Когалым',63,1),(2017,'Кондинское',63,1),(2018,'Лангепас',63,1),(2019,'Лянтор',63,1),(2020,'Мегион',63,1),(2021,'Междуреченский',63,1),(2022,'Нефтеюганск',63,119000),(2023,'Нижневартовск',63,250000),(2024,'Нягань',63,1),(2025,'Октябрьское',63,1),(2026,'Пыть-ях',63,1),(2027,'Радужный',63,1),(2028,'Советский',63,1),(2029,'Сургут',63,302000),(2030,'Урай',63,1),(2031,'Ханты-мансийск',63,1),(2032,'Биробиджан',64,1),(2033,'Бокситогорск',65,1),(2034,'Волосово',65,1),(2035,'Волхов',65,1),(2036,'Всеволожск',65,1),(2037,'Выборг',65,1),(2038,'Гатчина',65,1),(2039,'Кингесепп',65,1),(2040,'Кириши',65,1),(2041,'Кировск',65,1),(2042,'Лодейное Поле',65,1),(2043,'Ломоносов',65,1),(2044,'Луга',65,1),(2045,'Пикалево',65,1),(2046,'Подпорожье',65,1),(2047,'Приозерск',65,1),(2048,'Санкт-Петербург',65,4600000),(2049,'Сланцы',65,1),(2050,'Сосновый Бор',65,1),(2051,'Тихвин',65,1),(2052,'Тосно',65,1),(2053,'Болхов',66,1),(2054,'Верховье',66,1),(2055,'Глазуновка',66,1),(2056,'Дмитровск-Орловский',66,1),(2057,'Залегощь',66,1),(2058,'Змиевка',66,1),(2059,'Знаменское',66,1),(2060,'Колпна',66,1),(2061,'Кромы',66,1),(2062,'Ливны',66,1),(2063,'Малоархангельское',66,1),(2064,'Мценск',66,1),(2065,'Нарышкино',66,1),(2066,'Орел',66,1),(2067,'Покровское',66,1),(2068,'Тросна',66,1),(2069,'Большое Село',67,1),(2070,'Борисоглебский',67,1),(2071,'Брейтово',67,1),(2072,'Гаврилов-ям',67,1),(2073,'Данилов',67,1),(2074,'Любим',67,1),(2075,'Мышкин',67,1),(2076,'Некрасовское',67,1),(2077,'Новый Некоуз',67,1),(2078,'Переяславль-Залесский',67,1),(2079,'Пошехонье',67,1),(2080,'Пречистое',67,1),(2081,'Ростов',67,1),(2082,'Рыбинск',67,207000),(2083,'Тугаев',67,1),(2084,'Углич',67,1),(2085,'Ярославль',67,607000),(2086,'Большой Царын',68,1),(2087,'Городовиковск',68,1),(2088,'Ики-Бурул',68,1),(2089,'Каспийский',68,1),(2090,'Кетченеры',68,1),(2091,'Комсомольский',68,1),(2092,'Приютное',68,1),(2093,'Садовое',68,1),(2094,'Троицкое',68,1),(2095,'Цаган Аман',68,1),(2096,'Элиста',68,103000),(2097,'Яшалта',68,1),(2098,'Яшкуль',68,1),(2099,'Бондари',69,1),(2100,'Гавриловка-2',69,1),(2101,'Дмитриевка',69,1),(2102,'Жердевка',69,1),(2103,'Знаменка',69,1),(2104,'Инжавино',69,1),(2105,'Кирсанов',69,1),(2106,'Котовск',69,1),(2107,'Мичуринск',69,1),(2108,'Мордово',69,1),(2109,'Моршанск',69,1),(2110,'Мучкапский',69,1),(2111,'Первомайский',69,1),(2112,'Петровское',69,1),(2113,'Пичаево',69,1),(2114,'Рассказово',69,1),(2115,'Ржакса',69,1),(2116,'Сатинка',69,1),(2117,'Сосновка',69,1),(2118,'Староюрьево',69,1),(2119,'Тамбов',69,278000),(2120,'Токаревка',69,1),(2121,'Уварово',69,1),(2122,'Умет',69,1),(2123,'Брянск',70,409000),(2124,'Выгоничи',70,1),(2125,'Гордеевка',70,1),(2126,'Дубровка',70,1),(2127,'Дятьково',70,1),(2128,'Жиратино',70,1),(2129,'Жуковка',70,1),(2130,'Злынка',70,1),(2131,'Карачев',70,1),(2132,'Клетня',70,1),(2133,'Климово',70,1),(2134,'Клинцы',70,1),(2135,'Комаричи',70,1),(2136,'Красная Горка',70,1),(2137,'Локоть',70,1),(2138,'Мглин',70,1),(2139,'Навля',70,1),(2140,'Новозыбков',70,1),(2141,'Погар',70,1),(2142,'Почеп',70,1),(2143,'Рогнедино',70,1),(2144,'Севск',70,1),(2145,'Стародуб',70,1),(2146,'Суземка',70,1),(2147,'Сураж',70,1),(2148,'Трубачевск',70,1),(2149,'Унеча',70,1),(2150,'Велиж',71,1),(2151,'Вязяма',71,1),(2152,'Гагарин',71,1),(2153,'Глинка',71,1),(2154,'Демидов',71,1),(2155,'Десногорск',71,1),(2156,'Дорогобуж',71,1),(2157,'Духовщина',71,1),(2158,'Ельня',71,1),(2159,'Ершичи',71,1),(2160,'Кардымово',71,1),(2161,'Красный',71,1),(2162,'Монастырщина',71,1),(2163,'Новодугино',71,1),(2164,'Починок',71,1),(2165,'Рославль',71,1),(2166,'Рудня',71,1),(2167,'Сафоново',71,1),(2168,'Смоленск',71,314000),(2169,'Сычевка',71,1),(2170,'Темкино',71,1),(2171,'Угра',71,1),(2172,'Хиславичи',71,1),(2173,'Холм-Жирковский',71,1),(2174,'Шумячи',71,1),(2175,'Ярцево',71,1),(2176,'Верхний Ландех',72,1),(2177,'Вичуга',72,1),(2178,'Гаврилов Посад',72,1),(2179,'Иваново',72,403000),(2180,'Ильинское-Хованское',72,1),(2181,'Кинешма',72,1),(2182,'Комсомольск',72,1),(2183,'Лежнево',72,1),(2184,'Палех',72,1),(2185,'Пестяки',72,1),(2186,'Приволжск',72,1),(2187,'Пучеж',72,1),(2188,'Родники',72,1),(2189,'Савино',72,1),(2190,'Тейково',72,1),(2191,'Фурманов',72,1),(2192,'Шуя',72,1),(2193,'Южа',72,1),(2194,'Юрьевич',72,1),(2195,'Волжск',73,1),(2196,'Звенигово',73,1),(2197,'Йошкар-ола',73,1),(2198,'Килемары',73,1),(2199,'Козьмодемьянск',73,1),(2200,'Куженер',73,1),(2201,'Морки',73,1),(2202,'Новый Торъял',73,1),(2203,'Оршанка',73,1),(2204,'Параньга',73,1),(2205,'Сернур',73,1),(2206,'Советский',73,1),(2207,'Юрино',73,1),(2208,'Волово',74,1),(2209,'Грязи',74,1),(2210,'Данков',74,1),(2211,'Добринка',74,1),(2212,'Доброе',74,1),(2213,'Долгоруково',74,1),(2214,'Елец',74,110400),(2215,'Задонск',74,1),(2216,'Измалково',74,1),(2217,'Красное',74,1),(2218,'Лебедянь',74,1),(2219,'Лев Толстой',74,1),(2220,'Липецк',74,502000),(2221,'Становое',74,1),(2222,'Тербуны',74,1),(2223,'Усмань',74,1),(2224,'Хлевное',74,1),(2225,'Чаплыгин',74,1),(2226,'Волоколамск',75,1),(2227,'Воскресенск',75,1),(2228,'Голицыно',75,1),(2229,'Дмитров',75,1),(2230,'Домодедово',75,1),(2231,'Дубна',75,1),(2232,'Егорьевск',75,1),(2233,'Жуковский',75,105000),(2234,'Зарайск',75,1),(2235,'Звенигород',75,1),(2236,'Истра',75,1),(2237,'Клин',75,1),(2238,'Коломна',75,148000),(2239,'Лотошино',75,1),(2240,'Луховицы',75,1),(2241,'Можайск',75,1),(2242,'Москва',75,10563000),(2243,'Наро-Фоминск',75,1),(2244,'Ногинск',75,116000),(2245,'Озеры',75,1),(2246,'Орехово-Зуево',75,121000),(2247,'Павловский Посад',75,1),(2248,'Подольск',75,183000),(2249,'Пушкино',75,1),(2250,'Раменское',75,1),(2251,'Руза',75,1),(2252,'Сергиев Посад',75,106000),(2253,'Серебрянные Пруды',75,1),(2254,'Серпухов',75,123000),(2255,'Солнечногорск',75,1),(2256,'Ступино',75,1),(2257,'Талдом',75,1),(2258,'Троицк',75,1),(2259,'Черноголовка',75,1),(2260,'Чехов',75,1),(2261,'Шатура',75,1),(2262,'Шаховская',75,1),(2263,'Щелково',75,1),(2264,'Электросталь',75,146000),(2265,'Дербент',76,112500),(2266,'Касумкент',76,1),(2267,'Кизляр',76,1),(2268,'Курах',76,1),(2269,'Махачкала',76,469000),(2270,'Кызыл',77,110000),(2271,'Магадан',78,1),(2272,'Омсукчан',78,1),(2273,'Палатка',78,1),(2274,'Сеймчан',78,1),(2275,'Сусуман',78,1),(2276,'Усть-Омчуг',78,1),(2277,'Макаров',79,1),(2278,'Южно-Сахалинск',79,175000),(2279,'Назрань',80,139000),(2280,'Усть-Ордынский',81,1);

/*Data for the table `comment` */

/*Data for the table `country` */

insert  into `country`(`id`,`name`) values (1,'Россия');

/*Data for the table `fish` */

insert  into `fish`(`id`,`name`) values (3,'Карась'),(1,'Окунь'),(2,'Щука');

/*Data for the table `fish_event` */

/*Data for the table `fish_event_type` */

/*Data for the table `friend` */

/*Data for the table `inbox` */

insert  into `inbox`(`id`,`name`,`message`,`created_by`,`updated_by`,`created_at`,`updated_at`) values (1,'Есть чо?','дададада?',1,1,'2010-05-19 18:42:45','2010-05-19 18:42:45'),(2,'А у тебя?','можно ?',1,1,'2010-05-19 18:45:11','2010-05-19 18:45:11'),(3,'Ну и?','Скоко ждать то?',1,1,'2010-05-19 18:46:27','2010-05-19 18:46:27');

/*Data for the table `inboxed` */

insert  into `inboxed`(`inbox_id`,`profile_id`) values (1,2),(3,2),(2,3);

/*Data for the table `locality` */

insert  into `locality`(`id`,`name`,`area_high_id`) values (1,'Роща',1),(2,'Боровск',1),(3,'Сатино',1),(4,'Подольск',2),(5,'город Балашиха',3),(6,'село Немчиновка',4),(7,'село Спас-Заулок',9);

/*Data for the table `location` */

insert  into `location`(`id`,`name`,`description`,`depth`,`is_free`,`price`,`location_flow_id`,`location_fundus_id`,`location_relief_id`,`location_type_id`,`location_scope_id`,`address_id`,`created_by`,`updated_by`,`slug`,`created_at`,`updated_at`,`latitude`,`longitude`,`version`) values (11,'rrrrrr','',NULL,1,'',NULL,NULL,NULL,NULL,NULL,7,7,7,'rrrrrr','2011-05-02 17:24:56','2011-05-02 17:24:56',54.526773808199998,36.662742550700003,2);

/*Data for the table `location_flow` */

insert  into `location_flow`(`id`,`name`,`weight`) values (1,'Отсутствует',NULL),(2,'Медленное',NULL),(3,'Среднее',NULL),(4,'Быстрое',NULL);

/*Data for the table `location_fundus` */

insert  into `location_fundus`(`id`,`name`,`weight`) values (1,'Песчаное',NULL),(2,'Илистое',NULL),(3,'Каменистое',NULL),(4,'Заросшее',NULL),(5,'Коряжник',NULL);

/*Data for the table `location_relief` */

insert  into `location_relief`(`id`,`name`,`weight`) values (1,'Равномерный',NULL),(2,'Перепады',NULL),(3,'Ямы',NULL),(4,'Бровки',NULL),(5,'Свал',NULL);

/*Data for the table `location_scope` */

insert  into `location_scope`(`id`,`name`,`weight`) values (1,'Мне',NULL),(2,'Друзьям',NULL),(3,'Зарегистрированным',NULL),(5,'Всем',NULL);

/*Data for the table `location_type` */

insert  into `location_type`(`id`,`name`,`weight`) values (1,'Река',NULL),(2,'Озеро',NULL),(3,'Пруд',NULL),(4,'Водохранилище',NULL);

/*Data for the table `location_version` */

insert  into `location_version`(`id`,`name`,`description`,`depth`,`is_free`,`price`,`location_flow_id`,`location_fundus_id`,`location_relief_id`,`location_type_id`,`location_scope_id`,`address_id`,`created_by`,`updated_by`,`slug`,`created_at`,`updated_at`,`latitude`,`longitude`,`version`) values (11,'rrrrrr','',NULL,1,'',NULL,NULL,NULL,NULL,NULL,NULL,7,7,'rrrrrr','2011-05-02 17:24:56','2011-05-02 17:24:56',54.526773808199998,36.662742550700003,1),(11,'rrrrrr','',NULL,1,'',NULL,NULL,NULL,NULL,NULL,7,7,7,'rrrrrr','2011-05-02 17:24:56','2011-05-02 17:24:56',54.526773808199998,36.662742550700003,2);

/*Data for the table `photo` */

/*Data for the table `photo_location_version` */

/*Data for the table `photo_profit_version` */

/*Data for the table `photo_version` */

/*Data for the table `profit` */

/*Data for the table `profit_detail` */

/*Data for the table `read_comment` */

/*Data for the table `region` */

insert  into `region`(`id`,`name`,`country_id`) values (1,'Хакасия',1),(2,'Красноярский край',1),(3,'Тюменская область',1),(4,'Оренбургская область',1),(5,'Краснодарский край',1),(6,'Калининградская область',1),(7,'Челябинская область',1),(8,'Татарстан',1),(9,'Тверская область',1),(10,'Адыгея',1),(11,'Карачаево-Черкесия',1),(12,'Омская область',1),(13,'Ростовская область',1),(14,'Коми',1),(15,'Ямало-Ненецкий автономный округ',1),(16,'Читинская область',1),(17,'Башкортостан',1),(18,'Северная Осетия',1),(19,'Свердловская область',1),(20,'Чувашия',1),(21,'Саха-Якутия',1),(22,'Алтайский край',1),(23,'Владимирская область',1),(24,'Саратовская область',1),(25,'Ставропольский край',1),(26,'Томская область',1),(27,'Пермская область',1),(28,'Рязанская область',1),(29,'Белгородская область',1),(30,'Самарская область',1),(31,'Волгоградская область',1),(32,'Тульская область',1),(33,'Удмуртия',1),(34,'Курганская область',1),(35,'Хабаровский край',1),(36,'Чукотский автономный округ',1),(37,'Иркутская область',1),(38,'Кемеровская область',1),(39,'Воронежская область',1),(40,'Костромская область',1),(41,'Приморский край',1),(42,'Мурманская область',1),(43,'Кировская область',1),(44,'Чечня',1),(45,'Мордовия',1),(46,'Нижегородская область',1),(47,'Архангельская область',1),(48,'Астраханская область',1),(49,'Камчатка',1),(50,'Вологодская область',1),(51,'Калужская область',1),(52,'Новосибирская область',1),(53,'Ульяновская область',1),(54,'Алтай',1),(55,'Кабардино-Балкария',1),(56,'Бурятия',1),(57,'Новгородская область',1),(58,'Пензенская область',1),(59,'Псковская область',1),(60,'Курская область',1),(61,'Амурская область',1),(62,'Карелия',1),(63,'Ханты-Мансийский автономный округ',1),(64,'Еврейская автономная область',1),(65,'Ленинградская область',1),(66,'Орловская область',1),(67,'Ярославская область',1),(68,'Калмыкия',1),(69,'Тамбовская область',1),(70,'Брянская область',1),(71,'Смоленская область',1),(72,'Ивановская область',1),(73,'Марий Эл',1),(74,'Липецкая область',1),(75,'Московская область',1),(76,'Дагестан',1),(77,'Тыва',1),(78,'Магаданская область',1),(79,'Сахалин',1),(80,'Ингушетия',1),(81,'Усть-Ордынский автономный округ',1);

/*Data for the table `route` */

insert  into `route`(`id`,`name`,`country_id`) values (1,'Р-132',1),(2,'Р-93',1);

/*Data for the table `sf_guard_forgot_password` */

/*Data for the table `sf_guard_group` */

/*Data for the table `sf_guard_group_permission` */

/*Data for the table `sf_guard_permission` */

/*Data for the table `sf_guard_remember_key` */

insert  into `sf_guard_remember_key`(`id`,`user_id`,`remember_key`,`ip_address`,`created_at`,`updated_at`) values (8,7,'4oq2xlhn9ueckc00ssgw8ks8wg0k4s0','127.0.0.1','2011-05-02 01:56:24','2011-05-02 01:56:24');

/*Data for the table `sf_guard_user` */

insert  into `sf_guard_user`(`id`,`first_name`,`last_name`,`email_address`,`username`,`algorithm`,`salt`,`password`,`is_active`,`is_super_admin`,`last_login`,`created_at`,`updated_at`) values (1,'Максим','Гречушкин','qweqwe@qwe.qwe','limitium','PasswordKeeper::generate','93b8926afa3c763923dc904682439337','93b8926afa3c763923dc904682439337qweqwe',1,0,'2011-04-10 02:06:45','2011-03-11 20:52:17','2011-04-10 02:06:45'),(2,'Андрей','Белоозеров','asd@qwe.qwe','platosha','PasswordKeeper::generate','8c65d6733a4dd32a5510ab6d3793d3d9','8c65d6733a4dd32a5510ab6d3793d3d9qweqwe',1,0,'2010-05-22 18:29:11','2011-03-11 20:52:31','2010-05-22 18:29:11'),(3,'Дмитрий','Хашабаев','zxc@zxc.zxc','homer','PasswordKeeper::generate','884f9de044df99d54aedf354eded1a32','884f9de044df99d54aedf354eded1a32qweqwe',1,0,NULL,'2011-03-11 20:52:47','2011-03-11 20:52:47'),(7,'дддд','рррр','zzzzz@qwe.qwe','admin','PasswordKeeper::generate','df4ec620183da5af8c2df4d1c60f9c53','df4ec620183da5af8c2df4d1c60f9c53asdasd',1,0,'2011-05-02 16:19:11','2011-03-31 12:26:05','2011-05-02 16:19:11'),(8,NULL,NULL,'ddddd@qwe.qwea','newlogin2','PasswordKeeper::generate','029ebfbfa5d62e84b04fc3a0bcb92339','029ebfbfa5d62e84b04fc3a0bcb92339qweqwe',1,0,'2011-03-31 12:34:00','2011-03-31 12:32:56','2011-03-31 12:34:00'),(12,NULL,NULL,'limitium@gmail.com','Hashan','PasswordKeeper::generate','0f84562f3f85267ce6c0fba5c16464a3','0f84562f3f85267ce6c0fba5c16464a3qweqwe',0,0,NULL,'2011-04-02 15:51:18','2011-04-02 15:51:18');

/*Data for the table `sf_guard_user_group` */

/*Data for the table `sf_guard_user_permission` */

/*Data for the table `sf_guard_user_profile` */

insert  into `sf_guard_user_profile`(`user_id`,`email_new`,`validate_at`,`validate`,`id`,`sex`,`birth_date`,`userpic`,`description`,`city_id`,`created_at`,`updated_at`) values (1,'xxx@cc.cc','2010-05-23 20:12:20','e992509a6769b476993e5c352b270bac2',1,1,'2010-05-23',NULL,'',123,'2011-03-11 20:52:18','2010-05-23 20:12:20'),(2,NULL,'2011-03-11 20:52:31','n2b1d22bf44686b95b77bb07f52e365d0',2,1,NULL,NULL,NULL,456,'2011-03-11 20:52:31','2011-03-11 20:52:31'),(3,NULL,'2011-03-11 20:52:47','n87805300e6edd21d174f7fc147de786b',3,0,NULL,NULL,NULL,213,'2011-03-11 20:52:47','2011-03-11 20:52:47'),(7,'',NULL,'',7,1,NULL,NULL,'',1782,'2011-03-31 12:26:06','2011-05-02 00:27:17'),(8,NULL,NULL,NULL,8,1,NULL,NULL,NULL,66,'2011-03-31 12:32:57','2011-03-31 12:33:59'),(12,NULL,'2011-04-02 15:51:18','nc299c92d4bb3eff72ee6d9f520a11343',12,1,NULL,NULL,NULL,NULL,'2011-04-02 15:51:18','2011-04-02 15:51:18');

/*Data for the table `style` */

insert  into `style`(`id`,`name`) values (2,'Спининг'),(1,'Тролинг');

/*Data for the table `tag` */

insert  into `tag`(`id`,`name`,`is_triple`,`triple_namespace`,`triple_key`,`triple_value`) values (1,'qwe',0,NULL,NULL,NULL),(2,'asd',0,NULL,NULL,NULL),(3,'zxc',0,NULL,NULL,NULL),(4,'aaaa',0,NULL,NULL,NULL),(5,'aassss',0,NULL,NULL,NULL),(6,'aaaaassss',0,NULL,NULL,NULL),(7,'aassss',0,NULL,NULL,NULL),(8,'assss',0,NULL,NULL,NULL),(9,'aaaaaaaaaa',0,NULL,NULL,NULL),(10,'aaasssssss',0,NULL,NULL,NULL);

/*Data for the table `tagging` */

insert  into `tagging`(`id`,`tag_id`,`taggable_model`,`taggable_id`) values (1,1,'Talk',1),(2,2,'Talk',1),(3,3,'Talk',1);

/*Data for the table `talk` */

/*Data for the table `talk_section` */

insert  into `talk_section`(`id`,`parent`,`name`,`lft`,`rgt`,`level`) values (13,NULL,'root',1,14,0),(14,13,'a',2,9,1),(15,14,'a1',3,4,2),(16,13,'b',10,13,1),(17,16,'b1',11,12,2),(18,14,'a2',5,8,2),(19,18,'a21',6,7,3);

/*Data for the table `vote` */

insert  into `vote`(`id`,`value`,`voter`,`toward`,`location_id`,`comment_id`,`profit_id`,`profile_id`,`talk_id`,`fish_event_id`,`photo_id`) values (24,1,1,'profile',NULL,NULL,NULL,1,NULL,NULL,NULL),(37,1,2,'profile',NULL,NULL,NULL,1,NULL,NULL,NULL),(38,1,2,'profile',NULL,NULL,NULL,3,NULL,NULL,NULL),(39,-1,1,'profile',NULL,NULL,NULL,2,NULL,NULL,NULL),(41,-1,1,'profile',NULL,NULL,NULL,3,NULL,NULL,NULL);

/*Data for the table `wish_list` */

/*!40101 SET SQL_MODE=@OLD_SQL_MODE */;
/*!40014 SET FOREIGN_KEY_CHECKS=@OLD_FOREIGN_KEY_CHECKS */;
