/*
SQLyog Enterprise - MySQL GUI v7.02 
MySQL - 5.1.40-community : Database - FISHERY
*********************************************************************
*/


/*!40101 SET NAMES utf8 */;

/*!40101 SET SQL_MODE=''*/;

/*!40014 SET @OLD_FOREIGN_KEY_CHECKS=@@FOREIGN_KEY_CHECKS, FOREIGN_KEY_CHECKS=0 */;
/*!40101 SET @OLD_SQL_MODE=@@SQL_MODE, SQL_MODE='NO_AUTO_VALUE_ON_ZERO' */;

/*Data for the table `address` */

/*Data for the table `area_high` */

insert  into `area_high`(`id`,`name`,`area_low_id`) values (1,'Боровский р-н',1);
insert  into `area_high`(`id`,`name`,`area_low_id`) values (2,'Подольский р-н',2);
insert  into `area_high`(`id`,`name`,`area_low_id`) values (3,'городской округ город Балашиха',3);
insert  into `area_high`(`id`,`name`,`area_low_id`) values (4,'Одинцовский район',3);
insert  into `area_high`(`id`,`name`,`area_low_id`) values (5,'Угранский район',4);
insert  into `area_high`(`id`,`name`,`area_low_id`) values (6,'Малоярославецкий район',5);
insert  into `area_high`(`id`,`name`,`area_low_id`) values (7,'Волоколамский район',3);
insert  into `area_high`(`id`,`name`,`area_low_id`) values (8,'Лотошинский район',3);
insert  into `area_high`(`id`,`name`,`area_low_id`) values (9,'Клинский район',3);
insert  into `area_high`(`id`,`name`,`area_low_id`) values (10,'Перемышльский район',5);
insert  into `area_high`(`id`,`name`,`area_low_id`) values (11,'Дзержинский район',5);

/*Data for the table `area_low` */

insert  into `area_low`(`id`,`name`,`country_id`) values (1,'Калужская обл',1);
insert  into `area_low`(`id`,`name`,`country_id`) values (2,'Московская обл',1);
insert  into `area_low`(`id`,`name`,`country_id`) values (3,'Московская область',1);
insert  into `area_low`(`id`,`name`,`country_id`) values (4,'Смоленская область',1);
insert  into `area_low`(`id`,`name`,`country_id`) values (5,'Калужская область',1);

/*Data for the table `city` */

insert  into `city`(`id`,`name`,`region_id`,`weight`) values (1,'Абаза',1,1);
insert  into `city`(`id`,`name`,`region_id`,`weight`) values (2,'Абакан',1,164000);
insert  into `city`(`id`,`name`,`region_id`,`weight`) values (3,'Аскиз',1,1);
insert  into `city`(`id`,`name`,`region_id`,`weight`) values (4,'Белый Яр',1,1);
insert  into `city`(`id`,`name`,`region_id`,`weight`) values (5,'Бея',1,1);
insert  into `city`(`id`,`name`,`region_id`,`weight`) values (6,'Боград',1,1);
insert  into `city`(`id`,`name`,`region_id`,`weight`) values (7,'Копьево',1,1);
insert  into `city`(`id`,`name`,`region_id`,`weight`) values (8,'Саяногорск',1,1);
insert  into `city`(`id`,`name`,`region_id`,`weight`) values (9,'Сорск',1,1);
insert  into `city`(`id`,`name`,`region_id`,`weight`) values (10,'Таштып',1,1);
insert  into `city`(`id`,`name`,`region_id`,`weight`) values (11,'Усть-Абакан',1,1);
insert  into `city`(`id`,`name`,`region_id`,`weight`) values (12,'Черногорск',1,1);
insert  into `city`(`id`,`name`,`region_id`,`weight`) values (13,'Шира',1,1);
insert  into `city`(`id`,`name`,`region_id`,`weight`) values (14,'Абан',2,1);
insert  into `city`(`id`,`name`,`region_id`,`weight`) values (15,'Агинское',2,1);
insert  into `city`(`id`,`name`,`region_id`,`weight`) values (16,'Ачинск',2,110000);
insert  into `city`(`id`,`name`,`region_id`,`weight`) values (17,'Балахта',2,1);
insert  into `city`(`id`,`name`,`region_id`,`weight`) values (18,'Березовка',2,1);
insert  into `city`(`id`,`name`,`region_id`,`weight`) values (19,'Бирюлюсы',2,1);
insert  into `city`(`id`,`name`,`region_id`,`weight`) values (20,'Боготол',2,1);
insert  into `city`(`id`,`name`,`region_id`,`weight`) values (21,'Богучаны',2,1);
insert  into `city`(`id`,`name`,`region_id`,`weight`) values (22,'Большая Мурта',2,1);
insert  into `city`(`id`,`name`,`region_id`,`weight`) values (23,'Большой Улуй',2,1);
insert  into `city`(`id`,`name`,`region_id`,`weight`) values (24,'Бородино',2,1);
insert  into `city`(`id`,`name`,`region_id`,`weight`) values (25,'Дзержинск',2,1);
insert  into `city`(`id`,`name`,`region_id`,`weight`) values (26,'Дивногорск',2,1);
insert  into `city`(`id`,`name`,`region_id`,`weight`) values (27,'Дудинка',2,1);
insert  into `city`(`id`,`name`,`region_id`,`weight`) values (28,'Емельяново',2,1);
insert  into `city`(`id`,`name`,`region_id`,`weight`) values (29,'Енисейск',2,1);
insert  into `city`(`id`,`name`,`region_id`,`weight`) values (30,'Ермаковское',2,1);
insert  into `city`(`id`,`name`,`region_id`,`weight`) values (31,'Железногорск',2,1);
insert  into `city`(`id`,`name`,`region_id`,`weight`) values (32,'Заозерный',2,1);
insert  into `city`(`id`,`name`,`region_id`,`weight`) values (33,'Зеленогорск',2,1);
insert  into `city`(`id`,`name`,`region_id`,`weight`) values (34,'Идринское',2,1);
insert  into `city`(`id`,`name`,`region_id`,`weight`) values (35,'Иланский',2,1);
insert  into `city`(`id`,`name`,`region_id`,`weight`) values (36,'Ирбейское',2,1);
insert  into `city`(`id`,`name`,`region_id`,`weight`) values (37,'Казачинское',2,1);
insert  into `city`(`id`,`name`,`region_id`,`weight`) values (38,'Канск',2,1);
insert  into `city`(`id`,`name`,`region_id`,`weight`) values (39,'Каратузское',2,1);
insert  into `city`(`id`,`name`,`region_id`,`weight`) values (40,'Кедровый',2,1);
insert  into `city`(`id`,`name`,`region_id`,`weight`) values (41,'Кодинск',2,1);
insert  into `city`(`id`,`name`,`region_id`,`weight`) values (42,'Козулька',2,1);
insert  into `city`(`id`,`name`,`region_id`,`weight`) values (43,'Краснотуранск',2,1);
insert  into `city`(`id`,`name`,`region_id`,`weight`) values (44,'Красноярск',2,972000);
insert  into `city`(`id`,`name`,`region_id`,`weight`) values (45,'Курагино',2,1);
insert  into `city`(`id`,`name`,`region_id`,`weight`) values (46,'Лесосибирск',2,1);
insert  into `city`(`id`,`name`,`region_id`,`weight`) values (47,'Минусинск',2,1);
insert  into `city`(`id`,`name`,`region_id`,`weight`) values (48,'Назарово',2,1);
insert  into `city`(`id`,`name`,`region_id`,`weight`) values (49,'Нижний Ингаш',2,1);
insert  into `city`(`id`,`name`,`region_id`,`weight`) values (50,'Новобирилюссы',2,1);
insert  into `city`(`id`,`name`,`region_id`,`weight`) values (51,'Новоселово',2,1);
insert  into `city`(`id`,`name`,`region_id`,`weight`) values (52,'Норильск',2,202000);
insert  into `city`(`id`,`name`,`region_id`,`weight`) values (53,'Партизанское',2,1);
insert  into `city`(`id`,`name`,`region_id`,`weight`) values (54,'Пировское',2,1);
insert  into `city`(`id`,`name`,`region_id`,`weight`) values (55,'Рыбинск',2,1);
insert  into `city`(`id`,`name`,`region_id`,`weight`) values (56,'Сосновоборск',2,1);
insert  into `city`(`id`,`name`,`region_id`,`weight`) values (57,'Сухобузимское',2,1);
insert  into `city`(`id`,`name`,`region_id`,`weight`) values (58,'Таилтып',2,1);
insert  into `city`(`id`,`name`,`region_id`,`weight`) values (59,'Тасеево',2,1);
insert  into `city`(`id`,`name`,`region_id`,`weight`) values (60,'Тюхтет',2,1);
insert  into `city`(`id`,`name`,`region_id`,`weight`) values (61,'Ужур',2,1);
insert  into `city`(`id`,`name`,`region_id`,`weight`) values (62,'Уяр',2,1);
insert  into `city`(`id`,`name`,`region_id`,`weight`) values (63,'Шалинское',2,1);
insert  into `city`(`id`,`name`,`region_id`,`weight`) values (64,'Шарыпово',2,1);
insert  into `city`(`id`,`name`,`region_id`,`weight`) values (65,'Шушенское',2,1);
insert  into `city`(`id`,`name`,`region_id`,`weight`) values (66,'Абатский',3,1);
insert  into `city`(`id`,`name`,`region_id`,`weight`) values (67,'Армизонское',3,1);
insert  into `city`(`id`,`name`,`region_id`,`weight`) values (68,'Аромашево',3,1);
insert  into `city`(`id`,`name`,`region_id`,`weight`) values (69,'Бердюжье',3,1);
insert  into `city`(`id`,`name`,`region_id`,`weight`) values (70,'Большое Сорокино',3,1);
insert  into `city`(`id`,`name`,`region_id`,`weight`) values (71,'Вагай',3,1);
insert  into `city`(`id`,`name`,`region_id`,`weight`) values (72,'Викулово',3,1);
insert  into `city`(`id`,`name`,`region_id`,`weight`) values (73,'Голышманово',3,1);
insert  into `city`(`id`,`name`,`region_id`,`weight`) values (74,'Губкинский',3,1);
insert  into `city`(`id`,`name`,`region_id`,`weight`) values (75,'Заводоуковск',3,1);
insert  into `city`(`id`,`name`,`region_id`,`weight`) values (76,'Исетское',3,1);
insert  into `city`(`id`,`name`,`region_id`,`weight`) values (77,'Ишим',3,1);
insert  into `city`(`id`,`name`,`region_id`,`weight`) values (78,'Казанское',3,1);
insert  into `city`(`id`,`name`,`region_id`,`weight`) values (79,'Междуреченский',3,1);
insert  into `city`(`id`,`name`,`region_id`,`weight`) values (80,'Муравленко',3,1);
insert  into `city`(`id`,`name`,`region_id`,`weight`) values (81,'Нижняя Тавда',3,1);
insert  into `city`(`id`,`name`,`region_id`,`weight`) values (82,'Ноябрьск',3,111000);
insert  into `city`(`id`,`name`,`region_id`,`weight`) values (83,'Омутинский',3,1);
insert  into `city`(`id`,`name`,`region_id`,`weight`) values (84,'Сладково',3,1);
insert  into `city`(`id`,`name`,`region_id`,`weight`) values (85,'Тарко-сале',3,1);
insert  into `city`(`id`,`name`,`region_id`,`weight`) values (86,'Тобольск',3,1);
insert  into `city`(`id`,`name`,`region_id`,`weight`) values (87,'Тюмень',3,580000);
insert  into `city`(`id`,`name`,`region_id`,`weight`) values (88,'Уват',3,1);
insert  into `city`(`id`,`name`,`region_id`,`weight`) values (89,'Упорово',3,1);
insert  into `city`(`id`,`name`,`region_id`,`weight`) values (90,'Юргинское',3,1);
insert  into `city`(`id`,`name`,`region_id`,`weight`) values (91,'Ялуторовск',3,1);
insert  into `city`(`id`,`name`,`region_id`,`weight`) values (92,'Ярково',3,1);
insert  into `city`(`id`,`name`,`region_id`,`weight`) values (93,'Абдулино',4,1);
insert  into `city`(`id`,`name`,`region_id`,`weight`) values (94,'Адамовка',4,1);
insert  into `city`(`id`,`name`,`region_id`,`weight`) values (95,'Акбулак',4,1);
insert  into `city`(`id`,`name`,`region_id`,`weight`) values (96,'Александровка',4,1);
insert  into `city`(`id`,`name`,`region_id`,`weight`) values (97,'Асекеево',4,1);
insert  into `city`(`id`,`name`,`region_id`,`weight`) values (98,'Беляевка',4,1);
insert  into `city`(`id`,`name`,`region_id`,`weight`) values (99,'Бугуруслан',4,1);
insert  into `city`(`id`,`name`,`region_id`,`weight`) values (100,'Бузулук',4,1);
insert  into `city`(`id`,`name`,`region_id`,`weight`) values (101,'Гай',4,1);
insert  into `city`(`id`,`name`,`region_id`,`weight`) values (102,'Грачевка',4,1);
insert  into `city`(`id`,`name`,`region_id`,`weight`) values (103,'Домбаровский',4,1);
insert  into `city`(`id`,`name`,`region_id`,`weight`) values (104,'Илек',4,1);
insert  into `city`(`id`,`name`,`region_id`,`weight`) values (105,'Кваркено',4,1);
insert  into `city`(`id`,`name`,`region_id`,`weight`) values (106,'Кувандык',4,1);
insert  into `city`(`id`,`name`,`region_id`,`weight`) values (107,'Курманаевка',4,1);
insert  into `city`(`id`,`name`,`region_id`,`weight`) values (108,'Матвеевка',4,1);
insert  into `city`(`id`,`name`,`region_id`,`weight`) values (109,'Медногорск',4,1);
insert  into `city`(`id`,`name`,`region_id`,`weight`) values (110,'Новоорск',4,1);
insert  into `city`(`id`,`name`,`region_id`,`weight`) values (111,'Новосергиевка',4,1);
insert  into `city`(`id`,`name`,`region_id`,`weight`) values (112,'Новотроицк',4,101000);
insert  into `city`(`id`,`name`,`region_id`,`weight`) values (113,'Октябрьское',4,1);
insert  into `city`(`id`,`name`,`region_id`,`weight`) values (114,'Оренбург',4,526000);
insert  into `city`(`id`,`name`,`region_id`,`weight`) values (115,'Орск',4,245000);
insert  into `city`(`id`,`name`,`region_id`,`weight`) values (116,'Первомайский',4,1);
insert  into `city`(`id`,`name`,`region_id`,`weight`) values (117,'Переволоцкий',4,1);
insert  into `city`(`id`,`name`,`region_id`,`weight`) values (118,'Плешаново',4,1);
insert  into `city`(`id`,`name`,`region_id`,`weight`) values (119,'Пономаревка',4,1);
insert  into `city`(`id`,`name`,`region_id`,`weight`) values (120,'Сакмара',4,1);
insert  into `city`(`id`,`name`,`region_id`,`weight`) values (121,'Саракташ',4,1);
insert  into `city`(`id`,`name`,`region_id`,`weight`) values (122,'Светлый',4,1);
insert  into `city`(`id`,`name`,`region_id`,`weight`) values (123,'Северное',4,1);
insert  into `city`(`id`,`name`,`region_id`,`weight`) values (124,'Соль-Илецк',4,1);
insert  into `city`(`id`,`name`,`region_id`,`weight`) values (125,'Сорочинск',4,1);
insert  into `city`(`id`,`name`,`region_id`,`weight`) values (126,'Ташла',4,1);
insert  into `city`(`id`,`name`,`region_id`,`weight`) values (127,'Тоцкое',4,1);
insert  into `city`(`id`,`name`,`region_id`,`weight`) values (128,'Тюльган',4,1);
insert  into `city`(`id`,`name`,`region_id`,`weight`) values (129,'Шарлык',4,1);
insert  into `city`(`id`,`name`,`region_id`,`weight`) values (130,'Ясный',4,1);
insert  into `city`(`id`,`name`,`region_id`,`weight`) values (131,'Абинск',5,1);
insert  into `city`(`id`,`name`,`region_id`,`weight`) values (132,'Адлер',5,1);
insert  into `city`(`id`,`name`,`region_id`,`weight`) values (133,'Анапа',5,1);
insert  into `city`(`id`,`name`,`region_id`,`weight`) values (134,'Апшеронск',5,1);
insert  into `city`(`id`,`name`,`region_id`,`weight`) values (135,'Армавир',5,188000);
insert  into `city`(`id`,`name`,`region_id`,`weight`) values (136,'Аше',5,1);
insert  into `city`(`id`,`name`,`region_id`,`weight`) values (137,'Белая Глина',5,1);
insert  into `city`(`id`,`name`,`region_id`,`weight`) values (138,'Белореченск',5,1);
insert  into `city`(`id`,`name`,`region_id`,`weight`) values (139,'Брюховецкая',5,1);
insert  into `city`(`id`,`name`,`region_id`,`weight`) values (140,'Вардане',5,1);
insert  into `city`(`id`,`name`,`region_id`,`weight`) values (141,'Выселки',5,1);
insert  into `city`(`id`,`name`,`region_id`,`weight`) values (142,'Геленджик',5,1);
insert  into `city`(`id`,`name`,`region_id`,`weight`) values (143,'Горячий Ключ',5,1);
insert  into `city`(`id`,`name`,`region_id`,`weight`) values (144,'Гулькевичи',5,1);
insert  into `city`(`id`,`name`,`region_id`,`weight`) values (145,'Динская',5,1);
insert  into `city`(`id`,`name`,`region_id`,`weight`) values (146,'Ейск',5,1);
insert  into `city`(`id`,`name`,`region_id`,`weight`) values (147,'Кавказская',5,1);
insert  into `city`(`id`,`name`,`region_id`,`weight`) values (148,'Калининская',5,1);
insert  into `city`(`id`,`name`,`region_id`,`weight`) values (149,'Каневская',5,1);
insert  into `city`(`id`,`name`,`region_id`,`weight`) values (150,'Кореновск',5,1);
insert  into `city`(`id`,`name`,`region_id`,`weight`) values (151,'Красноармейская',5,1);
insert  into `city`(`id`,`name`,`region_id`,`weight`) values (152,'Краснодар',5,713000);
insert  into `city`(`id`,`name`,`region_id`,`weight`) values (153,'Кропоткин',5,1);
insert  into `city`(`id`,`name`,`region_id`,`weight`) values (154,'Крыловская',5,1);
insert  into `city`(`id`,`name`,`region_id`,`weight`) values (155,'Крымск',5,1);
insert  into `city`(`id`,`name`,`region_id`,`weight`) values (156,'Кудепста',5,1);
insert  into `city`(`id`,`name`,`region_id`,`weight`) values (157,'Курганинск',5,1);
insert  into `city`(`id`,`name`,`region_id`,`weight`) values (158,'Кущевская',5,1);
insert  into `city`(`id`,`name`,`region_id`,`weight`) values (159,'Лабинск',5,1);
insert  into `city`(`id`,`name`,`region_id`,`weight`) values (160,'Ленинградская',5,1);
insert  into `city`(`id`,`name`,`region_id`,`weight`) values (161,'Лоо',5,1);
insert  into `city`(`id`,`name`,`region_id`,`weight`) values (162,'Мостовской',5,1);
insert  into `city`(`id`,`name`,`region_id`,`weight`) values (163,'Новокубанск',5,1);
insert  into `city`(`id`,`name`,`region_id`,`weight`) values (164,'Новопокровская',5,1);
insert  into `city`(`id`,`name`,`region_id`,`weight`) values (165,'Новороссийск',5,229000);
insert  into `city`(`id`,`name`,`region_id`,`weight`) values (166,'Отрадная',5,1);
insert  into `city`(`id`,`name`,`region_id`,`weight`) values (167,'Павловская',5,1);
insert  into `city`(`id`,`name`,`region_id`,`weight`) values (168,'Приморско-Ахтарск',5,1);
insert  into `city`(`id`,`name`,`region_id`,`weight`) values (169,'Приморье',5,1);
insert  into `city`(`id`,`name`,`region_id`,`weight`) values (170,'Северская',5,1);
insert  into `city`(`id`,`name`,`region_id`,`weight`) values (171,'Славянск-на-Кубани',5,1);
insert  into `city`(`id`,`name`,`region_id`,`weight`) values (172,'Сочи',5,342000);
insert  into `city`(`id`,`name`,`region_id`,`weight`) values (173,'Староминская',5,1);
insert  into `city`(`id`,`name`,`region_id`,`weight`) values (174,'Старощербиновская',5,1);
insert  into `city`(`id`,`name`,`region_id`,`weight`) values (175,'Тбилисская',5,1);
insert  into `city`(`id`,`name`,`region_id`,`weight`) values (176,'Темрюк',5,1);
insert  into `city`(`id`,`name`,`region_id`,`weight`) values (177,'Тимашевск',5,1);
insert  into `city`(`id`,`name`,`region_id`,`weight`) values (178,'Тихорецк',5,1);
insert  into `city`(`id`,`name`,`region_id`,`weight`) values (179,'Туапсе',5,1);
insert  into `city`(`id`,`name`,`region_id`,`weight`) values (180,'Успенское',5,1);
insert  into `city`(`id`,`name`,`region_id`,`weight`) values (181,'Усть-Лабинск',5,1);
insert  into `city`(`id`,`name`,`region_id`,`weight`) values (182,'Хоста',5,1);
insert  into `city`(`id`,`name`,`region_id`,`weight`) values (183,'Авангардное',6,1);
insert  into `city`(`id`,`name`,`region_id`,`weight`) values (184,'Акулово',6,1);
insert  into `city`(`id`,`name`,`region_id`,`weight`) values (185,'Алеевка',6,1);
insert  into `city`(`id`,`name`,`region_id`,`weight`) values (186,'Александровка',6,1);
insert  into `city`(`id`,`name`,`region_id`,`weight`) values (187,'Алексеевка',6,1);
insert  into `city`(`id`,`name`,`region_id`,`weight`) values (188,'Бабушкино',6,1);
insert  into `city`(`id`,`name`,`region_id`,`weight`) values (189,'Багратионово',6,1);
insert  into `city`(`id`,`name`,`region_id`,`weight`) values (190,'Багратионовск',6,1);
insert  into `city`(`id`,`name`,`region_id`,`weight`) values (191,'Балтийск',6,1);
insert  into `city`(`id`,`name`,`region_id`,`weight`) values (192,'Бекенево',6,1);
insert  into `city`(`id`,`name`,`region_id`,`weight`) values (193,'Белкино',6,1);
insert  into `city`(`id`,`name`,`region_id`,`weight`) values (194,'Белый яр',6,1);
insert  into `city`(`id`,`name`,`region_id`,`weight`) values (195,'Береговое',6,1);
insert  into `city`(`id`,`name`,`region_id`,`weight`) values (196,'Березовка',6,1);
insert  into `city`(`id`,`name`,`region_id`,`weight`) values (199,'Ближнее',6,1);
insert  into `city`(`id`,`name`,`region_id`,`weight`) values (200,'Богатово',6,1);
insert  into `city`(`id`,`name`,`region_id`,`weight`) values (201,'Большаково',6,1);
insert  into `city`(`id`,`name`,`region_id`,`weight`) values (202,'Большая Поляна',6,1);
insert  into `city`(`id`,`name`,`region_id`,`weight`) values (203,'Большие Горки',6,1);
insert  into `city`(`id`,`name`,`region_id`,`weight`) values (204,'Большое село',6,1);
insert  into `city`(`id`,`name`,`region_id`,`weight`) values (205,'Борское',6,1);
insert  into `city`(`id`,`name`,`region_id`,`weight`) values (206,'Брянское',6,1);
insert  into `city`(`id`,`name`,`region_id`,`weight`) values (207,'Бычково',6,1);
insert  into `city`(`id`,`name`,`region_id`,`weight`) values (208,'Васильково',6,1);
insert  into `city`(`id`,`name`,`region_id`,`weight`) values (209,'Великолукское',6,1);
insert  into `city`(`id`,`name`,`region_id`,`weight`) values (210,'Верний бисер',6,1);
insert  into `city`(`id`,`name`,`region_id`,`weight`) values (211,'Весново',6,1);
insert  into `city`(`id`,`name`,`region_id`,`weight`) values (212,'Взморье',6,1);
insert  into `city`(`id`,`name`,`region_id`,`weight`) values (213,'Вишневка',6,1);
insert  into `city`(`id`,`name`,`region_id`,`weight`) values (214,'Вишневое',6,1);
insert  into `city`(`id`,`name`,`region_id`,`weight`) values (215,'Вишневское',6,1);
insert  into `city`(`id`,`name`,`region_id`,`weight`) values (216,'Вишневый',6,1);
insert  into `city`(`id`,`name`,`region_id`,`weight`) values (217,'Владимирово',6,1);
insert  into `city`(`id`,`name`,`region_id`,`weight`) values (218,'Володаровка',6,1);
insert  into `city`(`id`,`name`,`region_id`,`weight`) values (219,'Волочаевское',6,1);
insert  into `city`(`id`,`name`,`region_id`,`weight`) values (220,'Вольное',6,1);
insert  into `city`(`id`,`name`,`region_id`,`weight`) values (221,'Воробьево',6,1);
insert  into `city`(`id`,`name`,`region_id`,`weight`) values (222,'Восод',6,1);
insert  into `city`(`id`,`name`,`region_id`,`weight`) values (223,'Высокое',6,1);
insert  into `city`(`id`,`name`,`region_id`,`weight`) values (225,'Гаврилово',6,1);
insert  into `city`(`id`,`name`,`region_id`,`weight`) values (226,'Гастеллово',6,1);
insert  into `city`(`id`,`name`,`region_id`,`weight`) values (227,'Гвардейск',6,1);
insert  into `city`(`id`,`name`,`region_id`,`weight`) values (228,'Гвардейское',6,1);
insert  into `city`(`id`,`name`,`region_id`,`weight`) values (229,'Георгиевское',6,1);
insert  into `city`(`id`,`name`,`region_id`,`weight`) values (230,'Глушково',6,1);
insert  into `city`(`id`,`name`,`region_id`,`weight`) values (231,'Головкино',6,1);
insert  into `city`(`id`,`name`,`region_id`,`weight`) values (232,'Гончарово',6,1);
insert  into `city`(`id`,`name`,`region_id`,`weight`) values (233,'Гордое',6,1);
insert  into `city`(`id`,`name`,`region_id`,`weight`) values (234,'Грачевка',6,1);
insert  into `city`(`id`,`name`,`region_id`,`weight`) values (235,'Грибки',6,1);
insert  into `city`(`id`,`name`,`region_id`,`weight`) values (236,'Громово',6,1);
insert  into `city`(`id`,`name`,`region_id`,`weight`) values (237,'Гурьевск',6,1);
insert  into `city`(`id`,`name`,`region_id`,`weight`) values (238,'Гусев',6,1);
insert  into `city`(`id`,`name`,`region_id`,`weight`) values (239,'Гусево',6,1);
insert  into `city`(`id`,`name`,`region_id`,`weight`) values (240,'Дальнее',6,1);
insert  into `city`(`id`,`name`,`region_id`,`weight`) values (243,'Дворкино',6,1);
insert  into `city`(`id`,`name`,`region_id`,`weight`) values (244,'Демидово',6,1);
insert  into `city`(`id`,`name`,`region_id`,`weight`) values (245,'Дивное',6,1);
insert  into `city`(`id`,`name`,`region_id`,`weight`) values (247,'Доброволец',6,1);
insert  into `city`(`id`,`name`,`region_id`,`weight`) values (248,'Добровольск',6,1);
insert  into `city`(`id`,`name`,`region_id`,`weight`) values (249,'Доваторовка',6,1);
insert  into `city`(`id`,`name`,`region_id`,`weight`) values (250,'Долгоруково',6,1);
insert  into `city`(`id`,`name`,`region_id`,`weight`) values (251,'Домново',6,1);
insert  into `city`(`id`,`name`,`region_id`,`weight`) values (252,'Дорожное',6,1);
insert  into `city`(`id`,`name`,`region_id`,`weight`) values (253,'Дружба',6,1);
insert  into `city`(`id`,`name`,`region_id`,`weight`) values (254,'Дубровка',6,1);
insert  into `city`(`id`,`name`,`region_id`,`weight`) values (255,'Дунаевка',6,1);
insert  into `city`(`id`,`name`,`region_id`,`weight`) values (256,'Еловое',6,1);
insert  into `city`(`id`,`name`,`region_id`,`weight`) values (257,'Ельники',6,1);
insert  into `city`(`id`,`name`,`region_id`,`weight`) values (258,'Ельняки',6,1);
insert  into `city`(`id`,`name`,`region_id`,`weight`) values (259,'Ермаково',6,1);
insert  into `city`(`id`,`name`,`region_id`,`weight`) values (260,'Ершово',6,1);
insert  into `city`(`id`,`name`,`region_id`,`weight`) values (261,'Жаворонково',6,1);
insert  into `city`(`id`,`name`,`region_id`,`weight`) values (262,'Железнодорожный',6,129000);
insert  into `city`(`id`,`name`,`region_id`,`weight`) values (263,'Желудево',6,1);
insert  into `city`(`id`,`name`,`region_id`,`weight`) values (264,'Жилино',6,1);
insert  into `city`(`id`,`name`,`region_id`,`weight`) values (265,'Журавлевка',6,1);
insert  into `city`(`id`,`name`,`region_id`,`weight`) values (266,'Забарье',6,1);
insert  into `city`(`id`,`name`,`region_id`,`weight`) values (267,'Загородный',6,1);
insert  into `city`(`id`,`name`,`region_id`,`weight`) values (268,'Загорское',6,1);
insert  into `city`(`id`,`name`,`region_id`,`weight`) values (269,'Зайцево',6,1);
insert  into `city`(`id`,`name`,`region_id`,`weight`) values (270,'Залесье',6,1);
insert  into `city`(`id`,`name`,`region_id`,`weight`) values (271,'Заливино',6,1);
insert  into `city`(`id`,`name`,`region_id`,`weight`) values (272,'Заливное',6,1);
insert  into `city`(`id`,`name`,`region_id`,`weight`) values (273,'Заовражное',6,1);
insert  into `city`(`id`,`name`,`region_id`,`weight`) values (274,'Заозерье',6,1);
insert  into `city`(`id`,`name`,`region_id`,`weight`) values (275,'Заостровье',6,1);
insert  into `city`(`id`,`name`,`region_id`,`weight`) values (276,'Западный',6,1);
insert  into `city`(`id`,`name`,`region_id`,`weight`) values (277,'Заповедное',6,1);
insert  into `city`(`id`,`name`,`region_id`,`weight`) values (278,'Заречное',6,1);
insert  into `city`(`id`,`name`,`region_id`,`weight`) values (279,'Заречье',6,1);
insert  into `city`(`id`,`name`,`region_id`,`weight`) values (281,'Звеньевое',6,1);
insert  into `city`(`id`,`name`,`region_id`,`weight`) values (282,'Зверево',6,1);
insert  into `city`(`id`,`name`,`region_id`,`weight`) values (283,'Зеленоградск',6,1);
insert  into `city`(`id`,`name`,`region_id`,`weight`) values (284,'Зеленое',6,1);
insert  into `city`(`id`,`name`,`region_id`,`weight`) values (285,'Знаменка',6,1);
insert  into `city`(`id`,`name`,`region_id`,`weight`) values (286,'Знаменск',6,1);
insert  into `city`(`id`,`name`,`region_id`,`weight`) values (287,'Зорино',6,1);
insert  into `city`(`id`,`name`,`region_id`,`weight`) values (288,'Извилино',6,1);
insert  into `city`(`id`,`name`,`region_id`,`weight`) values (289,'Изобильное',6,1);
insert  into `city`(`id`,`name`,`region_id`,`weight`) values (290,'Ильичевка',6,1);
insert  into `city`(`id`,`name`,`region_id`,`weight`) values (292,'Илюшино',6,1);
insert  into `city`(`id`,`name`,`region_id`,`weight`) values (293,'Исаково',6,1);
insert  into `city`(`id`,`name`,`region_id`,`weight`) values (294,'Истровка',6,1);
insert  into `city`(`id`,`name`,`region_id`,`weight`) values (295,'Калининград',6,419000);
insert  into `city`(`id`,`name`,`region_id`,`weight`) values (296,'Калинино',6,1);
insert  into `city`(`id`,`name`,`region_id`,`weight`) values (297,'Калининское',6,1);
insert  into `city`(`id`,`name`,`region_id`,`weight`) values (298,'Калинково',6,1);
insert  into `city`(`id`,`name`,`region_id`,`weight`) values (299,'Калиновка',6,1);
insert  into `city`(`id`,`name`,`region_id`,`weight`) values (300,'Калужское',6,1);
insert  into `city`(`id`,`name`,`region_id`,`weight`) values (301,'Каменка',6,1);
insert  into `city`(`id`,`name`,`region_id`,`weight`) values (302,'Каменское',6,1);
insert  into `city`(`id`,`name`,`region_id`,`weight`) values (303,'Канаш',6,1);
insert  into `city`(`id`,`name`,`region_id`,`weight`) values (304,'Карамышево',6,1);
insert  into `city`(`id`,`name`,`region_id`,`weight`) values (305,'Каштановка',6,1);
insert  into `city`(`id`,`name`,`region_id`,`weight`) values (306,'Каштаново',6,1);
insert  into `city`(`id`,`name`,`region_id`,`weight`) values (308,'Кирова',6,1);
insert  into `city`(`id`,`name`,`region_id`,`weight`) values (309,'Кленовое',6,1);
insert  into `city`(`id`,`name`,`region_id`,`weight`) values (310,'Климовка',6,1);
insert  into `city`(`id`,`name`,`region_id`,`weight`) values (311,'Коврово',6,1);
insert  into `city`(`id`,`name`,`region_id`,`weight`) values (312,'Колосовка',6,1);
insert  into `city`(`id`,`name`,`region_id`,`weight`) values (313,'Комсомольск',6,1);
insert  into `city`(`id`,`name`,`region_id`,`weight`) values (314,'Константиновка',6,1);
insert  into `city`(`id`,`name`,`region_id`,`weight`) values (315,'Корнево',6,1);
insert  into `city`(`id`,`name`,`region_id`,`weight`) values (316,'Короленково',6,1);
insert  into `city`(`id`,`name`,`region_id`,`weight`) values (317,'Кострово',6,1);
insert  into `city`(`id`,`name`,`region_id`,`weight`) values (318,'Костромино',6,1);
insert  into `city`(`id`,`name`,`region_id`,`weight`) values (319,'Костюковка',6,1);
insert  into `city`(`id`,`name`,`region_id`,`weight`) values (320,'Красногорское',6,1);
insert  into `city`(`id`,`name`,`region_id`,`weight`) values (321,'Красное',6,1);
insert  into `city`(`id`,`name`,`region_id`,`weight`) values (322,'Краснознаменск',6,1);
insert  into `city`(`id`,`name`,`region_id`,`weight`) values (323,'Краснолесье',6,1);
insert  into `city`(`id`,`name`,`region_id`,`weight`) values (324,'Красноолмский',6,1);
insert  into `city`(`id`,`name`,`region_id`,`weight`) values (325,'Краснополье',6,1);
insert  into `city`(`id`,`name`,`region_id`,`weight`) values (326,'Краснополянское',6,1);
insert  into `city`(`id`,`name`,`region_id`,`weight`) values (327,'Красноторовка',6,1);
insert  into `city`(`id`,`name`,`region_id`,`weight`) values (328,'Краснофлотское',6,1);
insert  into `city`(`id`,`name`,`region_id`,`weight`) values (329,'Красноярское',6,1);
insert  into `city`(`id`,`name`,`region_id`,`weight`) values (330,'Красный бор',6,1);
insert  into `city`(`id`,`name`,`region_id`,`weight`) values (332,'Красный Яр',6,1);
insert  into `city`(`id`,`name`,`region_id`,`weight`) values (333,'Кромы',6,1);
insert  into `city`(`id`,`name`,`region_id`,`weight`) values (334,'Кругловка',6,1);
insert  into `city`(`id`,`name`,`region_id`,`weight`) values (335,'Крылово',6,1);
insert  into `city`(`id`,`name`,`region_id`,`weight`) values (336,'Кубановка',6,1);
insert  into `city`(`id`,`name`,`region_id`,`weight`) values (337,'Куйбышевское',6,1);
insert  into `city`(`id`,`name`,`region_id`,`weight`) values (338,'Кумачово',6,1);
insert  into `city`(`id`,`name`,`region_id`,`weight`) values (339,'Курортное',6,1);
insert  into `city`(`id`,`name`,`region_id`,`weight`) values (340,'Ладушкин',6,1);
insert  into `city`(`id`,`name`,`region_id`,`weight`) values (341,'Левобережное',6,1);
insert  into `city`(`id`,`name`,`region_id`,`weight`) values (342,'Лермонтово',6,1);
insert  into `city`(`id`,`name`,`region_id`,`weight`) values (343,'Лесное',6,1);
insert  into `city`(`id`,`name`,`region_id`,`weight`) values (346,'Линево',6,1);
insert  into `city`(`id`,`name`,`region_id`,`weight`) values (347,'Липняки',6,1);
insert  into `city`(`id`,`name`,`region_id`,`weight`) values (348,'Липовка',6,1);
insert  into `city`(`id`,`name`,`region_id`,`weight`) values (349,'Липово',6,1);
insert  into `city`(`id`,`name`,`region_id`,`weight`) values (350,'Ломово',6,1);
insert  into `city`(`id`,`name`,`region_id`,`weight`) values (351,'Ломоносовка',6,1);
insert  into `city`(`id`,`name`,`region_id`,`weight`) values (352,'Луговое',6,1);
insert  into `city`(`id`,`name`,`region_id`,`weight`) values (355,'Луговское',6,1);
insert  into `city`(`id`,`name`,`region_id`,`weight`) values (356,'Лужки',6,1);
insert  into `city`(`id`,`name`,`region_id`,`weight`) values (357,'Лунино',6,1);
insert  into `city`(`id`,`name`,`region_id`,`weight`) values (359,'Львовское',6,1);
insert  into `city`(`id`,`name`,`region_id`,`weight`) values (360,'Маевка',6,1);
insert  into `city`(`id`,`name`,`region_id`,`weight`) values (361,'Майское',6,1);
insert  into `city`(`id`,`name`,`region_id`,`weight`) values (363,'Малиники',6,1);
insert  into `city`(`id`,`name`,`region_id`,`weight`) values (364,'Малиновка',6,1);
insert  into `city`(`id`,`name`,`region_id`,`weight`) values (366,'Маломожайское',6,1);
insert  into `city`(`id`,`name`,`region_id`,`weight`) values (367,'Малые Горки',6,1);
insert  into `city`(`id`,`name`,`region_id`,`weight`) values (368,'Мальцево',6,1);
insert  into `city`(`id`,`name`,`region_id`,`weight`) values (369,'Мамоново',6,1);
insert  into `city`(`id`,`name`,`region_id`,`weight`) values (370,'Маршальское',6,1);
insert  into `city`(`id`,`name`,`region_id`,`weight`) values (371,'Марьино',6,1);
insert  into `city`(`id`,`name`,`region_id`,`weight`) values (372,'Матросово',6,1);
insert  into `city`(`id`,`name`,`region_id`,`weight`) values (373,'Маяковское',6,1);
insert  into `city`(`id`,`name`,`region_id`,`weight`) values (374,'Медовое',6,1);
insert  into `city`(`id`,`name`,`region_id`,`weight`) values (375,'Междуречье',6,1);
insert  into `city`(`id`,`name`,`region_id`,`weight`) values (376,'Мельниково',6,1);
insert  into `city`(`id`,`name`,`region_id`,`weight`) values (377,'Менделеево',6,1);
insert  into `city`(`id`,`name`,`region_id`,`weight`) values (378,'Миайлово',6,1);
insert  into `city`(`id`,`name`,`region_id`,`weight`) values (379,'Мичуринский',6,1);
insert  into `city`(`id`,`name`,`region_id`,`weight`) values (380,'Мозырь',6,1);
insert  into `city`(`id`,`name`,`region_id`,`weight`) values (381,'Моргуново',6,1);
insert  into `city`(`id`,`name`,`region_id`,`weight`) values (382,'Мордовское',6,1);
insert  into `city`(`id`,`name`,`region_id`,`weight`) values (383,'Муромское',6,1);
insert  into `city`(`id`,`name`,`region_id`,`weight`) values (384,'Мысовка',6,1);
insert  into `city`(`id`,`name`,`region_id`,`weight`) values (385,'Нагорное',6,1);
insert  into `city`(`id`,`name`,`region_id`,`weight`) values (386,'Надеждино',6,1);
insert  into `city`(`id`,`name`,`region_id`,`weight`) values (387,'Наимово',6,1);
insert  into `city`(`id`,`name`,`region_id`,`weight`) values (388,'Невское',6,1);
insert  into `city`(`id`,`name`,`region_id`,`weight`) values (389,'Некрасово',6,1);
insert  into `city`(`id`,`name`,`region_id`,`weight`) values (391,'Неман',6,1);
insert  into `city`(`id`,`name`,`region_id`,`weight`) values (392,'Неманское',6,1);
insert  into `city`(`id`,`name`,`region_id`,`weight`) values (393,'Нестеров',6,1);
insert  into `city`(`id`,`name`,`region_id`,`weight`) values (394,'Нива',6,1);
insert  into `city`(`id`,`name`,`region_id`,`weight`) values (395,'Нивенское',6,1);
insert  into `city`(`id`,`name`,`region_id`,`weight`) values (396,'Низовье',6,1);
insert  into `city`(`id`,`name`,`region_id`,`weight`) values (397,'Нилово',6,1);
insert  into `city`(`id`,`name`,`region_id`,`weight`) values (398,'Новая деревня',6,1);
insert  into `city`(`id`,`name`,`region_id`,`weight`) values (399,'Новобобруйск',6,1);
insert  into `city`(`id`,`name`,`region_id`,`weight`) values (400,'Новогурьевское',6,1);
insert  into `city`(`id`,`name`,`region_id`,`weight`) values (401,'Новоколозное',6,1);
insert  into `city`(`id`,`name`,`region_id`,`weight`) values (402,'Новомосковский',6,1);
insert  into `city`(`id`,`name`,`region_id`,`weight`) values (403,'Новомосковское',6,1);
insert  into `city`(`id`,`name`,`region_id`,`weight`) values (404,'Новоселово',6,1);
insert  into `city`(`id`,`name`,`region_id`,`weight`) values (405,'Новостроево',6,1);
insert  into `city`(`id`,`name`,`region_id`,`weight`) values (407,'Новостройка',6,1);
insert  into `city`(`id`,`name`,`region_id`,`weight`) values (408,'Овражье',6,1);
insert  into `city`(`id`,`name`,`region_id`,`weight`) values (409,'Озерки',6,1);
insert  into `city`(`id`,`name`,`region_id`,`weight`) values (411,'Озерск',6,1);
insert  into `city`(`id`,`name`,`region_id`,`weight`) values (412,'Олеово',6,1);
insert  into `city`(`id`,`name`,`region_id`,`weight`) values (413,'Ольоватка',6,1);
insert  into `city`(`id`,`name`,`region_id`,`weight`) values (414,'Ольовка',6,1);
insert  into `city`(`id`,`name`,`region_id`,`weight`) values (415,'Оотное',6,1);
insert  into `city`(`id`,`name`,`region_id`,`weight`) values (416,'Ореовка',6,1);
insert  into `city`(`id`,`name`,`region_id`,`weight`) values (417,'Орловка',6,1);
insert  into `city`(`id`,`name`,`region_id`,`weight`) values (418,'Осиновка',6,1);
insert  into `city`(`id`,`name`,`region_id`,`weight`) values (419,'Островское',6,1);
insert  into `city`(`id`,`name`,`region_id`,`weight`) values (420,'Острогожское',6,1);
insert  into `city`(`id`,`name`,`region_id`,`weight`) values (421,'Отрадное',6,1);
insert  into `city`(`id`,`name`,`region_id`,`weight`) values (422,'Партизанское',6,1);
insert  into `city`(`id`,`name`,`region_id`,`weight`) values (423,'Пеньки',6,1);
insert  into `city`(`id`,`name`,`region_id`,`weight`) values (424,'Первомайское',6,1);
insert  into `city`(`id`,`name`,`region_id`,`weight`) values (426,'Переславское',6,1);
insert  into `city`(`id`,`name`,`region_id`,`weight`) values (427,'Песочное',6,1);
insert  into `city`(`id`,`name`,`region_id`,`weight`) values (428,'Петино',6,1);
insert  into `city`(`id`,`name`,`region_id`,`weight`) values (429,'Петрово',6,1);
insert  into `city`(`id`,`name`,`region_id`,`weight`) values (430,'Пионерский',6,1);
insert  into `city`(`id`,`name`,`region_id`,`weight`) values (431,'Победино',6,1);
insert  into `city`(`id`,`name`,`region_id`,`weight`) values (432,'Поваровка',6,1);
insert  into `city`(`id`,`name`,`region_id`,`weight`) values (433,'Пограничный',6,1);
insert  into `city`(`id`,`name`,`region_id`,`weight`) values (434,'Подгорное',6,1);
insert  into `city`(`id`,`name`,`region_id`,`weight`) values (435,'Подгоровка',6,1);
insert  into `city`(`id`,`name`,`region_id`,`weight`) values (436,'Поддубное',6,1);
insert  into `city`(`id`,`name`,`region_id`,`weight`) values (438,'Поддубы',6,1);
insert  into `city`(`id`,`name`,`region_id`,`weight`) values (439,'Поддубье',6,1);
insert  into `city`(`id`,`name`,`region_id`,`weight`) values (440,'Подлипово',6,1);
insert  into `city`(`id`,`name`,`region_id`,`weight`) values (441,'Покровское',6,1);
insert  into `city`(`id`,`name`,`region_id`,`weight`) values (443,'Покрышкино',6,1);
insert  into `city`(`id`,`name`,`region_id`,`weight`) values (444,'Полесск',6,1);
insert  into `city`(`id`,`name`,`region_id`,`weight`) values (445,'Полтавское',6,1);
insert  into `city`(`id`,`name`,`region_id`,`weight`) values (446,'Поречье',6,1);
insert  into `city`(`id`,`name`,`region_id`,`weight`) values (447,'Правдино',6,1);
insert  into `city`(`id`,`name`,`region_id`,`weight`) values (448,'Правдинск',6,1);
insert  into `city`(`id`,`name`,`region_id`,`weight`) values (449,'Прибрежное',6,1);
insert  into `city`(`id`,`name`,`region_id`,`weight`) values (450,'Привольное',6,1);
insert  into `city`(`id`,`name`,`region_id`,`weight`) values (451,'Пригородное',6,1);
insert  into `city`(`id`,`name`,`region_id`,`weight`) values (453,'Придорожное',6,1);
insert  into `city`(`id`,`name`,`region_id`,`weight`) values (455,'Приморск',6,1);
insert  into `city`(`id`,`name`,`region_id`,`weight`) values (456,'Приморье',6,1);
insert  into `city`(`id`,`name`,`region_id`,`weight`) values (457,'Приозерное',6,1);
insert  into `city`(`id`,`name`,`region_id`,`weight`) values (459,'Проладное',6,1);
insert  into `city`(`id`,`name`,`region_id`,`weight`) values (460,'Прооровка',6,1);
insert  into `city`(`id`,`name`,`region_id`,`weight`) values (461,'Прудное',6,1);
insert  into `city`(`id`,`name`,`region_id`,`weight`) values (462,'Пруды',6,1);
insert  into `city`(`id`,`name`,`region_id`,`weight`) values (463,'Пятидорожное',6,1);
insert  into `city`(`id`,`name`,`region_id`,`weight`) values (464,'Разино',6,1);
insert  into `city`(`id`,`name`,`region_id`,`weight`) values (465,'Ракитино',6,1);
insert  into `city`(`id`,`name`,`region_id`,`weight`) values (466,'Рассвет',6,1);
insert  into `city`(`id`,`name`,`region_id`,`weight`) values (467,'Ржевское',6,1);
insert  into `city`(`id`,`name`,`region_id`,`weight`) values (468,'Ровное',6,1);
insert  into `city`(`id`,`name`,`region_id`,`weight`) values (469,'Родники',6,1);
insert  into `city`(`id`,`name`,`region_id`,`weight`) values (470,'Романово',6,1);
insert  into `city`(`id`,`name`,`region_id`,`weight`) values (471,'Россия',6,1);
insert  into `city`(`id`,`name`,`region_id`,`weight`) values (472,'Рощино',6,1);
insert  into `city`(`id`,`name`,`region_id`,`weight`) values (474,'Ручьи',6,1);
insert  into `city`(`id`,`name`,`region_id`,`weight`) values (475,'Рыбачий',6,1);
insert  into `city`(`id`,`name`,`region_id`,`weight`) values (476,'Рыбкино',6,1);
insert  into `city`(`id`,`name`,`region_id`,`weight`) values (477,'Рябиновка',6,1);
insert  into `city`(`id`,`name`,`region_id`,`weight`) values (478,'Садовое',6,1);
insert  into `city`(`id`,`name`,`region_id`,`weight`) values (480,'Саранское',6,1);
insert  into `city`(`id`,`name`,`region_id`,`weight`) values (481,'Светлогорск',6,1);
insert  into `city`(`id`,`name`,`region_id`,`weight`) values (482,'Светлый',6,1);
insert  into `city`(`id`,`name`,`region_id`,`weight`) values (483,'Свобода',6,1);
insert  into `city`(`id`,`name`,`region_id`,`weight`) values (484,'Северный',6,1);
insert  into `city`(`id`,`name`,`region_id`,`weight`) values (486,'Севское',6,1);
insert  into `city`(`id`,`name`,`region_id`,`weight`) values (487,'Семеново',6,1);
insert  into `city`(`id`,`name`,`region_id`,`weight`) values (488,'Славинск',6,1);
insert  into `city`(`id`,`name`,`region_id`,`weight`) values (489,'Славск',6,1);
insert  into `city`(`id`,`name`,`region_id`,`weight`) values (490,'Славское',6,1);
insert  into `city`(`id`,`name`,`region_id`,`weight`) values (491,'Славяновка',6,1);
insert  into `city`(`id`,`name`,`region_id`,`weight`) values (492,'Славянское',6,1);
insert  into `city`(`id`,`name`,`region_id`,`weight`) values (493,'Советск',6,1);
insert  into `city`(`id`,`name`,`region_id`,`weight`) values (494,'Совозное',6,1);
insert  into `city`(`id`,`name`,`region_id`,`weight`) values (495,'Совозный',6,1);
insert  into `city`(`id`,`name`,`region_id`,`weight`) values (496,'Сокольники',6,1);
insert  into `city`(`id`,`name`,`region_id`,`weight`) values (497,'Солдатово',6,1);
insert  into `city`(`id`,`name`,`region_id`,`weight`) values (499,'Соловьево',6,1);
insert  into `city`(`id`,`name`,`region_id`,`weight`) values (500,'Солонцы',6,1);
insert  into `city`(`id`,`name`,`region_id`,`weight`) values (501,'Сопкино',6,1);
insert  into `city`(`id`,`name`,`region_id`,`weight`) values (502,'Сосновка',6,1);
insert  into `city`(`id`,`name`,`region_id`,`weight`) values (505,'Стройный',6,1);
insert  into `city`(`id`,`name`,`region_id`,`weight`) values (506,'Суворовка',6,1);
insert  into `city`(`id`,`name`,`region_id`,`weight`) values (507,'Суворово',6,1);
insert  into `city`(`id`,`name`,`region_id`,`weight`) values (508,'Талпаки',6,1);
insert  into `city`(`id`,`name`,`region_id`,`weight`) values (509,'Тимирязево',6,1);
insert  into `city`(`id`,`name`,`region_id`,`weight`) values (510,'Тимофеевка',6,1);
insert  into `city`(`id`,`name`,`region_id`,`weight`) values (511,'Тимофеево',6,1);
insert  into `city`(`id`,`name`,`region_id`,`weight`) values (512,'Тишино',6,1);
insert  into `city`(`id`,`name`,`region_id`,`weight`) values (513,'Тростники',6,1);
insert  into `city`(`id`,`name`,`region_id`,`weight`) values (514,'Тумановка',6,1);
insert  into `city`(`id`,`name`,`region_id`,`weight`) values (515,'Тургенево',6,1);
insert  into `city`(`id`,`name`,`region_id`,`weight`) values (516,'Тюленино',6,1);
insert  into `city`(`id`,`name`,`region_id`,`weight`) values (517,'Узловое',6,1);
insert  into `city`(`id`,`name`,`region_id`,`weight`) values (518,'Ульяново',6,1);
insert  into `city`(`id`,`name`,`region_id`,`weight`) values (519,'Ушаковка',6,1);
insert  into `city`(`id`,`name`,`region_id`,`weight`) values (520,'Ушаково',6,1);
insert  into `city`(`id`,`name`,`region_id`,`weight`) values (521,'Февральское',6,1);
insert  into `city`(`id`,`name`,`region_id`,`weight`) values (522,'Федотово',6,1);
insert  into `city`(`id`,`name`,`region_id`,`weight`) values (523,'Филипповка',6,1);
insert  into `city`(`id`,`name`,`region_id`,`weight`) values (524,'Фрунзенское',6,1);
insert  into `city`(`id`,`name`,`region_id`,`weight`) values (525,'Фурмановка',6,1);
insert  into `city`(`id`,`name`,`region_id`,`weight`) values (526,'Фурманово',6,1);
insert  into `city`(`id`,`name`,`region_id`,`weight`) values (527,'Хлебниково',6,1);
insert  into `city`(`id`,`name`,`region_id`,`weight`) values (528,'Холмогоровка',6,1);
insert  into `city`(`id`,`name`,`region_id`,`weight`) values (529,'Холмогорье',6,1);
insert  into `city`(`id`,`name`,`region_id`,`weight`) values (530,'Холмы',6,1);
insert  into `city`(`id`,`name`,`region_id`,`weight`) values (531,'Чайкино',6,1);
insert  into `city`(`id`,`name`,`region_id`,`weight`) values (532,'Чеово',6,1);
insert  into `city`(`id`,`name`,`region_id`,`weight`) values (533,'Черемуино',6,1);
insert  into `city`(`id`,`name`,`region_id`,`weight`) values (534,'Чернышевское',6,1);
insert  into `city`(`id`,`name`,`region_id`,`weight`) values (535,'Черняховск',6,1);
insert  into `city`(`id`,`name`,`region_id`,`weight`) values (536,'Чистополье',6,1);
insert  into `city`(`id`,`name`,`region_id`,`weight`) values (537,'Чистые пруды',6,1);
insert  into `city`(`id`,`name`,`region_id`,`weight`) values (538,'Шевченко',6,1);
insert  into `city`(`id`,`name`,`region_id`,`weight`) values (539,'Широкое',6,1);
insert  into `city`(`id`,`name`,`region_id`,`weight`) values (540,'Шолоово',6,1);
insert  into `city`(`id`,`name`,`region_id`,`weight`) values (541,'Шоссейный',6,1);
insert  into `city`(`id`,`name`,`region_id`,`weight`) values (542,'Щегловка',6,1);
insert  into `city`(`id`,`name`,`region_id`,`weight`) values (543,'Щеглы',6,1);
insert  into `city`(`id`,`name`,`region_id`,`weight`) values (544,'Юдино',6,1);
insert  into `city`(`id`,`name`,`region_id`,`weight`) values (545,'Южный',6,1);
insert  into `city`(`id`,`name`,`region_id`,`weight`) values (546,'Яблоневка',6,1);
insert  into `city`(`id`,`name`,`region_id`,`weight`) values (548,'Яблоновка',6,1);
insert  into `city`(`id`,`name`,`region_id`,`weight`) values (549,'Ягодное',6,1);
insert  into `city`(`id`,`name`,`region_id`,`weight`) values (550,'Янтарный',6,1);
insert  into `city`(`id`,`name`,`region_id`,`weight`) values (551,'Ярки',6,1);
insert  into `city`(`id`,`name`,`region_id`,`weight`) values (552,'Яровое',6,1);
insert  into `city`(`id`,`name`,`region_id`,`weight`) values (553,'Ярославское',6,1);
insert  into `city`(`id`,`name`,`region_id`,`weight`) values (554,'Ясеньское',6,1);
insert  into `city`(`id`,`name`,`region_id`,`weight`) values (555,'Ясная поляна',6,1);
insert  into `city`(`id`,`name`,`region_id`,`weight`) values (556,'Ясное',6,1);
insert  into `city`(`id`,`name`,`region_id`,`weight`) values (557,'Агаповка',7,1);
insert  into `city`(`id`,`name`,`region_id`,`weight`) values (558,'Аргаяш',7,1);
insert  into `city`(`id`,`name`,`region_id`,`weight`) values (559,'Аша',7,1);
insert  into `city`(`id`,`name`,`region_id`,`weight`) values (560,'Бреды',7,1);
insert  into `city`(`id`,`name`,`region_id`,`weight`) values (561,'Варна',7,1);
insert  into `city`(`id`,`name`,`region_id`,`weight`) values (562,'Верхнеуральск',7,1);
insert  into `city`(`id`,`name`,`region_id`,`weight`) values (563,'Верхний Уфалей',7,1);
insert  into `city`(`id`,`name`,`region_id`,`weight`) values (564,'Долгодеревенское',7,1);
insert  into `city`(`id`,`name`,`region_id`,`weight`) values (565,'Еманжелинск',7,1);
insert  into `city`(`id`,`name`,`region_id`,`weight`) values (566,'Еткуль',7,1);
insert  into `city`(`id`,`name`,`region_id`,`weight`) values (567,'Златоуст',7,187000);
insert  into `city`(`id`,`name`,`region_id`,`weight`) values (568,'Карабаш',7,1);
insert  into `city`(`id`,`name`,`region_id`,`weight`) values (569,'Карталы',7,1);
insert  into `city`(`id`,`name`,`region_id`,`weight`) values (570,'Касли',7,1);
insert  into `city`(`id`,`name`,`region_id`,`weight`) values (571,'Катав-Ивановск',7,1);
insert  into `city`(`id`,`name`,`region_id`,`weight`) values (572,'Кизильское',7,1);
insert  into `city`(`id`,`name`,`region_id`,`weight`) values (573,'Копейск',7,137000);
insert  into `city`(`id`,`name`,`region_id`,`weight`) values (574,'Коркино',7,1);
insert  into `city`(`id`,`name`,`region_id`,`weight`) values (575,'Кунашак',7,1);
insert  into `city`(`id`,`name`,`region_id`,`weight`) values (576,'Куса',7,1);
insert  into `city`(`id`,`name`,`region_id`,`weight`) values (577,'Кыштым',7,1);
insert  into `city`(`id`,`name`,`region_id`,`weight`) values (578,'Магнитогорск',7,410000);
insert  into `city`(`id`,`name`,`region_id`,`weight`) values (579,'Миасское',7,1);
insert  into `city`(`id`,`name`,`region_id`,`weight`) values (580,'Миасс',7,152000);
insert  into `city`(`id`,`name`,`region_id`,`weight`) values (581,'Миньяр',7,1);
insert  into `city`(`id`,`name`,`region_id`,`weight`) values (582,'Нязепетровск',7,1);
insert  into `city`(`id`,`name`,`region_id`,`weight`) values (583,'Озерск',7,1);
insert  into `city`(`id`,`name`,`region_id`,`weight`) values (584,'Октябрьское',7,1);
insert  into `city`(`id`,`name`,`region_id`,`weight`) values (585,'Пласт',7,1);
insert  into `city`(`id`,`name`,`region_id`,`weight`) values (586,'Сатка',7,1);
insert  into `city`(`id`,`name`,`region_id`,`weight`) values (587,'Снежинск',7,1);
insert  into `city`(`id`,`name`,`region_id`,`weight`) values (588,'Солнечная Долина',7,1);
insert  into `city`(`id`,`name`,`region_id`,`weight`) values (589,'Трехгорный',7,1);
insert  into `city`(`id`,`name`,`region_id`,`weight`) values (590,'Троицк',7,1);
insert  into `city`(`id`,`name`,`region_id`,`weight`) values (591,'Увельский',7,1);
insert  into `city`(`id`,`name`,`region_id`,`weight`) values (592,'Уйское',7,1);
insert  into `city`(`id`,`name`,`region_id`,`weight`) values (593,'Усть-Катав',7,1);
insert  into `city`(`id`,`name`,`region_id`,`weight`) values (594,'Фершампенуаз',7,1);
insert  into `city`(`id`,`name`,`region_id`,`weight`) values (595,'Чебаркуль',7,1);
insert  into `city`(`id`,`name`,`region_id`,`weight`) values (596,'Челябинск',7,1096000);
insert  into `city`(`id`,`name`,`region_id`,`weight`) values (598,'Чесма',7,1);
insert  into `city`(`id`,`name`,`region_id`,`weight`) values (599,'Южноуральск',7,1);
insert  into `city`(`id`,`name`,`region_id`,`weight`) values (600,'Агрыз',8,1);
insert  into `city`(`id`,`name`,`region_id`,`weight`) values (601,'Азнакаево',8,1);
insert  into `city`(`id`,`name`,`region_id`,`weight`) values (602,'Аксубаево',8,1);
insert  into `city`(`id`,`name`,`region_id`,`weight`) values (603,'Актаныш',8,1);
insert  into `city`(`id`,`name`,`region_id`,`weight`) values (604,'Алексеевское',8,1);
insert  into `city`(`id`,`name`,`region_id`,`weight`) values (605,'Алькеево',8,1);
insert  into `city`(`id`,`name`,`region_id`,`weight`) values (606,'Альметьевск',8,142000);
insert  into `city`(`id`,`name`,`region_id`,`weight`) values (607,'Апастово',8,1);
insert  into `city`(`id`,`name`,`region_id`,`weight`) values (608,'Арск',8,1);
insert  into `city`(`id`,`name`,`region_id`,`weight`) values (609,'Атня',8,1);
insert  into `city`(`id`,`name`,`region_id`,`weight`) values (610,'Бавлы',8,1);
insert  into `city`(`id`,`name`,`region_id`,`weight`) values (611,'Балтаси',8,1);
insert  into `city`(`id`,`name`,`region_id`,`weight`) values (612,'Богатые Сабы',8,1);
insert  into `city`(`id`,`name`,`region_id`,`weight`) values (613,'Болгар',8,1);
insert  into `city`(`id`,`name`,`region_id`,`weight`) values (614,'Бугульма',8,1);
insert  into `city`(`id`,`name`,`region_id`,`weight`) values (615,'Буинск',8,1);
insert  into `city`(`id`,`name`,`region_id`,`weight`) values (616,'Васильево',8,1);
insert  into `city`(`id`,`name`,`region_id`,`weight`) values (617,'Верхний Услон',8,1);
insert  into `city`(`id`,`name`,`region_id`,`weight`) values (618,'Высокая Гора',8,1);
insert  into `city`(`id`,`name`,`region_id`,`weight`) values (619,'Дрожжаное',8,1);
insert  into `city`(`id`,`name`,`region_id`,`weight`) values (620,'Елабуга',8,1);
insert  into `city`(`id`,`name`,`region_id`,`weight`) values (621,'Заинск',8,1);
insert  into `city`(`id`,`name`,`region_id`,`weight`) values (622,'Зеленодольск',8,1);
insert  into `city`(`id`,`name`,`region_id`,`weight`) values (623,'Казань',8,1137000);
insert  into `city`(`id`,`name`,`region_id`,`weight`) values (624,'Кайбицы',8,1);
insert  into `city`(`id`,`name`,`region_id`,`weight`) values (625,'Камское Устье',8,1);
insert  into `city`(`id`,`name`,`region_id`,`weight`) values (626,'Кукмор',8,1);
insert  into `city`(`id`,`name`,`region_id`,`weight`) values (627,'Лаишево',8,1);
insert  into `city`(`id`,`name`,`region_id`,`weight`) values (628,'Лениногорск',8,1);
insert  into `city`(`id`,`name`,`region_id`,`weight`) values (629,'Мамадыш',8,1);
insert  into `city`(`id`,`name`,`region_id`,`weight`) values (630,'Менделеевск',8,1);
insert  into `city`(`id`,`name`,`region_id`,`weight`) values (631,'Мензелинск',8,1);
insert  into `city`(`id`,`name`,`region_id`,`weight`) values (632,'Муслюмово',8,1);
insert  into `city`(`id`,`name`,`region_id`,`weight`) values (633,'Набережные Челны',8,510000);
insert  into `city`(`id`,`name`,`region_id`,`weight`) values (634,'Нижнекамск',8,227000);
insert  into `city`(`id`,`name`,`region_id`,`weight`) values (635,'Новошешминск',8,1);
insert  into `city`(`id`,`name`,`region_id`,`weight`) values (636,'Нурлаты',8,1);
insert  into `city`(`id`,`name`,`region_id`,`weight`) values (637,'Пестрецы',8,1);
insert  into `city`(`id`,`name`,`region_id`,`weight`) values (638,'Рыбная Слобода',8,1);
insert  into `city`(`id`,`name`,`region_id`,`weight`) values (639,'Сарманово',8,1);
insert  into `city`(`id`,`name`,`region_id`,`weight`) values (640,'Спасск',8,1);
insert  into `city`(`id`,`name`,`region_id`,`weight`) values (641,'Тетюши',8,1);
insert  into `city`(`id`,`name`,`region_id`,`weight`) values (642,'Тюлячи',8,1);
insert  into `city`(`id`,`name`,`region_id`,`weight`) values (643,'Уруссу',8,1);
insert  into `city`(`id`,`name`,`region_id`,`weight`) values (644,'Черемшаны',8,1);
insert  into `city`(`id`,`name`,`region_id`,`weight`) values (645,'Чистополь',8,1);
insert  into `city`(`id`,`name`,`region_id`,`weight`) values (646,'Адреаполь',9,1);
insert  into `city`(`id`,`name`,`region_id`,`weight`) values (647,'Бежецк',9,1);
insert  into `city`(`id`,`name`,`region_id`,`weight`) values (648,'Белый',9,1);
insert  into `city`(`id`,`name`,`region_id`,`weight`) values (649,'Бологое',9,1);
insert  into `city`(`id`,`name`,`region_id`,`weight`) values (650,'Вышний Волочек',9,1);
insert  into `city`(`id`,`name`,`region_id`,`weight`) values (651,'Западная Двина',9,1);
insert  into `city`(`id`,`name`,`region_id`,`weight`) values (652,'Зубцов',9,1);
insert  into `city`(`id`,`name`,`region_id`,`weight`) values (653,'Калязин',9,1);
insert  into `city`(`id`,`name`,`region_id`,`weight`) values (654,'Кашин',9,1);
insert  into `city`(`id`,`name`,`region_id`,`weight`) values (655,'Кимры',9,1);
insert  into `city`(`id`,`name`,`region_id`,`weight`) values (656,'Конаково',9,1);
insert  into `city`(`id`,`name`,`region_id`,`weight`) values (657,'Красный Холм',9,1);
insert  into `city`(`id`,`name`,`region_id`,`weight`) values (658,'Кувшиново',9,1);
insert  into `city`(`id`,`name`,`region_id`,`weight`) values (659,'Лесное',9,1);
insert  into `city`(`id`,`name`,`region_id`,`weight`) values (660,'Лихославль',9,1);
insert  into `city`(`id`,`name`,`region_id`,`weight`) values (661,'Максатиха',9,1);
insert  into `city`(`id`,`name`,`region_id`,`weight`) values (662,'Нелидово',9,1);
insert  into `city`(`id`,`name`,`region_id`,`weight`) values (663,'Оленино',9,1);
insert  into `city`(`id`,`name`,`region_id`,`weight`) values (664,'Осташков',9,1);
insert  into `city`(`id`,`name`,`region_id`,`weight`) values (665,'Пено',9,1);
insert  into `city`(`id`,`name`,`region_id`,`weight`) values (666,'Рамешки',9,1);
insert  into `city`(`id`,`name`,`region_id`,`weight`) values (667,'Ржев',9,1);
insert  into `city`(`id`,`name`,`region_id`,`weight`) values (668,'Сандово',9,1);
insert  into `city`(`id`,`name`,`region_id`,`weight`) values (669,'Сонково',9,1);
insert  into `city`(`id`,`name`,`region_id`,`weight`) values (670,'Старица',9,1);
insert  into `city`(`id`,`name`,`region_id`,`weight`) values (671,'Тверь',9,410000);
insert  into `city`(`id`,`name`,`region_id`,`weight`) values (672,'Торжок',9,1);
insert  into `city`(`id`,`name`,`region_id`,`weight`) values (673,'Торопец',9,1);
insert  into `city`(`id`,`name`,`region_id`,`weight`) values (674,'Удомля',9,1);
insert  into `city`(`id`,`name`,`region_id`,`weight`) values (675,'Фирово',9,1);
insert  into `city`(`id`,`name`,`region_id`,`weight`) values (676,'Адыгейск',10,1);
insert  into `city`(`id`,`name`,`region_id`,`weight`) values (677,'Гиагинская',10,1);
insert  into `city`(`id`,`name`,`region_id`,`weight`) values (678,'Кошехабль',10,1);
insert  into `city`(`id`,`name`,`region_id`,`weight`) values (679,'Красногвардейск',10,1);
insert  into `city`(`id`,`name`,`region_id`,`weight`) values (680,'Майкоп',10,155000);
insert  into `city`(`id`,`name`,`region_id`,`weight`) values (681,'Тахтамукай',10,1);
insert  into `city`(`id`,`name`,`region_id`,`weight`) values (682,'Тульский',10,1);
insert  into `city`(`id`,`name`,`region_id`,`weight`) values (683,'Хакуринохабль',10,1);
insert  into `city`(`id`,`name`,`region_id`,`weight`) values (684,'Шовгеновский',10,1);
insert  into `city`(`id`,`name`,`region_id`,`weight`) values (685,'Адыге-Хабль',11,1);
insert  into `city`(`id`,`name`,`region_id`,`weight`) values (686,'Зеленчукская',11,1);
insert  into `city`(`id`,`name`,`region_id`,`weight`) values (687,'Преградная',11,1);
insert  into `city`(`id`,`name`,`region_id`,`weight`) values (688,'Усть-Джегута',11,1);
insert  into `city`(`id`,`name`,`region_id`,`weight`) values (689,'Учкекен',11,1);
insert  into `city`(`id`,`name`,`region_id`,`weight`) values (690,'Черкесск',11,116500);
insert  into `city`(`id`,`name`,`region_id`,`weight`) values (691,'Азово',12,1);
insert  into `city`(`id`,`name`,`region_id`,`weight`) values (692,'Большеречье',12,1);
insert  into `city`(`id`,`name`,`region_id`,`weight`) values (693,'Большие Уки',12,1);
insert  into `city`(`id`,`name`,`region_id`,`weight`) values (694,'Горьковское',12,1);
insert  into `city`(`id`,`name`,`region_id`,`weight`) values (695,'Знаменское',12,1);
insert  into `city`(`id`,`name`,`region_id`,`weight`) values (696,'Исилькуль',12,1);
insert  into `city`(`id`,`name`,`region_id`,`weight`) values (697,'Калачинск',12,1);
insert  into `city`(`id`,`name`,`region_id`,`weight`) values (698,'Колосовка',12,1);
insert  into `city`(`id`,`name`,`region_id`,`weight`) values (699,'Кормиловка',12,1);
insert  into `city`(`id`,`name`,`region_id`,`weight`) values (700,'Крутинка',12,1);
insert  into `city`(`id`,`name`,`region_id`,`weight`) values (701,'Любинский',12,1);
insert  into `city`(`id`,`name`,`region_id`,`weight`) values (702,'Марьяновка',12,1);
insert  into `city`(`id`,`name`,`region_id`,`weight`) values (703,'Москаленки',12,1);
insert  into `city`(`id`,`name`,`region_id`,`weight`) values (704,'Муромцево',12,1);
insert  into `city`(`id`,`name`,`region_id`,`weight`) values (705,'Называевск',12,1);
insert  into `city`(`id`,`name`,`region_id`,`weight`) values (706,'Нижняя Омка',12,1);
insert  into `city`(`id`,`name`,`region_id`,`weight`) values (707,'Нововаршавка',12,1);
insert  into `city`(`id`,`name`,`region_id`,`weight`) values (708,'Одесское',12,1);
insert  into `city`(`id`,`name`,`region_id`,`weight`) values (709,'Оконешниково',12,1);
insert  into `city`(`id`,`name`,`region_id`,`weight`) values (710,'Омск',12,1128000);
insert  into `city`(`id`,`name`,`region_id`,`weight`) values (711,'Павлоградка',12,1);
insert  into `city`(`id`,`name`,`region_id`,`weight`) values (712,'Полтавка',12,1);
insert  into `city`(`id`,`name`,`region_id`,`weight`) values (713,'Русская Поляна',12,1);
insert  into `city`(`id`,`name`,`region_id`,`weight`) values (714,'Саргатское',12,1);
insert  into `city`(`id`,`name`,`region_id`,`weight`) values (715,'Седельниково',12,1);
insert  into `city`(`id`,`name`,`region_id`,`weight`) values (716,'Таврическое',12,1);
insert  into `city`(`id`,`name`,`region_id`,`weight`) values (717,'Тара',12,1);
insert  into `city`(`id`,`name`,`region_id`,`weight`) values (718,'Тевриз',12,1);
insert  into `city`(`id`,`name`,`region_id`,`weight`) values (719,'Тюкалинск',12,1);
insert  into `city`(`id`,`name`,`region_id`,`weight`) values (720,'Усть-Ишим',12,1);
insert  into `city`(`id`,`name`,`region_id`,`weight`) values (721,'Черлак',12,1);
insert  into `city`(`id`,`name`,`region_id`,`weight`) values (722,'Шербакуль',12,1);
insert  into `city`(`id`,`name`,`region_id`,`weight`) values (723,'Азов',13,1);
insert  into `city`(`id`,`name`,`region_id`,`weight`) values (724,'Аксай',13,1);
insert  into `city`(`id`,`name`,`region_id`,`weight`) values (725,'Багаевский',13,1);
insert  into `city`(`id`,`name`,`region_id`,`weight`) values (726,'Батайск',13,104000);
insert  into `city`(`id`,`name`,`region_id`,`weight`) values (727,'Белая Калитва',13,1);
insert  into `city`(`id`,`name`,`region_id`,`weight`) values (728,'Боковская',13,1);
insert  into `city`(`id`,`name`,`region_id`,`weight`) values (729,'Большая Мартыновка',13,1);
insert  into `city`(`id`,`name`,`region_id`,`weight`) values (730,'Веселый',13,1);
insert  into `city`(`id`,`name`,`region_id`,`weight`) values (731,'Вешенская',13,1);
insert  into `city`(`id`,`name`,`region_id`,`weight`) values (732,'Волгодонск',13,169000);
insert  into `city`(`id`,`name`,`region_id`,`weight`) values (733,'Гуково',13,1);
insert  into `city`(`id`,`name`,`region_id`,`weight`) values (734,'Донецк',13,1);
insert  into `city`(`id`,`name`,`region_id`,`weight`) values (735,'Дубовское',13,1);
insert  into `city`(`id`,`name`,`region_id`,`weight`) values (736,'Егорлыкская',13,1);
insert  into `city`(`id`,`name`,`region_id`,`weight`) values (737,'Заветное',13,1);
insert  into `city`(`id`,`name`,`region_id`,`weight`) values (738,'Зерноград',13,1);
insert  into `city`(`id`,`name`,`region_id`,`weight`) values (739,'Зимовники',13,1);
insert  into `city`(`id`,`name`,`region_id`,`weight`) values (740,'Кагальницкая',13,1);
insert  into `city`(`id`,`name`,`region_id`,`weight`) values (741,'Каменоломни',13,1);
insert  into `city`(`id`,`name`,`region_id`,`weight`) values (742,'Каменск- Шахтинский',13,1);
insert  into `city`(`id`,`name`,`region_id`,`weight`) values (743,'Кашары',13,1);
insert  into `city`(`id`,`name`,`region_id`,`weight`) values (744,'Константиновск',13,1);
insert  into `city`(`id`,`name`,`region_id`,`weight`) values (745,'Красный Сулин',13,1);
insert  into `city`(`id`,`name`,`region_id`,`weight`) values (746,'Куйбышево',13,1);
insert  into `city`(`id`,`name`,`region_id`,`weight`) values (747,'Мартыновка',13,1);
insert  into `city`(`id`,`name`,`region_id`,`weight`) values (748,'Матвеев Курган',13,1);
insert  into `city`(`id`,`name`,`region_id`,`weight`) values (749,'Миллерово',13,1);
insert  into `city`(`id`,`name`,`region_id`,`weight`) values (750,'Милютинская',13,1);
insert  into `city`(`id`,`name`,`region_id`,`weight`) values (751,'Морозовск',13,1);
insert  into `city`(`id`,`name`,`region_id`,`weight`) values (752,'Новочеркасск',13,177000);
insert  into `city`(`id`,`name`,`region_id`,`weight`) values (753,'Новошахтинск',13,113000);
insert  into `city`(`id`,`name`,`region_id`,`weight`) values (754,'Обливская',13,1);
insert  into `city`(`id`,`name`,`region_id`,`weight`) values (755,'Октябрьск',13,1);
insert  into `city`(`id`,`name`,`region_id`,`weight`) values (756,'Орловский',13,1);
insert  into `city`(`id`,`name`,`region_id`,`weight`) values (757,'Песчанокопск',13,1);
insert  into `city`(`id`,`name`,`region_id`,`weight`) values (758,'Покровское',13,1);
insert  into `city`(`id`,`name`,`region_id`,`weight`) values (759,'Пролетарск',13,1);
insert  into `city`(`id`,`name`,`region_id`,`weight`) values (760,'Ремонтное',13,1);
insert  into `city`(`id`,`name`,`region_id`,`weight`) values (761,'Родионово-Несветайская',13,1);
insert  into `city`(`id`,`name`,`region_id`,`weight`) values (762,'Романовская',13,1);
insert  into `city`(`id`,`name`,`region_id`,`weight`) values (763,'Ростов',13,1);
insert  into `city`(`id`,`name`,`region_id`,`weight`) values (764,'Сальск',13,1);
insert  into `city`(`id`,`name`,`region_id`,`weight`) values (765,'Семикаракорск',13,1);
insert  into `city`(`id`,`name`,`region_id`,`weight`) values (766,'Таганрог',13,255000);
insert  into `city`(`id`,`name`,`region_id`,`weight`) values (767,'Тарасовский',13,1);
insert  into `city`(`id`,`name`,`region_id`,`weight`) values (768,'Тацинский',13,1);
insert  into `city`(`id`,`name`,`region_id`,`weight`) values (769,'Усть-Донецкий',13,1);
insert  into `city`(`id`,`name`,`region_id`,`weight`) values (770,'Целина',13,1);
insert  into `city`(`id`,`name`,`region_id`,`weight`) values (771,'Цимлянск',13,1);
insert  into `city`(`id`,`name`,`region_id`,`weight`) values (772,'Чалтырь',13,1);
insert  into `city`(`id`,`name`,`region_id`,`weight`) values (773,'Чертково',13,1);
insert  into `city`(`id`,`name`,`region_id`,`weight`) values (774,'Шахты',13,245000);
insert  into `city`(`id`,`name`,`region_id`,`weight`) values (775,'Айкино',14,1);
insert  into `city`(`id`,`name`,`region_id`,`weight`) values (776,'Акбулак',14,1);
insert  into `city`(`id`,`name`,`region_id`,`weight`) values (777,'Визинга',14,1);
insert  into `city`(`id`,`name`,`region_id`,`weight`) values (778,'Воркута',14,1);
insert  into `city`(`id`,`name`,`region_id`,`weight`) values (779,'Вуктыл',14,1);
insert  into `city`(`id`,`name`,`region_id`,`weight`) values (780,'Выльгорт',14,1);
insert  into `city`(`id`,`name`,`region_id`,`weight`) values (781,'Выльногорск',14,1);
insert  into `city`(`id`,`name`,`region_id`,`weight`) values (782,'Емва',14,1);
insert  into `city`(`id`,`name`,`region_id`,`weight`) values (783,'Ижма',14,1);
insert  into `city`(`id`,`name`,`region_id`,`weight`) values (784,'Инта',14,1);
insert  into `city`(`id`,`name`,`region_id`,`weight`) values (785,'Койгородок',14,1);
insert  into `city`(`id`,`name`,`region_id`,`weight`) values (786,'Корткерос',14,1);
insert  into `city`(`id`,`name`,`region_id`,`weight`) values (787,'Обьячево',14,1);
insert  into `city`(`id`,`name`,`region_id`,`weight`) values (788,'Печора',14,1);
insert  into `city`(`id`,`name`,`region_id`,`weight`) values (789,'Сосногорск',14,1);
insert  into `city`(`id`,`name`,`region_id`,`weight`) values (790,'Сыктывкар',14,236000);
insert  into `city`(`id`,`name`,`region_id`,`weight`) values (791,'Троицко-Печорск',14,1);
insert  into `city`(`id`,`name`,`region_id`,`weight`) values (792,'Усинск',14,1);
insert  into `city`(`id`,`name`,`region_id`,`weight`) values (793,'Усогорск',14,1);
insert  into `city`(`id`,`name`,`region_id`,`weight`) values (794,'Усть-Кулом',14,1);
insert  into `city`(`id`,`name`,`region_id`,`weight`) values (795,'Усть-Цильма',14,1);
insert  into `city`(`id`,`name`,`region_id`,`weight`) values (796,'Ухта',14,103700);
insert  into `city`(`id`,`name`,`region_id`,`weight`) values (797,'Аксарка',15,1);
insert  into `city`(`id`,`name`,`region_id`,`weight`) values (798,'Красноселькуп',15,1);
insert  into `city`(`id`,`name`,`region_id`,`weight`) values (799,'Лабытнанги',15,1);
insert  into `city`(`id`,`name`,`region_id`,`weight`) values (800,'Мужи',15,1);
insert  into `city`(`id`,`name`,`region_id`,`weight`) values (801,'Надым',15,1);
insert  into `city`(`id`,`name`,`region_id`,`weight`) values (802,'Новый Уренгой',15,119600);
insert  into `city`(`id`,`name`,`region_id`,`weight`) values (803,'Салехард',15,1);
insert  into `city`(`id`,`name`,`region_id`,`weight`) values (804,'Тазовский',15,1);
insert  into `city`(`id`,`name`,`region_id`,`weight`) values (805,'Харп',15,1);
insert  into `city`(`id`,`name`,`region_id`,`weight`) values (806,'Яр-сале',15,1);
insert  into `city`(`id`,`name`,`region_id`,`weight`) values (807,'Акша',16,1);
insert  into `city`(`id`,`name`,`region_id`,`weight`) values (808,'Ачинское',16,1);
insert  into `city`(`id`,`name`,`region_id`,`weight`) values (809,'Белебей',16,1);
insert  into `city`(`id`,`name`,`region_id`,`weight`) values (810,'Борзя',16,1);
insert  into `city`(`id`,`name`,`region_id`,`weight`) values (811,'Верх-Усугли',16,1);
insert  into `city`(`id`,`name`,`region_id`,`weight`) values (812,'Дульдурга',16,1);
insert  into `city`(`id`,`name`,`region_id`,`weight`) values (813,'Забайкальск',16,1);
insert  into `city`(`id`,`name`,`region_id`,`weight`) values (814,'Калга',16,1);
insert  into `city`(`id`,`name`,`region_id`,`weight`) values (815,'Кара',16,1);
insert  into `city`(`id`,`name`,`region_id`,`weight`) values (816,'Карымская',16,1);
insert  into `city`(`id`,`name`,`region_id`,`weight`) values (817,'Красной Чикой',16,1);
insert  into `city`(`id`,`name`,`region_id`,`weight`) values (818,'Краснокаменск',16,1);
insert  into `city`(`id`,`name`,`region_id`,`weight`) values (819,'Могайтуй',16,1);
insert  into `city`(`id`,`name`,`region_id`,`weight`) values (820,'Нерчинск',16,1);
insert  into `city`(`id`,`name`,`region_id`,`weight`) values (821,'Первомайский',16,1);
insert  into `city`(`id`,`name`,`region_id`,`weight`) values (822,'Приаргунск',16,1);
insert  into `city`(`id`,`name`,`region_id`,`weight`) values (823,'Сретенск',16,1);
insert  into `city`(`id`,`name`,`region_id`,`weight`) values (824,'Старая Чара',16,1);
insert  into `city`(`id`,`name`,`region_id`,`weight`) values (825,'Улеты',16,1);
insert  into `city`(`id`,`name`,`region_id`,`weight`) values (826,'Хилок',16,1);
insert  into `city`(`id`,`name`,`region_id`,`weight`) values (827,'Чернышевск',16,1);
insert  into `city`(`id`,`name`,`region_id`,`weight`) values (828,'Чита',16,309000);
insert  into `city`(`id`,`name`,`region_id`,`weight`) values (829,'Шелопугино',16,1);
insert  into `city`(`id`,`name`,`region_id`,`weight`) values (830,'Шилка',16,1);
insert  into `city`(`id`,`name`,`region_id`,`weight`) values (831,'Акъяр',17,1);
insert  into `city`(`id`,`name`,`region_id`,`weight`) values (832,'Архангельское',17,1);
insert  into `city`(`id`,`name`,`region_id`,`weight`) values (833,'Аскарово',17,1);
insert  into `city`(`id`,`name`,`region_id`,`weight`) values (834,'Аскино',17,1);
insert  into `city`(`id`,`name`,`region_id`,`weight`) values (835,'Баймак',17,1);
insert  into `city`(`id`,`name`,`region_id`,`weight`) values (836,'Бакалы',17,1);
insert  into `city`(`id`,`name`,`region_id`,`weight`) values (837,'Белебей',17,1);
insert  into `city`(`id`,`name`,`region_id`,`weight`) values (838,'Белорецк',17,1);
insert  into `city`(`id`,`name`,`region_id`,`weight`) values (839,'Бижбуляк',17,1);
insert  into `city`(`id`,`name`,`region_id`,`weight`) values (840,'Бирск',17,1);
insert  into `city`(`id`,`name`,`region_id`,`weight`) values (841,'Благовещенск',17,1);
insert  into `city`(`id`,`name`,`region_id`,`weight`) values (842,'Большеустьикинское',17,1);
insert  into `city`(`id`,`name`,`region_id`,`weight`) values (843,'Буздяк',17,1);
insert  into `city`(`id`,`name`,`region_id`,`weight`) values (844,'Бураево',17,1);
insert  into `city`(`id`,`name`,`region_id`,`weight`) values (845,'Верхнеяркеево',17,1);
insert  into `city`(`id`,`name`,`region_id`,`weight`) values (846,'Верхние Киги',17,1);
insert  into `city`(`id`,`name`,`region_id`,`weight`) values (847,'Давлеканово',17,1);
insert  into `city`(`id`,`name`,`region_id`,`weight`) values (848,'Дюртюли',17,1);
insert  into `city`(`id`,`name`,`region_id`,`weight`) values (849,'Ермекеево',17,1);
insert  into `city`(`id`,`name`,`region_id`,`weight`) values (850,'Ермолаево',17,1);
insert  into `city`(`id`,`name`,`region_id`,`weight`) values (851,'Зилаир',17,1);
insert  into `city`(`id`,`name`,`region_id`,`weight`) values (852,'Иглино',17,1);
insert  into `city`(`id`,`name`,`region_id`,`weight`) values (853,'Исянгулово',17,1);
insert  into `city`(`id`,`name`,`region_id`,`weight`) values (854,'Ишимбай',17,1);
insert  into `city`(`id`,`name`,`region_id`,`weight`) values (855,'Калтасы',17,1);
insert  into `city`(`id`,`name`,`region_id`,`weight`) values (856,'Караидель',17,1);
insert  into `city`(`id`,`name`,`region_id`,`weight`) values (857,'Кармаскалы',17,1);
insert  into `city`(`id`,`name`,`region_id`,`weight`) values (858,'Киргиз-Мияки',17,1);
insert  into `city`(`id`,`name`,`region_id`,`weight`) values (859,'Красная Горка',17,1);
insert  into `city`(`id`,`name`,`region_id`,`weight`) values (860,'Красноусольский',17,1);
insert  into `city`(`id`,`name`,`region_id`,`weight`) values (861,'Кумертау',17,1);
insert  into `city`(`id`,`name`,`region_id`,`weight`) values (862,'Кушнаренково',17,1);
insert  into `city`(`id`,`name`,`region_id`,`weight`) values (863,'Малояз',17,1);
insert  into `city`(`id`,`name`,`region_id`,`weight`) values (864,'Мелеуз',17,1);
insert  into `city`(`id`,`name`,`region_id`,`weight`) values (865,'Месягутово',17,1);
insert  into `city`(`id`,`name`,`region_id`,`weight`) values (866,'Мишкино',17,1);
insert  into `city`(`id`,`name`,`region_id`,`weight`) values (867,'Мраково',17,1);
insert  into `city`(`id`,`name`,`region_id`,`weight`) values (868,'Нефтекамск',17,119500);
insert  into `city`(`id`,`name`,`region_id`,`weight`) values (869,'Николо-Березовка',17,1);
insert  into `city`(`id`,`name`,`region_id`,`weight`) values (870,'Новобелокатай',17,1);
insert  into `city`(`id`,`name`,`region_id`,`weight`) values (871,'Октябрьский',17,109700);
insert  into `city`(`id`,`name`,`region_id`,`weight`) values (872,'Раевский',17,1);
insert  into `city`(`id`,`name`,`region_id`,`weight`) values (873,'Салават',17,156000);
insert  into `city`(`id`,`name`,`region_id`,`weight`) values (874,'Сибай',17,1);
insert  into `city`(`id`,`name`,`region_id`,`weight`) values (875,'Стерлибашево',17,1);
insert  into `city`(`id`,`name`,`region_id`,`weight`) values (876,'Стерлитамак',17,272000);
insert  into `city`(`id`,`name`,`region_id`,`weight`) values (877,'Толбазы',17,1);
insert  into `city`(`id`,`name`,`region_id`,`weight`) values (878,'Туймазы',17,1);
insert  into `city`(`id`,`name`,`region_id`,`weight`) values (879,'Уфа',17,1031000);
insert  into `city`(`id`,`name`,`region_id`,`weight`) values (880,'Учалы',17,1);
insert  into `city`(`id`,`name`,`region_id`,`weight`) values (881,'Федоровка',17,1);
insert  into `city`(`id`,`name`,`region_id`,`weight`) values (882,'Чекмагуш',17,1);
insert  into `city`(`id`,`name`,`region_id`,`weight`) values (883,'Чишмы',17,1);
insert  into `city`(`id`,`name`,`region_id`,`weight`) values (884,'Шаран',17,1);
insert  into `city`(`id`,`name`,`region_id`,`weight`) values (885,'Языково',17,1);
insert  into `city`(`id`,`name`,`region_id`,`weight`) values (886,'Янаул',17,1);
insert  into `city`(`id`,`name`,`region_id`,`weight`) values (887,'Алагир',18,1);
insert  into `city`(`id`,`name`,`region_id`,`weight`) values (888,'Ардон',18,1);
insert  into `city`(`id`,`name`,`region_id`,`weight`) values (889,'Архонская',18,1);
insert  into `city`(`id`,`name`,`region_id`,`weight`) values (890,'Беслан',18,1);
insert  into `city`(`id`,`name`,`region_id`,`weight`) values (891,'Владикавказ',18,312000);
insert  into `city`(`id`,`name`,`region_id`,`weight`) values (892,'Дигора',18,1);
insert  into `city`(`id`,`name`,`region_id`,`weight`) values (893,'Моздок',18,1);
insert  into `city`(`id`,`name`,`region_id`,`weight`) values (894,'Октябрьское',18,1);
insert  into `city`(`id`,`name`,`region_id`,`weight`) values (895,'Чикола',18,1);
insert  into `city`(`id`,`name`,`region_id`,`weight`) values (896,'Эльхотово',18,1);
insert  into `city`(`id`,`name`,`region_id`,`weight`) values (897,'Алапаевск',19,1);
insert  into `city`(`id`,`name`,`region_id`,`weight`) values (898,'Артемовский',19,1);
insert  into `city`(`id`,`name`,`region_id`,`weight`) values (899,'Арти',19,1);
insert  into `city`(`id`,`name`,`region_id`,`weight`) values (900,'Асбест',19,1);
insert  into `city`(`id`,`name`,`region_id`,`weight`) values (901,'Ачит',19,1);
insert  into `city`(`id`,`name`,`region_id`,`weight`) values (902,'Байкалово',19,1);
insert  into `city`(`id`,`name`,`region_id`,`weight`) values (903,'Белоярский',19,1);
insert  into `city`(`id`,`name`,`region_id`,`weight`) values (904,'Березовский',19,1);
insert  into `city`(`id`,`name`,`region_id`,`weight`) values (905,'Богданович',19,1);
insert  into `city`(`id`,`name`,`region_id`,`weight`) values (906,'Верхняя Пышма',19,1);
insert  into `city`(`id`,`name`,`region_id`,`weight`) values (907,'Верхняя Салда',19,1);
insert  into `city`(`id`,`name`,`region_id`,`weight`) values (908,'Верхотурье',19,1);
insert  into `city`(`id`,`name`,`region_id`,`weight`) values (909,'Екатеринбург',19,1344000);
insert  into `city`(`id`,`name`,`region_id`,`weight`) values (911,'Заречный',19,1);
insert  into `city`(`id`,`name`,`region_id`,`weight`) values (912,'Ивдель',19,1);
insert  into `city`(`id`,`name`,`region_id`,`weight`) values (913,'Ирбит',19,1);
insert  into `city`(`id`,`name`,`region_id`,`weight`) values (914,'Каменск-Уральский',19,179000);
insert  into `city`(`id`,`name`,`region_id`,`weight`) values (915,'Камышлов',19,1);
insert  into `city`(`id`,`name`,`region_id`,`weight`) values (916,'Карпинск',19,1);
insert  into `city`(`id`,`name`,`region_id`,`weight`) values (917,'Качканар',19,1);
insert  into `city`(`id`,`name`,`region_id`,`weight`) values (918,'Кировград',19,1);
insert  into `city`(`id`,`name`,`region_id`,`weight`) values (919,'Краснотурьинск',19,1);
insert  into `city`(`id`,`name`,`region_id`,`weight`) values (920,'Красноуральск',19,1);
insert  into `city`(`id`,`name`,`region_id`,`weight`) values (921,'Красноуфимск',19,1);
insert  into `city`(`id`,`name`,`region_id`,`weight`) values (922,'Кушва',19,1);
insert  into `city`(`id`,`name`,`region_id`,`weight`) values (923,'Невьянск',19,1);
insert  into `city`(`id`,`name`,`region_id`,`weight`) values (924,'Нижние Серги',19,1);
insert  into `city`(`id`,`name`,`region_id`,`weight`) values (925,'Нижний Тагил',19,373000);
insert  into `city`(`id`,`name`,`region_id`,`weight`) values (926,'Нижняя Салда',19,1);
insert  into `city`(`id`,`name`,`region_id`,`weight`) values (927,'Нижняя Тура',19,1);
insert  into `city`(`id`,`name`,`region_id`,`weight`) values (928,'Новая Ляля',19,1);
insert  into `city`(`id`,`name`,`region_id`,`weight`) values (929,'Новоуральск',19,1);
insert  into `city`(`id`,`name`,`region_id`,`weight`) values (930,'Первоуральск',19,134000);
insert  into `city`(`id`,`name`,`region_id`,`weight`) values (931,'Полевский',19,1);
insert  into `city`(`id`,`name`,`region_id`,`weight`) values (932,'Пышма',19,1);
insert  into `city`(`id`,`name`,`region_id`,`weight`) values (933,'Ревда',19,1);
insert  into `city`(`id`,`name`,`region_id`,`weight`) values (934,'Реж',19,1);
insert  into `city`(`id`,`name`,`region_id`,`weight`) values (935,'Североуральск',19,1);
insert  into `city`(`id`,`name`,`region_id`,`weight`) values (936,'Серов',19,1);
insert  into `city`(`id`,`name`,`region_id`,`weight`) values (937,'Сухой Лог',19,1);
insert  into `city`(`id`,`name`,`region_id`,`weight`) values (938,'Сысерть',19,1);
insert  into `city`(`id`,`name`,`region_id`,`weight`) values (939,'Таборы',19,1);
insert  into `city`(`id`,`name`,`region_id`,`weight`) values (940,'Тавда',19,1);
insert  into `city`(`id`,`name`,`region_id`,`weight`) values (941,'Талица',19,1);
insert  into `city`(`id`,`name`,`region_id`,`weight`) values (942,'Тугулым',19,1);
insert  into `city`(`id`,`name`,`region_id`,`weight`) values (943,'Туринская Слобода',19,1);
insert  into `city`(`id`,`name`,`region_id`,`weight`) values (944,'Туринск',19,1);
insert  into `city`(`id`,`name`,`region_id`,`weight`) values (945,'Шаля',19,1);
insert  into `city`(`id`,`name`,`region_id`,`weight`) values (946,'Алатырь',20,1);
insert  into `city`(`id`,`name`,`region_id`,`weight`) values (947,'Аликово',20,1);
insert  into `city`(`id`,`name`,`region_id`,`weight`) values (948,'Батырево',20,1);
insert  into `city`(`id`,`name`,`region_id`,`weight`) values (949,'Вурнары',20,1);
insert  into `city`(`id`,`name`,`region_id`,`weight`) values (950,'Ибреси',20,1);
insert  into `city`(`id`,`name`,`region_id`,`weight`) values (951,'Канаш',20,1);
insert  into `city`(`id`,`name`,`region_id`,`weight`) values (952,'Козловка',20,1);
insert  into `city`(`id`,`name`,`region_id`,`weight`) values (953,'Комсомольское',20,1);
insert  into `city`(`id`,`name`,`region_id`,`weight`) values (954,'Красноармейское',20,1);
insert  into `city`(`id`,`name`,`region_id`,`weight`) values (955,'Красные Четаи',20,1);
insert  into `city`(`id`,`name`,`region_id`,`weight`) values (956,'Кугеси',20,1);
insert  into `city`(`id`,`name`,`region_id`,`weight`) values (957,'Мариинский Посад',20,1);
insert  into `city`(`id`,`name`,`region_id`,`weight`) values (958,'Моргауши',20,1);
insert  into `city`(`id`,`name`,`region_id`,`weight`) values (959,'Порецкое',20,1);
insert  into `city`(`id`,`name`,`region_id`,`weight`) values (960,'Урмары',20,1);
insert  into `city`(`id`,`name`,`region_id`,`weight`) values (961,'Цивильск',20,1);
insert  into `city`(`id`,`name`,`region_id`,`weight`) values (962,'Чебоксары',20,448000);
insert  into `city`(`id`,`name`,`region_id`,`weight`) values (963,'Шемурша',20,1);
insert  into `city`(`id`,`name`,`region_id`,`weight`) values (964,'Шумерля',20,1);
insert  into `city`(`id`,`name`,`region_id`,`weight`) values (965,'Ядрин',20,1);
insert  into `city`(`id`,`name`,`region_id`,`weight`) values (966,'Яльчики',20,1);
insert  into `city`(`id`,`name`,`region_id`,`weight`) values (967,'Янтиково',20,1);
insert  into `city`(`id`,`name`,`region_id`,`weight`) values (968,'Алдан',21,1);
insert  into `city`(`id`,`name`,`region_id`,`weight`) values (969,'Амга',21,1);
insert  into `city`(`id`,`name`,`region_id`,`weight`) values (970,'Батагай-Алыта',21,1);
insert  into `city`(`id`,`name`,`region_id`,`weight`) values (971,'Бердигестях',21,1);
insert  into `city`(`id`,`name`,`region_id`,`weight`) values (972,'Борогонцы',21,1);
insert  into `city`(`id`,`name`,`region_id`,`weight`) values (973,'Верхневилюйск',21,1);
insert  into `city`(`id`,`name`,`region_id`,`weight`) values (974,'Вилюйск',21,1);
insert  into `city`(`id`,`name`,`region_id`,`weight`) values (975,'Ленск',21,1);
insert  into `city`(`id`,`name`,`region_id`,`weight`) values (976,'Майя',21,1);
insert  into `city`(`id`,`name`,`region_id`,`weight`) values (977,'Мирный',21,1);
insert  into `city`(`id`,`name`,`region_id`,`weight`) values (978,'Намцы',21,1);
insert  into `city`(`id`,`name`,`region_id`,`weight`) values (979,'Нерюнгри',21,1);
insert  into `city`(`id`,`name`,`region_id`,`weight`) values (980,'Нюрба',21,1);
insert  into `city`(`id`,`name`,`region_id`,`weight`) values (981,'Олекминск',21,1);
insert  into `city`(`id`,`name`,`region_id`,`weight`) values (982,'Покровск',21,1);
insert  into `city`(`id`,`name`,`region_id`,`weight`) values (983,'Сангар',21,1);
insert  into `city`(`id`,`name`,`region_id`,`weight`) values (984,'Сунтар',21,1);
insert  into `city`(`id`,`name`,`region_id`,`weight`) values (985,'Тикси',21,1);
insert  into `city`(`id`,`name`,`region_id`,`weight`) values (986,'Усть-Мая',21,1);
insert  into `city`(`id`,`name`,`region_id`,`weight`) values (987,'Хандыга',21,1);
insert  into `city`(`id`,`name`,`region_id`,`weight`) values (988,'Чурапча',21,1);
insert  into `city`(`id`,`name`,`region_id`,`weight`) values (989,'Ытык-Кюель',21,1);
insert  into `city`(`id`,`name`,`region_id`,`weight`) values (990,'Якутск',21,268000);
insert  into `city`(`id`,`name`,`region_id`,`weight`) values (991,'Алейск',22,1);
insert  into `city`(`id`,`name`,`region_id`,`weight`) values (992,'Алтайское',22,1);
insert  into `city`(`id`,`name`,`region_id`,`weight`) values (993,'Баево',22,1);
insert  into `city`(`id`,`name`,`region_id`,`weight`) values (994,'Барнаул',22,598000);
insert  into `city`(`id`,`name`,`region_id`,`weight`) values (995,'Белокуриха',22,1);
insert  into `city`(`id`,`name`,`region_id`,`weight`) values (996,'Бийск',22,220000);
insert  into `city`(`id`,`name`,`region_id`,`weight`) values (997,'Благовещенка',22,1);
insert  into `city`(`id`,`name`,`region_id`,`weight`) values (998,'Бурла',22,1);
insert  into `city`(`id`,`name`,`region_id`,`weight`) values (999,'Быстрый Исток',22,1);
insert  into `city`(`id`,`name`,`region_id`,`weight`) values (1000,'Волчиха',22,1);
insert  into `city`(`id`,`name`,`region_id`,`weight`) values (1001,'Гальбштадт',22,1);
insert  into `city`(`id`,`name`,`region_id`,`weight`) values (1002,'Горняк',22,1);
insert  into `city`(`id`,`name`,`region_id`,`weight`) values (1003,'Ельцовка',22,1);
insert  into `city`(`id`,`name`,`region_id`,`weight`) values (1004,'Завьялово',22,1);
insert  into `city`(`id`,`name`,`region_id`,`weight`) values (1005,'Залесово',22,1);
insert  into `city`(`id`,`name`,`region_id`,`weight`) values (1006,'Заринск',22,1);
insert  into `city`(`id`,`name`,`region_id`,`weight`) values (1007,'Змеиногорск',22,1);
insert  into `city`(`id`,`name`,`region_id`,`weight`) values (1008,'Зональное',22,1);
insert  into `city`(`id`,`name`,`region_id`,`weight`) values (1009,'Калманка',22,1);
insert  into `city`(`id`,`name`,`region_id`,`weight`) values (1010,'Камень-на-Оби',22,1);
insert  into `city`(`id`,`name`,`region_id`,`weight`) values (1011,'Ключи',22,1);
insert  into `city`(`id`,`name`,`region_id`,`weight`) values (1012,'Косиха',22,1);
insert  into `city`(`id`,`name`,`region_id`,`weight`) values (1013,'Кош-Агач',22,1);
insert  into `city`(`id`,`name`,`region_id`,`weight`) values (1014,'Красногорское',22,1);
insert  into `city`(`id`,`name`,`region_id`,`weight`) values (1015,'Краснощеково',22,1);
insert  into `city`(`id`,`name`,`region_id`,`weight`) values (1016,'Крутиха',22,1);
insert  into `city`(`id`,`name`,`region_id`,`weight`) values (1017,'Кулунда',22,1);
insert  into `city`(`id`,`name`,`region_id`,`weight`) values (1018,'Курья',22,1);
insert  into `city`(`id`,`name`,`region_id`,`weight`) values (1019,'Кытманово',22,1);
insert  into `city`(`id`,`name`,`region_id`,`weight`) values (1020,'Мамонтово',22,1);
insert  into `city`(`id`,`name`,`region_id`,`weight`) values (1021,'Михайловка',22,1);
insert  into `city`(`id`,`name`,`region_id`,`weight`) values (1022,'Новичиха',22,1);
insert  into `city`(`id`,`name`,`region_id`,`weight`) values (1023,'Новоалтайск',22,1);
insert  into `city`(`id`,`name`,`region_id`,`weight`) values (1024,'Новоегорьевское',22,1);
insert  into `city`(`id`,`name`,`region_id`,`weight`) values (1025,'Павловск',22,1);
insert  into `city`(`id`,`name`,`region_id`,`weight`) values (1026,'Панкрушиха',22,1);
insert  into `city`(`id`,`name`,`region_id`,`weight`) values (1027,'Петропавловское',22,1);
insert  into `city`(`id`,`name`,`region_id`,`weight`) values (1028,'Поспелиха',22,1);
insert  into `city`(`id`,`name`,`region_id`,`weight`) values (1029,'Ребриха',22,1);
insert  into `city`(`id`,`name`,`region_id`,`weight`) values (1030,'Родино',22,1);
insert  into `city`(`id`,`name`,`region_id`,`weight`) values (1031,'Романово',22,1);
insert  into `city`(`id`,`name`,`region_id`,`weight`) values (1032,'Рубцовск',22,155000);
insert  into `city`(`id`,`name`,`region_id`,`weight`) values (1033,'Славгород',22,1);
insert  into `city`(`id`,`name`,`region_id`,`weight`) values (1034,'Смоленское',22,1);
insert  into `city`(`id`,`name`,`region_id`,`weight`) values (1035,'Советское',22,1);
insert  into `city`(`id`,`name`,`region_id`,`weight`) values (1036,'Солонешное',22,1);
insert  into `city`(`id`,`name`,`region_id`,`weight`) values (1037,'Солтон',22,1);
insert  into `city`(`id`,`name`,`region_id`,`weight`) values (1038,'Староалейское',22,1);
insert  into `city`(`id`,`name`,`region_id`,`weight`) values (1039,'Табуны',22,1);
insert  into `city`(`id`,`name`,`region_id`,`weight`) values (1040,'Тальменка',22,1);
insert  into `city`(`id`,`name`,`region_id`,`weight`) values (1041,'Тогул',22,1);
insert  into `city`(`id`,`name`,`region_id`,`weight`) values (1042,'Топчиха',22,1);
insert  into `city`(`id`,`name`,`region_id`,`weight`) values (1043,'Троицкое',22,1);
insert  into `city`(`id`,`name`,`region_id`,`weight`) values (1044,'Тюменцево',22,1);
insert  into `city`(`id`,`name`,`region_id`,`weight`) values (1045,'Угловское',22,1);
insert  into `city`(`id`,`name`,`region_id`,`weight`) values (1046,'Усть-Калманка',22,1);
insert  into `city`(`id`,`name`,`region_id`,`weight`) values (1047,'Усть-Пристань',22,1);
insert  into `city`(`id`,`name`,`region_id`,`weight`) values (1048,'Хабары',22,1);
insert  into `city`(`id`,`name`,`region_id`,`weight`) values (1049,'Целинное',22,1);
insert  into `city`(`id`,`name`,`region_id`,`weight`) values (1050,'Чарышское',22,1);
insert  into `city`(`id`,`name`,`region_id`,`weight`) values (1051,'Шелаболиха',22,1);
insert  into `city`(`id`,`name`,`region_id`,`weight`) values (1052,'Шипуново',22,1);
insert  into `city`(`id`,`name`,`region_id`,`weight`) values (1053,'Александров',23,1);
insert  into `city`(`id`,`name`,`region_id`,`weight`) values (1054,'Владимир',23,338000);
insert  into `city`(`id`,`name`,`region_id`,`weight`) values (1055,'Гороховец',23,1);
insert  into `city`(`id`,`name`,`region_id`,`weight`) values (1056,'Гусь Хрустальный',23,1);
insert  into `city`(`id`,`name`,`region_id`,`weight`) values (1057,'Камешково',23,1);
insert  into `city`(`id`,`name`,`region_id`,`weight`) values (1058,'Киржач',23,1);
insert  into `city`(`id`,`name`,`region_id`,`weight`) values (1059,'Ковров',23,148000);
insert  into `city`(`id`,`name`,`region_id`,`weight`) values (1060,'Кольчугино',23,1);
insert  into `city`(`id`,`name`,`region_id`,`weight`) values (1061,'Красная Горбатка',23,1);
insert  into `city`(`id`,`name`,`region_id`,`weight`) values (1062,'Меленки',23,1);
insert  into `city`(`id`,`name`,`region_id`,`weight`) values (1063,'Муром',23,117000);
insert  into `city`(`id`,`name`,`region_id`,`weight`) values (1064,'Петушки',23,1);
insert  into `city`(`id`,`name`,`region_id`,`weight`) values (1065,'Радужный',23,1);
insert  into `city`(`id`,`name`,`region_id`,`weight`) values (1066,'Собинка',23,1);
insert  into `city`(`id`,`name`,`region_id`,`weight`) values (1067,'Судогда',23,1);
insert  into `city`(`id`,`name`,`region_id`,`weight`) values (1068,'Суздаль',23,1);
insert  into `city`(`id`,`name`,`region_id`,`weight`) values (1069,'Юрьев- Польский',23,1);
insert  into `city`(`id`,`name`,`region_id`,`weight`) values (1070,'Александров Гай',24,1);
insert  into `city`(`id`,`name`,`region_id`,`weight`) values (1071,'Аркадак',24,1);
insert  into `city`(`id`,`name`,`region_id`,`weight`) values (1072,'Аткарск',24,1);
insert  into `city`(`id`,`name`,`region_id`,`weight`) values (1073,'Базарный Карабулак',24,1);
insert  into `city`(`id`,`name`,`region_id`,`weight`) values (1074,'Балаково',24,197000);
insert  into `city`(`id`,`name`,`region_id`,`weight`) values (1075,'Балашов',24,1);
insert  into `city`(`id`,`name`,`region_id`,`weight`) values (1076,'Балтай',24,1);
insert  into `city`(`id`,`name`,`region_id`,`weight`) values (1077,'Вольск',24,1);
insert  into `city`(`id`,`name`,`region_id`,`weight`) values (1078,'Воскресенское',24,1);
insert  into `city`(`id`,`name`,`region_id`,`weight`) values (1079,'Горный',24,1);
insert  into `city`(`id`,`name`,`region_id`,`weight`) values (1080,'Дергачи',24,1);
insert  into `city`(`id`,`name`,`region_id`,`weight`) values (1081,'Духовницкое',24,1);
insert  into `city`(`id`,`name`,`region_id`,`weight`) values (1082,'Екатериновка',24,1);
insert  into `city`(`id`,`name`,`region_id`,`weight`) values (1083,'Ершов',24,1);
insert  into `city`(`id`,`name`,`region_id`,`weight`) values (1084,'Ивантеевка',24,1);
insert  into `city`(`id`,`name`,`region_id`,`weight`) values (1085,'Калининск',24,1);
insert  into `city`(`id`,`name`,`region_id`,`weight`) values (1086,'Красноармейск',24,1);
insert  into `city`(`id`,`name`,`region_id`,`weight`) values (1087,'Красный Кут',24,1);
insert  into `city`(`id`,`name`,`region_id`,`weight`) values (1088,'Лысые Горы',24,1);
insert  into `city`(`id`,`name`,`region_id`,`weight`) values (1089,'Маркс',24,1);
insert  into `city`(`id`,`name`,`region_id`,`weight`) values (1090,'Мокроус',24,1);
insert  into `city`(`id`,`name`,`region_id`,`weight`) values (1091,'Новоузенск',24,1);
insert  into `city`(`id`,`name`,`region_id`,`weight`) values (1092,'Новые Бурасы',24,1);
insert  into `city`(`id`,`name`,`region_id`,`weight`) values (1093,'Озинки',24,1);
insert  into `city`(`id`,`name`,`region_id`,`weight`) values (1094,'Перелюб',24,1);
insert  into `city`(`id`,`name`,`region_id`,`weight`) values (1095,'Петровск',24,1);
insert  into `city`(`id`,`name`,`region_id`,`weight`) values (1096,'Питерка',24,1);
insert  into `city`(`id`,`name`,`region_id`,`weight`) values (1097,'Пугачев',24,1);
insert  into `city`(`id`,`name`,`region_id`,`weight`) values (1098,'Ровное',24,1);
insert  into `city`(`id`,`name`,`region_id`,`weight`) values (1099,'Романовка',24,1);
insert  into `city`(`id`,`name`,`region_id`,`weight`) values (1100,'Ртищево',24,1);
insert  into `city`(`id`,`name`,`region_id`,`weight`) values (1101,'Самойловка',24,1);
insert  into `city`(`id`,`name`,`region_id`,`weight`) values (1102,'Саратов',24,827000);
insert  into `city`(`id`,`name`,`region_id`,`weight`) values (1103,'Степное',24,1);
insert  into `city`(`id`,`name`,`region_id`,`weight`) values (1104,'Татищево',24,1);
insert  into `city`(`id`,`name`,`region_id`,`weight`) values (1105,'Турки',24,1);
insert  into `city`(`id`,`name`,`region_id`,`weight`) values (1106,'Хвалынск',24,1);
insert  into `city`(`id`,`name`,`region_id`,`weight`) values (1107,'Энгельс',24,209000);
insert  into `city`(`id`,`name`,`region_id`,`weight`) values (1108,'Александровское',25,1);
insert  into `city`(`id`,`name`,`region_id`,`weight`) values (1109,'Арзгир',25,1);
insert  into `city`(`id`,`name`,`region_id`,`weight`) values (1110,'Благодарный',25,1);
insert  into `city`(`id`,`name`,`region_id`,`weight`) values (1111,'Буденновск',25,1);
insert  into `city`(`id`,`name`,`region_id`,`weight`) values (1112,'Георгиевск',25,1);
insert  into `city`(`id`,`name`,`region_id`,`weight`) values (1113,'Грачевка',25,1);
insert  into `city`(`id`,`name`,`region_id`,`weight`) values (1114,'Дивное',25,1);
insert  into `city`(`id`,`name`,`region_id`,`weight`) values (1115,'Ессентуки',25,1);
insert  into `city`(`id`,`name`,`region_id`,`weight`) values (1116,'Железноводск',25,1);
insert  into `city`(`id`,`name`,`region_id`,`weight`) values (1117,'Зеленокумск',25,1);
insert  into `city`(`id`,`name`,`region_id`,`weight`) values (1118,'Изобильный',25,1);
insert  into `city`(`id`,`name`,`region_id`,`weight`) values (1119,'Ипатово',25,1);
insert  into `city`(`id`,`name`,`region_id`,`weight`) values (1120,'Кисловодск',25,129000);
insert  into `city`(`id`,`name`,`region_id`,`weight`) values (1121,'Красногвардейское',25,1);
insert  into `city`(`id`,`name`,`region_id`,`weight`) values (1122,'Курсавка',25,1);
insert  into `city`(`id`,`name`,`region_id`,`weight`) values (1123,'Левокумское',25,1);
insert  into `city`(`id`,`name`,`region_id`,`weight`) values (1124,'Лермонтов',25,1);
insert  into `city`(`id`,`name`,`region_id`,`weight`) values (1125,'Летняя Ставка',25,1);
insert  into `city`(`id`,`name`,`region_id`,`weight`) values (1126,'Минеральные Воды',25,1);
insert  into `city`(`id`,`name`,`region_id`,`weight`) values (1127,'Невинномысск',25,128000);
insert  into `city`(`id`,`name`,`region_id`,`weight`) values (1128,'Нефтекумск',25,1);
insert  into `city`(`id`,`name`,`region_id`,`weight`) values (1129,'Новоалександровск',25,1);
insert  into `city`(`id`,`name`,`region_id`,`weight`) values (1130,'Новопавловск',25,1);
insert  into `city`(`id`,`name`,`region_id`,`weight`) values (1131,'Новоселицкое',25,1);
insert  into `city`(`id`,`name`,`region_id`,`weight`) values (1132,'Пятигорск',25,143000);
insert  into `city`(`id`,`name`,`region_id`,`weight`) values (1133,'Светлоград',25,1);
insert  into `city`(`id`,`name`,`region_id`,`weight`) values (1134,'Ставрополь',25,369000);
insert  into `city`(`id`,`name`,`region_id`,`weight`) values (1135,'Степное',25,1);
insert  into `city`(`id`,`name`,`region_id`,`weight`) values (1136,'Александровское',26,1);
insert  into `city`(`id`,`name`,`region_id`,`weight`) values (1137,'Асино',26,1);
insert  into `city`(`id`,`name`,`region_id`,`weight`) values (1138,'Бакчар',26,1);
insert  into `city`(`id`,`name`,`region_id`,`weight`) values (1139,'Белый Яр',26,1);
insert  into `city`(`id`,`name`,`region_id`,`weight`) values (1140,'Зырянское',26,1);
insert  into `city`(`id`,`name`,`region_id`,`weight`) values (1141,'Каргасок',26,1);
insert  into `city`(`id`,`name`,`region_id`,`weight`) values (1142,'Кожевниково',26,1);
insert  into `city`(`id`,`name`,`region_id`,`weight`) values (1143,'Колпашево',26,1);
insert  into `city`(`id`,`name`,`region_id`,`weight`) values (1144,'Кривошеино',26,1);
insert  into `city`(`id`,`name`,`region_id`,`weight`) values (1145,'Мельниково',26,1);
insert  into `city`(`id`,`name`,`region_id`,`weight`) values (1146,'Молчаново',26,1);
insert  into `city`(`id`,`name`,`region_id`,`weight`) values (1147,'Парабель',26,1);
insert  into `city`(`id`,`name`,`region_id`,`weight`) values (1148,'Первомайское',26,1);
insert  into `city`(`id`,`name`,`region_id`,`weight`) values (1149,'Подгорное',26,1);
insert  into `city`(`id`,`name`,`region_id`,`weight`) values (1150,'Северск',26,107000);
insert  into `city`(`id`,`name`,`region_id`,`weight`) values (1151,'Стрежевой',26,1);
insert  into `city`(`id`,`name`,`region_id`,`weight`) values (1152,'Тегульдет',26,1);
insert  into `city`(`id`,`name`,`region_id`,`weight`) values (1153,'Томск',26,509000);
insert  into `city`(`id`,`name`,`region_id`,`weight`) values (1154,'Александровск',27,1);
insert  into `city`(`id`,`name`,`region_id`,`weight`) values (1155,'Барда',27,1);
insert  into `city`(`id`,`name`,`region_id`,`weight`) values (1156,'Березники',27,164000);
insert  into `city`(`id`,`name`,`region_id`,`weight`) values (1157,'Березовка',27,1);
insert  into `city`(`id`,`name`,`region_id`,`weight`) values (1158,'Большая Соснова',27,1);
insert  into `city`(`id`,`name`,`region_id`,`weight`) values (1159,'Верещагино',27,1);
insert  into `city`(`id`,`name`,`region_id`,`weight`) values (1160,'Горнозаводск',27,1);
insert  into `city`(`id`,`name`,`region_id`,`weight`) values (1161,'Гремячинск',27,1);
insert  into `city`(`id`,`name`,`region_id`,`weight`) values (1162,'Губаха',27,1);
insert  into `city`(`id`,`name`,`region_id`,`weight`) values (1163,'Добрянка',27,1);
insert  into `city`(`id`,`name`,`region_id`,`weight`) values (1164,'Елово',27,1);
insert  into `city`(`id`,`name`,`region_id`,`weight`) values (1165,'Звездный',27,1);
insert  into `city`(`id`,`name`,`region_id`,`weight`) values (1166,'Ильинский',27,1);
insert  into `city`(`id`,`name`,`region_id`,`weight`) values (1167,'Карагай',27,1);
insert  into `city`(`id`,`name`,`region_id`,`weight`) values (1168,'Кизел',27,1);
insert  into `city`(`id`,`name`,`region_id`,`weight`) values (1169,'Красновишерск',27,1);
insert  into `city`(`id`,`name`,`region_id`,`weight`) values (1170,'Краснокамск',27,1);
insert  into `city`(`id`,`name`,`region_id`,`weight`) values (1171,'Кудымкар',27,1);
insert  into `city`(`id`,`name`,`region_id`,`weight`) values (1172,'Куеда',27,1);
insert  into `city`(`id`,`name`,`region_id`,`weight`) values (1173,'Кунгур',27,1);
insert  into `city`(`id`,`name`,`region_id`,`weight`) values (1174,'Лысьва',27,1);
insert  into `city`(`id`,`name`,`region_id`,`weight`) values (1175,'Нытва',27,1);
insert  into `city`(`id`,`name`,`region_id`,`weight`) values (1176,'Октябрьский',27,1);
insert  into `city`(`id`,`name`,`region_id`,`weight`) values (1177,'Орда',27,1);
insert  into `city`(`id`,`name`,`region_id`,`weight`) values (1178,'Оса',27,1);
insert  into `city`(`id`,`name`,`region_id`,`weight`) values (1179,'Оханск',27,1);
insert  into `city`(`id`,`name`,`region_id`,`weight`) values (1180,'Очер',27,1);
insert  into `city`(`id`,`name`,`region_id`,`weight`) values (1181,'Пермь',27,987000);
insert  into `city`(`id`,`name`,`region_id`,`weight`) values (1182,'Сива',27,1);
insert  into `city`(`id`,`name`,`region_id`,`weight`) values (1183,'Соликамск',27,1);
insert  into `city`(`id`,`name`,`region_id`,`weight`) values (1184,'Суксун',27,1);
insert  into `city`(`id`,`name`,`region_id`,`weight`) values (1185,'Уинское',27,1);
insert  into `city`(`id`,`name`,`region_id`,`weight`) values (1186,'Усолье',27,1);
insert  into `city`(`id`,`name`,`region_id`,`weight`) values (1187,'Усть-Кишерть',27,1);
insert  into `city`(`id`,`name`,`region_id`,`weight`) values (1188,'Чайковский',27,1);
insert  into `city`(`id`,`name`,`region_id`,`weight`) values (1189,'Частые',27,1);
insert  into `city`(`id`,`name`,`region_id`,`weight`) values (1190,'Чердынь',27,1);
insert  into `city`(`id`,`name`,`region_id`,`weight`) values (1191,'Чернушка',27,1);
insert  into `city`(`id`,`name`,`region_id`,`weight`) values (1192,'Чусовой',27,1);
insert  into `city`(`id`,`name`,`region_id`,`weight`) values (1193,'Александро-Невский',28,1);
insert  into `city`(`id`,`name`,`region_id`,`weight`) values (1194,'Ермишь',28,1);
insert  into `city`(`id`,`name`,`region_id`,`weight`) values (1195,'Кадом',28,1);
insert  into `city`(`id`,`name`,`region_id`,`weight`) values (1196,'Караблино',28,1);
insert  into `city`(`id`,`name`,`region_id`,`weight`) values (1197,'Касимов',28,1);
insert  into `city`(`id`,`name`,`region_id`,`weight`) values (1198,'Милославское',28,1);
insert  into `city`(`id`,`name`,`region_id`,`weight`) values (1199,'Михайлов',28,1);
insert  into `city`(`id`,`name`,`region_id`,`weight`) values (1200,'Новомичуринск',28,1);
insert  into `city`(`id`,`name`,`region_id`,`weight`) values (1201,'Пителино',28,1);
insert  into `city`(`id`,`name`,`region_id`,`weight`) values (1202,'Пронск',28,1);
insert  into `city`(`id`,`name`,`region_id`,`weight`) values (1203,'Путятино',28,1);
insert  into `city`(`id`,`name`,`region_id`,`weight`) values (1204,'Рыбное',28,1);
insert  into `city`(`id`,`name`,`region_id`,`weight`) values (1205,'Ряжск',28,1);
insert  into `city`(`id`,`name`,`region_id`,`weight`) values (1206,'Рязань',28,509000);
insert  into `city`(`id`,`name`,`region_id`,`weight`) values (1207,'Сапожок',28,1);
insert  into `city`(`id`,`name`,`region_id`,`weight`) values (1208,'Сасово',28,1);
insert  into `city`(`id`,`name`,`region_id`,`weight`) values (1209,'Скопин',28,1);
insert  into `city`(`id`,`name`,`region_id`,`weight`) values (1210,'Солотча',28,1);
insert  into `city`(`id`,`name`,`region_id`,`weight`) values (1211,'Спас-Клепики',28,1);
insert  into `city`(`id`,`name`,`region_id`,`weight`) values (1212,'Спасск-Рязанский',28,1);
insert  into `city`(`id`,`name`,`region_id`,`weight`) values (1213,'Старожилово',28,1);
insert  into `city`(`id`,`name`,`region_id`,`weight`) values (1214,'Ухолово',28,1);
insert  into `city`(`id`,`name`,`region_id`,`weight`) values (1215,'Чучково',28,1);
insert  into `city`(`id`,`name`,`region_id`,`weight`) values (1216,'Шацк',28,1);
insert  into `city`(`id`,`name`,`region_id`,`weight`) values (1217,'Шилово',28,1);
insert  into `city`(`id`,`name`,`region_id`,`weight`) values (1218,'Алексеевка',29,1);
insert  into `city`(`id`,`name`,`region_id`,`weight`) values (1219,'Белгород',29,363000);
insert  into `city`(`id`,`name`,`region_id`,`weight`) values (1220,'Борисовка',29,1);
insert  into `city`(`id`,`name`,`region_id`,`weight`) values (1221,'Валуйки',29,1);
insert  into `city`(`id`,`name`,`region_id`,`weight`) values (1222,'Вейделевка',29,1);
insert  into `city`(`id`,`name`,`region_id`,`weight`) values (1223,'Волоконовка',29,1);
insert  into `city`(`id`,`name`,`region_id`,`weight`) values (1224,'Грайворон',29,1);
insert  into `city`(`id`,`name`,`region_id`,`weight`) values (1225,'Губкин',29,1);
insert  into `city`(`id`,`name`,`region_id`,`weight`) values (1226,'Ивня',29,1);
insert  into `city`(`id`,`name`,`region_id`,`weight`) values (1227,'Короча',29,1);
insert  into `city`(`id`,`name`,`region_id`,`weight`) values (1228,'Красногвардейское',29,1);
insert  into `city`(`id`,`name`,`region_id`,`weight`) values (1229,'Красное',29,1);
insert  into `city`(`id`,`name`,`region_id`,`weight`) values (1230,'Новый Оскол',29,1);
insert  into `city`(`id`,`name`,`region_id`,`weight`) values (1231,'Прохоровка',29,1);
insert  into `city`(`id`,`name`,`region_id`,`weight`) values (1232,'Ракитное',29,1);
insert  into `city`(`id`,`name`,`region_id`,`weight`) values (1233,'Ровеньки',29,1);
insert  into `city`(`id`,`name`,`region_id`,`weight`) values (1234,'Старый Оскол',29,222000);
insert  into `city`(`id`,`name`,`region_id`,`weight`) values (1235,'Строитель',29,1);
insert  into `city`(`id`,`name`,`region_id`,`weight`) values (1236,'Чернянка',29,1);
insert  into `city`(`id`,`name`,`region_id`,`weight`) values (1237,'Шебекино',29,1);
insert  into `city`(`id`,`name`,`region_id`,`weight`) values (1238,'Алексеевка',30,1);
insert  into `city`(`id`,`name`,`region_id`,`weight`) values (1239,'Безенчук',30,1);
insert  into `city`(`id`,`name`,`region_id`,`weight`) values (1240,'Большая Глушица',30,1);
insert  into `city`(`id`,`name`,`region_id`,`weight`) values (1241,'Большая Черниговка',30,1);
insert  into `city`(`id`,`name`,`region_id`,`weight`) values (1242,'Борское',30,1);
insert  into `city`(`id`,`name`,`region_id`,`weight`) values (1243,'Жигулевск',30,1);
insert  into `city`(`id`,`name`,`region_id`,`weight`) values (1244,'Исаклы',30,1);
insert  into `city`(`id`,`name`,`region_id`,`weight`) values (1245,'Кинель',30,1);
insert  into `city`(`id`,`name`,`region_id`,`weight`) values (1246,'Кинель-Черкасы',30,1);
insert  into `city`(`id`,`name`,`region_id`,`weight`) values (1247,'Клявлино',30,1);
insert  into `city`(`id`,`name`,`region_id`,`weight`) values (1248,'Кошки',30,1);
insert  into `city`(`id`,`name`,`region_id`,`weight`) values (1249,'Красноармейское',30,1);
insert  into `city`(`id`,`name`,`region_id`,`weight`) values (1250,'Красный Яр',30,1);
insert  into `city`(`id`,`name`,`region_id`,`weight`) values (1251,'Нефтегорск',30,1);
insert  into `city`(`id`,`name`,`region_id`,`weight`) values (1252,'Новокуйбышевск',30,110400);
insert  into `city`(`id`,`name`,`region_id`,`weight`) values (1253,'Октябрьск',30,1);
insert  into `city`(`id`,`name`,`region_id`,`weight`) values (1254,'Отрадный',30,1);
insert  into `city`(`id`,`name`,`region_id`,`weight`) values (1255,'Пестровка',30,1);
insert  into `city`(`id`,`name`,`region_id`,`weight`) values (1256,'Похвистнево',30,1);
insert  into `city`(`id`,`name`,`region_id`,`weight`) values (1257,'Приволжье',30,1);
insert  into `city`(`id`,`name`,`region_id`,`weight`) values (1258,'Самара',30,1134000);
insert  into `city`(`id`,`name`,`region_id`,`weight`) values (1272,'Сергиевск',30,1);
insert  into `city`(`id`,`name`,`region_id`,`weight`) values (1273,'Сызрань',30,179000);
insert  into `city`(`id`,`name`,`region_id`,`weight`) values (1274,'Тольятти',30,722000);
insert  into `city`(`id`,`name`,`region_id`,`weight`) values (1275,'Чапаевск',30,1);
insert  into `city`(`id`,`name`,`region_id`,`weight`) values (1276,'Челно-Вершины',30,1);
insert  into `city`(`id`,`name`,`region_id`,`weight`) values (1277,'Шентала',30,1);
insert  into `city`(`id`,`name`,`region_id`,`weight`) values (1278,'Алексеевская',31,1);
insert  into `city`(`id`,`name`,`region_id`,`weight`) values (1279,'Быково',31,1);
insert  into `city`(`id`,`name`,`region_id`,`weight`) values (1280,'Волгоград',31,980000);
insert  into `city`(`id`,`name`,`region_id`,`weight`) values (1281,'Волжский',31,305000);
insert  into `city`(`id`,`name`,`region_id`,`weight`) values (1282,'Городище',31,1);
insert  into `city`(`id`,`name`,`region_id`,`weight`) values (1283,'Даниловка',31,1);
insert  into `city`(`id`,`name`,`region_id`,`weight`) values (1284,'Дубовка',31,1);
insert  into `city`(`id`,`name`,`region_id`,`weight`) values (1285,'Елань',31,1);
insert  into `city`(`id`,`name`,`region_id`,`weight`) values (1286,'Жирновск',31,1);
insert  into `city`(`id`,`name`,`region_id`,`weight`) values (1287,'Иловля',31,1);
insert  into `city`(`id`,`name`,`region_id`,`weight`) values (1288,'Калач-на-дону',31,1);
insert  into `city`(`id`,`name`,`region_id`,`weight`) values (1289,'Камышин',31,116000);
insert  into `city`(`id`,`name`,`region_id`,`weight`) values (1290,'Киквидзе',31,1);
insert  into `city`(`id`,`name`,`region_id`,`weight`) values (1291,'Клетский',31,1);
insert  into `city`(`id`,`name`,`region_id`,`weight`) values (1292,'Котельниково',31,1);
insert  into `city`(`id`,`name`,`region_id`,`weight`) values (1293,'Котово',31,1);
insert  into `city`(`id`,`name`,`region_id`,`weight`) values (1294,'Кумылженская',31,1);
insert  into `city`(`id`,`name`,`region_id`,`weight`) values (1295,'Ленинск',31,1);
insert  into `city`(`id`,`name`,`region_id`,`weight`) values (1296,'Михайловка',31,1);
insert  into `city`(`id`,`name`,`region_id`,`weight`) values (1297,'Нехаевский',31,1);
insert  into `city`(`id`,`name`,`region_id`,`weight`) values (1298,'Николаевск',31,1);
insert  into `city`(`id`,`name`,`region_id`,`weight`) values (1299,'Новоаннинский',31,1);
insert  into `city`(`id`,`name`,`region_id`,`weight`) values (1300,'Новониколаевский',31,1);
insert  into `city`(`id`,`name`,`region_id`,`weight`) values (1301,'Октябрьский',31,1);
insert  into `city`(`id`,`name`,`region_id`,`weight`) values (1302,'Ольховка',31,1);
insert  into `city`(`id`,`name`,`region_id`,`weight`) values (1303,'Палласовка',31,1);
insert  into `city`(`id`,`name`,`region_id`,`weight`) values (1304,'Преображенская',31,1);
insert  into `city`(`id`,`name`,`region_id`,`weight`) values (1305,'Рудня',31,1);
insert  into `city`(`id`,`name`,`region_id`,`weight`) values (1306,'Светлый Яр',31,1);
insert  into `city`(`id`,`name`,`region_id`,`weight`) values (1307,'Серафимович',31,1);
insert  into `city`(`id`,`name`,`region_id`,`weight`) values (1308,'Средняя Ахтуба',31,1);
insert  into `city`(`id`,`name`,`region_id`,`weight`) values (1309,'Старая Полтавка',31,1);
insert  into `city`(`id`,`name`,`region_id`,`weight`) values (1310,'Суровикино',31,1);
insert  into `city`(`id`,`name`,`region_id`,`weight`) values (1311,'Урюпинск',31,1);
insert  into `city`(`id`,`name`,`region_id`,`weight`) values (1312,'Фролово',31,1);
insert  into `city`(`id`,`name`,`region_id`,`weight`) values (1313,'Чернышковский',31,1);
insert  into `city`(`id`,`name`,`region_id`,`weight`) values (1314,'Алексин',32,1);
insert  into `city`(`id`,`name`,`region_id`,`weight`) values (1315,'Арсеньево',32,1);
insert  into `city`(`id`,`name`,`region_id`,`weight`) values (1316,'Архангельское',32,1);
insert  into `city`(`id`,`name`,`region_id`,`weight`) values (1317,'Белев',32,1);
insert  into `city`(`id`,`name`,`region_id`,`weight`) values (1318,'Богородицк',32,1);
insert  into `city`(`id`,`name`,`region_id`,`weight`) values (1319,'Венев',32,1);
insert  into `city`(`id`,`name`,`region_id`,`weight`) values (1320,'Волово',32,1);
insert  into `city`(`id`,`name`,`region_id`,`weight`) values (1321,'Донской',32,1);
insert  into `city`(`id`,`name`,`region_id`,`weight`) values (1322,'Дубна',32,1);
insert  into `city`(`id`,`name`,`region_id`,`weight`) values (1323,'Ефремов',32,1);
insert  into `city`(`id`,`name`,`region_id`,`weight`) values (1324,'Заокский',32,1);
insert  into `city`(`id`,`name`,`region_id`,`weight`) values (1325,'Кимовск',32,1);
insert  into `city`(`id`,`name`,`region_id`,`weight`) values (1326,'Киреевск',32,1);
insert  into `city`(`id`,`name`,`region_id`,`weight`) values (1327,'Куркино',32,1);
insert  into `city`(`id`,`name`,`region_id`,`weight`) values (1328,'Ленинский',32,1);
insert  into `city`(`id`,`name`,`region_id`,`weight`) values (1329,'Новомосковск',32,131000);
insert  into `city`(`id`,`name`,`region_id`,`weight`) values (1330,'Одоев',32,1);
insert  into `city`(`id`,`name`,`region_id`,`weight`) values (1331,'Плавск',32,1);
insert  into `city`(`id`,`name`,`region_id`,`weight`) values (1332,'Суворов',32,1);
insert  into `city`(`id`,`name`,`region_id`,`weight`) values (1333,'Теплое',32,1);
insert  into `city`(`id`,`name`,`region_id`,`weight`) values (1334,'Тула',32,492000);
insert  into `city`(`id`,`name`,`region_id`,`weight`) values (1335,'Узловая',32,1);
insert  into `city`(`id`,`name`,`region_id`,`weight`) values (1336,'Чернь',32,1);
insert  into `city`(`id`,`name`,`region_id`,`weight`) values (1337,'Щекино',32,1);
insert  into `city`(`id`,`name`,`region_id`,`weight`) values (1338,'Ясногорск',32,1);
insert  into `city`(`id`,`name`,`region_id`,`weight`) values (1339,'Алнаши',33,1);
insert  into `city`(`id`,`name`,`region_id`,`weight`) values (1340,'Балезино',33,1);
insert  into `city`(`id`,`name`,`region_id`,`weight`) values (1341,'Вавож',33,1);
insert  into `city`(`id`,`name`,`region_id`,`weight`) values (1342,'Воткинск',33,1);
insert  into `city`(`id`,`name`,`region_id`,`weight`) values (1343,'Глазов',33,1);
insert  into `city`(`id`,`name`,`region_id`,`weight`) values (1344,'Грахово',33,1);
insert  into `city`(`id`,`name`,`region_id`,`weight`) values (1345,'Дебесы',33,1);
insert  into `city`(`id`,`name`,`region_id`,`weight`) values (1346,'Завьялово',33,1);
insert  into `city`(`id`,`name`,`region_id`,`weight`) values (1347,'Игра',33,1);
insert  into `city`(`id`,`name`,`region_id`,`weight`) values (1348,'Ижевск',33,611000);
insert  into `city`(`id`,`name`,`region_id`,`weight`) values (1349,'Камбарка',33,1);
insert  into `city`(`id`,`name`,`region_id`,`weight`) values (1350,'Каракулино',33,1);
insert  into `city`(`id`,`name`,`region_id`,`weight`) values (1351,'Кез',33,1);
insert  into `city`(`id`,`name`,`region_id`,`weight`) values (1352,'Кизнер',33,1);
insert  into `city`(`id`,`name`,`region_id`,`weight`) values (1353,'Киясово',33,1);
insert  into `city`(`id`,`name`,`region_id`,`weight`) values (1354,'Красногорское',33,1);
insert  into `city`(`id`,`name`,`region_id`,`weight`) values (1355,'Малая Пурга',33,1);
insert  into `city`(`id`,`name`,`region_id`,`weight`) values (1356,'Можга',33,1);
insert  into `city`(`id`,`name`,`region_id`,`weight`) values (1357,'Сарапул',33,1);
insert  into `city`(`id`,`name`,`region_id`,`weight`) values (1358,'Селты',33,1);
insert  into `city`(`id`,`name`,`region_id`,`weight`) values (1359,'Сюмси',33,1);
insert  into `city`(`id`,`name`,`region_id`,`weight`) values (1360,'Ува',33,1);
insert  into `city`(`id`,`name`,`region_id`,`weight`) values (1361,'Шаркан',33,1);
insert  into `city`(`id`,`name`,`region_id`,`weight`) values (1362,'Юкаменское',33,1);
insert  into `city`(`id`,`name`,`region_id`,`weight`) values (1363,'Якшур-бодья',33,1);
insert  into `city`(`id`,`name`,`region_id`,`weight`) values (1364,'Яр',33,1);
insert  into `city`(`id`,`name`,`region_id`,`weight`) values (1365,'Альменево',34,1);
insert  into `city`(`id`,`name`,`region_id`,`weight`) values (1366,'Белозерское',34,1);
insert  into `city`(`id`,`name`,`region_id`,`weight`) values (1367,'Варгаши',34,1);
insert  into `city`(`id`,`name`,`region_id`,`weight`) values (1368,'Глядянское',34,1);
insert  into `city`(`id`,`name`,`region_id`,`weight`) values (1369,'Далматово',34,1);
insert  into `city`(`id`,`name`,`region_id`,`weight`) values (1370,'Звериноголовское',34,1);
insert  into `city`(`id`,`name`,`region_id`,`weight`) values (1371,'Каргаполье',34,1);
insert  into `city`(`id`,`name`,`region_id`,`weight`) values (1372,'Катайск',34,1);
insert  into `city`(`id`,`name`,`region_id`,`weight`) values (1373,'Кетово',34,1);
insert  into `city`(`id`,`name`,`region_id`,`weight`) values (1374,'Курган',34,322000);
insert  into `city`(`id`,`name`,`region_id`,`weight`) values (1375,'Куртамыш',34,1);
insert  into `city`(`id`,`name`,`region_id`,`weight`) values (1376,'Лебяжье',34,1);
insert  into `city`(`id`,`name`,`region_id`,`weight`) values (1377,'Макушино',34,1);
insert  into `city`(`id`,`name`,`region_id`,`weight`) values (1378,'Мишкино',34,1);
insert  into `city`(`id`,`name`,`region_id`,`weight`) values (1379,'Мокроусово',34,1);
insert  into `city`(`id`,`name`,`region_id`,`weight`) values (1380,'Петухово',34,1);
insert  into `city`(`id`,`name`,`region_id`,`weight`) values (1381,'Половинное',34,1);
insert  into `city`(`id`,`name`,`region_id`,`weight`) values (1382,'Сафакулево',34,1);
insert  into `city`(`id`,`name`,`region_id`,`weight`) values (1383,'Целинное',34,1);
insert  into `city`(`id`,`name`,`region_id`,`weight`) values (1384,'Частоозерье',34,1);
insert  into `city`(`id`,`name`,`region_id`,`weight`) values (1385,'Шадринск',34,1);
insert  into `city`(`id`,`name`,`region_id`,`weight`) values (1386,'Шатрово',34,1);
insert  into `city`(`id`,`name`,`region_id`,`weight`) values (1387,'Шумиха',34,1);
insert  into `city`(`id`,`name`,`region_id`,`weight`) values (1388,'Щучье',34,1);
insert  into `city`(`id`,`name`,`region_id`,`weight`) values (1389,'Юргамыш',34,1);
insert  into `city`(`id`,`name`,`region_id`,`weight`) values (1390,'Амурск',35,1);
insert  into `city`(`id`,`name`,`region_id`,`weight`) values (1391,'Аян',35,1);
insert  into `city`(`id`,`name`,`region_id`,`weight`) values (1392,'Бикин',35,1);
insert  into `city`(`id`,`name`,`region_id`,`weight`) values (1393,'Богородское',35,1);
insert  into `city`(`id`,`name`,`region_id`,`weight`) values (1394,'Ванино',35,1);
insert  into `city`(`id`,`name`,`region_id`,`weight`) values (1395,'Вяземский',35,1);
insert  into `city`(`id`,`name`,`region_id`,`weight`) values (1396,'Комсомольск-на-Амуре',35,270000);
insert  into `city`(`id`,`name`,`region_id`,`weight`) values (1397,'Николаевск-на-Амуре',35,1);
insert  into `city`(`id`,`name`,`region_id`,`weight`) values (1398,'Охотск',35,1);
insert  into `city`(`id`,`name`,`region_id`,`weight`) values (1399,'Переяславка',35,1);
insert  into `city`(`id`,`name`,`region_id`,`weight`) values (1400,'Полина Осипенко',35,1);
insert  into `city`(`id`,`name`,`region_id`,`weight`) values (1401,'Советская Гавань',35,1);
insert  into `city`(`id`,`name`,`region_id`,`weight`) values (1402,'Солнечный',35,1);
insert  into `city`(`id`,`name`,`region_id`,`weight`) values (1403,'Троицкое',35,1);
insert  into `city`(`id`,`name`,`region_id`,`weight`) values (1404,'Хабаровск',35,581000);
insert  into `city`(`id`,`name`,`region_id`,`weight`) values (1405,'Чегдомын',35,1);
insert  into `city`(`id`,`name`,`region_id`,`weight`) values (1406,'Чумикан',35,1);
insert  into `city`(`id`,`name`,`region_id`,`weight`) values (1407,'Анадырь',36,1);
insert  into `city`(`id`,`name`,`region_id`,`weight`) values (1408,'Ангарск',37,241000);
insert  into `city`(`id`,`name`,`region_id`,`weight`) values (1409,'Братск',37,250000);
insert  into `city`(`id`,`name`,`region_id`,`weight`) values (1410,'Железногорск-Илимский',37,1);
insert  into `city`(`id`,`name`,`region_id`,`weight`) values (1411,'Залари',37,1);
insert  into `city`(`id`,`name`,`region_id`,`weight`) values (1412,'Зима',37,1);
insert  into `city`(`id`,`name`,`region_id`,`weight`) values (1413,'Иркутск',37,581000);
insert  into `city`(`id`,`name`,`region_id`,`weight`) values (1414,'Казачинское',37,1);
insert  into `city`(`id`,`name`,`region_id`,`weight`) values (1415,'Киренск',37,1);
insert  into `city`(`id`,`name`,`region_id`,`weight`) values (1416,'Новонукутский',37,1);
insert  into `city`(`id`,`name`,`region_id`,`weight`) values (1417,'Тайшет',37,1);
insert  into `city`(`id`,`name`,`region_id`,`weight`) values (1418,'Усолье-Сибирское',37,1);
insert  into `city`(`id`,`name`,`region_id`,`weight`) values (1419,'Усть-Илимск',37,1);
insert  into `city`(`id`,`name`,`region_id`,`weight`) values (1420,'Усть-Кут',37,1);
insert  into `city`(`id`,`name`,`region_id`,`weight`) values (1421,'Усть-Уда',37,1);
insert  into `city`(`id`,`name`,`region_id`,`weight`) values (1422,'Черемхово',37,1);
insert  into `city`(`id`,`name`,`region_id`,`weight`) values (1423,'Чунский',37,1);
insert  into `city`(`id`,`name`,`region_id`,`weight`) values (1424,'Шелехов',37,1);
insert  into `city`(`id`,`name`,`region_id`,`weight`) values (1425,'Анжеро-Судженск',38,1);
insert  into `city`(`id`,`name`,`region_id`,`weight`) values (1426,'Белово',38,1);
insert  into `city`(`id`,`name`,`region_id`,`weight`) values (1427,'Березовский',38,1);
insert  into `city`(`id`,`name`,`region_id`,`weight`) values (1428,'Верх-Чебула',38,1);
insert  into `city`(`id`,`name`,`region_id`,`weight`) values (1429,'Гурьевск',38,1);
insert  into `city`(`id`,`name`,`region_id`,`weight`) values (1430,'Ижморский',38,1);
insert  into `city`(`id`,`name`,`region_id`,`weight`) values (1431,'Кемерово',38,521000);
insert  into `city`(`id`,`name`,`region_id`,`weight`) values (1432,'Киселевск',38,1);
insert  into `city`(`id`,`name`,`region_id`,`weight`) values (1433,'Крапивинский',38,1);
insert  into `city`(`id`,`name`,`region_id`,`weight`) values (1434,'Ленинск-Кузнецкий',38,104600);
insert  into `city`(`id`,`name`,`region_id`,`weight`) values (1435,'Мариинск',38,1);
insert  into `city`(`id`,`name`,`region_id`,`weight`) values (1436,'Междуреченск',38,104000);
insert  into `city`(`id`,`name`,`region_id`,`weight`) values (1437,'Мыски',38,1);
insert  into `city`(`id`,`name`,`region_id`,`weight`) values (1438,'Новокузнецк',38,564000);
insert  into `city`(`id`,`name`,`region_id`,`weight`) values (1439,'Осинники',38,1);
insert  into `city`(`id`,`name`,`region_id`,`weight`) values (1440,'Прокопьевск',38,211000);
insert  into `city`(`id`,`name`,`region_id`,`weight`) values (1441,'Промышленная',38,1);
insert  into `city`(`id`,`name`,`region_id`,`weight`) values (1442,'Тайга',38,1);
insert  into `city`(`id`,`name`,`region_id`,`weight`) values (1443,'Таштагол',38,1);
insert  into `city`(`id`,`name`,`region_id`,`weight`) values (1444,'Тисуль',38,1);
insert  into `city`(`id`,`name`,`region_id`,`weight`) values (1445,'Топки',38,1);
insert  into `city`(`id`,`name`,`region_id`,`weight`) values (1446,'Тяжинский',38,1);
insert  into `city`(`id`,`name`,`region_id`,`weight`) values (1447,'Юрга',38,1);
insert  into `city`(`id`,`name`,`region_id`,`weight`) values (1448,'Яшкино',38,1);
insert  into `city`(`id`,`name`,`region_id`,`weight`) values (1449,'Яя',38,1);
insert  into `city`(`id`,`name`,`region_id`,`weight`) values (1450,'Анна',39,1);
insert  into `city`(`id`,`name`,`region_id`,`weight`) values (1451,'Бобров',39,1);
insert  into `city`(`id`,`name`,`region_id`,`weight`) values (1452,'Богучар',39,1);
insert  into `city`(`id`,`name`,`region_id`,`weight`) values (1453,'Борисоглебск',39,1);
insert  into `city`(`id`,`name`,`region_id`,`weight`) values (1454,'Бутурлиновка',39,1);
insert  into `city`(`id`,`name`,`region_id`,`weight`) values (1455,'Верхний Мамон',39,1);
insert  into `city`(`id`,`name`,`region_id`,`weight`) values (1456,'Верхняя Хава',39,1);
insert  into `city`(`id`,`name`,`region_id`,`weight`) values (1457,'Воробьевка',39,1);
insert  into `city`(`id`,`name`,`region_id`,`weight`) values (1458,'Воронеж',39,848000);
insert  into `city`(`id`,`name`,`region_id`,`weight`) values (1459,'Грибановский',39,1);
insert  into `city`(`id`,`name`,`region_id`,`weight`) values (1460,'Калач',39,1);
insert  into `city`(`id`,`name`,`region_id`,`weight`) values (1461,'Каменка',39,1);
insert  into `city`(`id`,`name`,`region_id`,`weight`) values (1462,'Кантемировка',39,1);
insert  into `city`(`id`,`name`,`region_id`,`weight`) values (1463,'Каширское',39,1);
insert  into `city`(`id`,`name`,`region_id`,`weight`) values (1464,'Лиски',39,1);
insert  into `city`(`id`,`name`,`region_id`,`weight`) values (1465,'Нижнедевицк',39,1);
insert  into `city`(`id`,`name`,`region_id`,`weight`) values (1466,'Новая Усмань',39,1);
insert  into `city`(`id`,`name`,`region_id`,`weight`) values (1467,'Нововоронеж',39,1);
insert  into `city`(`id`,`name`,`region_id`,`weight`) values (1468,'Новохоперск',39,1);
insert  into `city`(`id`,`name`,`region_id`,`weight`) values (1469,'Ольховатка',39,1);
insert  into `city`(`id`,`name`,`region_id`,`weight`) values (1470,'Острогожск',39,1);
insert  into `city`(`id`,`name`,`region_id`,`weight`) values (1471,'Павловск',39,1);
insert  into `city`(`id`,`name`,`region_id`,`weight`) values (1472,'Панино',39,1);
insert  into `city`(`id`,`name`,`region_id`,`weight`) values (1473,'Петропавловка',39,1);
insert  into `city`(`id`,`name`,`region_id`,`weight`) values (1474,'Поворино',39,1);
insert  into `city`(`id`,`name`,`region_id`,`weight`) values (1475,'Подгоренский',39,1);
insert  into `city`(`id`,`name`,`region_id`,`weight`) values (1476,'Рамонь',39,1);
insert  into `city`(`id`,`name`,`region_id`,`weight`) values (1477,'Репьевка',39,1);
insert  into `city`(`id`,`name`,`region_id`,`weight`) values (1478,'Россия - федеральные сотовые н',39,1);
insert  into `city`(`id`,`name`,`region_id`,`weight`) values (1479,'Семилуки',39,1);
insert  into `city`(`id`,`name`,`region_id`,`weight`) values (1480,'Таловая',39,1);
insert  into `city`(`id`,`name`,`region_id`,`weight`) values (1481,'Терновка',39,1);
insert  into `city`(`id`,`name`,`region_id`,`weight`) values (1482,'Хохольский',39,1);
insert  into `city`(`id`,`name`,`region_id`,`weight`) values (1483,'Эртиль',39,1);
insert  into `city`(`id`,`name`,`region_id`,`weight`) values (1484,'Антропово',40,1);
insert  into `city`(`id`,`name`,`region_id`,`weight`) values (1485,'Боговарово',40,1);
insert  into `city`(`id`,`name`,`region_id`,`weight`) values (1486,'Буй',40,1);
insert  into `city`(`id`,`name`,`region_id`,`weight`) values (1487,'Волгореченск',40,1);
insert  into `city`(`id`,`name`,`region_id`,`weight`) values (1488,'Вохма',40,1);
insert  into `city`(`id`,`name`,`region_id`,`weight`) values (1489,'Галич',40,1);
insert  into `city`(`id`,`name`,`region_id`,`weight`) values (1490,'Георгиевское',40,1);
insert  into `city`(`id`,`name`,`region_id`,`weight`) values (1491,'Кадый',40,1);
insert  into `city`(`id`,`name`,`region_id`,`weight`) values (1492,'Кологрив',40,1);
insert  into `city`(`id`,`name`,`region_id`,`weight`) values (1493,'Кострома',40,270000);
insert  into `city`(`id`,`name`,`region_id`,`weight`) values (1494,'Красное-на-Волге',40,1);
insert  into `city`(`id`,`name`,`region_id`,`weight`) values (1495,'Макарьев',40,1);
insert  into `city`(`id`,`name`,`region_id`,`weight`) values (1496,'Мантурово',40,1);
insert  into `city`(`id`,`name`,`region_id`,`weight`) values (1497,'Нерехта',40,1);
insert  into `city`(`id`,`name`,`region_id`,`weight`) values (1498,'Нея',40,1);
insert  into `city`(`id`,`name`,`region_id`,`weight`) values (1499,'Островское',40,1);
insert  into `city`(`id`,`name`,`region_id`,`weight`) values (1500,'Павино',40,1);
insert  into `city`(`id`,`name`,`region_id`,`weight`) values (1501,'Парфеньево',40,1);
insert  into `city`(`id`,`name`,`region_id`,`weight`) values (1502,'Поназырево',40,1);
insert  into `city`(`id`,`name`,`region_id`,`weight`) values (1503,'Пыщуг',40,1);
insert  into `city`(`id`,`name`,`region_id`,`weight`) values (1504,'Солигалич',40,1);
insert  into `city`(`id`,`name`,`region_id`,`weight`) values (1505,'Судиславль',40,1);
insert  into `city`(`id`,`name`,`region_id`,`weight`) values (1506,'Сусанино',40,1);
insert  into `city`(`id`,`name`,`region_id`,`weight`) values (1507,'Чухлома',40,1);
insert  into `city`(`id`,`name`,`region_id`,`weight`) values (1508,'Шарья',40,1);
insert  into `city`(`id`,`name`,`region_id`,`weight`) values (1509,'Анучино',41,1);
insert  into `city`(`id`,`name`,`region_id`,`weight`) values (1510,'Арсеньев',41,1);
insert  into `city`(`id`,`name`,`region_id`,`weight`) values (1511,'Артем',41,1);
insert  into `city`(`id`,`name`,`region_id`,`weight`) values (1512,'Большой Камень',41,1);
insert  into `city`(`id`,`name`,`region_id`,`weight`) values (1513,'Владивосток',41,617000);
insert  into `city`(`id`,`name`,`region_id`,`weight`) values (1514,'Владимиро-Александровское',41,1);
insert  into `city`(`id`,`name`,`region_id`,`weight`) values (1515,'Вольно-Надеждинское',41,1);
insert  into `city`(`id`,`name`,`region_id`,`weight`) values (1516,'Дальнегорск',41,1);
insert  into `city`(`id`,`name`,`region_id`,`weight`) values (1517,'Дальнереченск',41,1);
insert  into `city`(`id`,`name`,`region_id`,`weight`) values (1518,'Кавалерово',41,1);
insert  into `city`(`id`,`name`,`region_id`,`weight`) values (1519,'Камень-Рыболов',41,1);
insert  into `city`(`id`,`name`,`region_id`,`weight`) values (1520,'Кировский',41,1);
insert  into `city`(`id`,`name`,`region_id`,`weight`) values (1521,'Лазо',41,1);
insert  into `city`(`id`,`name`,`region_id`,`weight`) values (1522,'Лесозаводск',41,1);
insert  into `city`(`id`,`name`,`region_id`,`weight`) values (1523,'Лучегорск',41,1);
insert  into `city`(`id`,`name`,`region_id`,`weight`) values (1524,'Михайловка',41,1);
insert  into `city`(`id`,`name`,`region_id`,`weight`) values (1525,'Находка',41,166000);
insert  into `city`(`id`,`name`,`region_id`,`weight`) values (1526,'Ольга',41,1);
insert  into `city`(`id`,`name`,`region_id`,`weight`) values (1527,'Партизанск',41,1);
insert  into `city`(`id`,`name`,`region_id`,`weight`) values (1528,'Пограничный',41,1);
insert  into `city`(`id`,`name`,`region_id`,`weight`) values (1529,'Покровка',41,1);
insert  into `city`(`id`,`name`,`region_id`,`weight`) values (1530,'Славянка',41,1);
insert  into `city`(`id`,`name`,`region_id`,`weight`) values (1531,'Спасск-Дальний',41,1);
insert  into `city`(`id`,`name`,`region_id`,`weight`) values (1532,'Терней',41,1);
insert  into `city`(`id`,`name`,`region_id`,`weight`) values (1533,'Уссурийск',41,153000);
insert  into `city`(`id`,`name`,`region_id`,`weight`) values (1534,'Фокино',41,1);
insert  into `city`(`id`,`name`,`region_id`,`weight`) values (1535,'Хороль',41,1);
insert  into `city`(`id`,`name`,`region_id`,`weight`) values (1536,'Черниговка',41,1);
insert  into `city`(`id`,`name`,`region_id`,`weight`) values (1537,'Чугуевка',41,1);
insert  into `city`(`id`,`name`,`region_id`,`weight`) values (1538,'Яковлевка',41,1);
insert  into `city`(`id`,`name`,`region_id`,`weight`) values (1539,'Апатиты',42,1);
insert  into `city`(`id`,`name`,`region_id`,`weight`) values (1540,'Заозерск',42,1);
insert  into `city`(`id`,`name`,`region_id`,`weight`) values (1541,'Заполярный',42,1);
insert  into `city`(`id`,`name`,`region_id`,`weight`) values (1542,'Кандалакша',42,1);
insert  into `city`(`id`,`name`,`region_id`,`weight`) values (1543,'Кировск',42,1);
insert  into `city`(`id`,`name`,`region_id`,`weight`) values (1544,'Ковдор',42,1);
insert  into `city`(`id`,`name`,`region_id`,`weight`) values (1545,'Кола',42,1);
insert  into `city`(`id`,`name`,`region_id`,`weight`) values (1546,'Ловозеро',42,1);
insert  into `city`(`id`,`name`,`region_id`,`weight`) values (1547,'Мончегорск',42,1);
insert  into `city`(`id`,`name`,`region_id`,`weight`) values (1548,'Мурманск',42,309000);
insert  into `city`(`id`,`name`,`region_id`,`weight`) values (1549,'Никель',42,1);
insert  into `city`(`id`,`name`,`region_id`,`weight`) values (1550,'Оленегорск',42,1);
insert  into `city`(`id`,`name`,`region_id`,`weight`) values (1551,'Полярные Зори',42,1);
insert  into `city`(`id`,`name`,`region_id`,`weight`) values (1552,'Полярный',42,1);
insert  into `city`(`id`,`name`,`region_id`,`weight`) values (1553,'Североморск',42,1);
insert  into `city`(`id`,`name`,`region_id`,`weight`) values (1554,'Скалистый',42,1);
insert  into `city`(`id`,`name`,`region_id`,`weight`) values (1555,'Снежногрск',42,1);
insert  into `city`(`id`,`name`,`region_id`,`weight`) values (1556,'Умба',42,1);
insert  into `city`(`id`,`name`,`region_id`,`weight`) values (1557,'Арбаж',43,1);
insert  into `city`(`id`,`name`,`region_id`,`weight`) values (1558,'Белая Холуница',43,1);
insert  into `city`(`id`,`name`,`region_id`,`weight`) values (1559,'Богородское',43,1);
insert  into `city`(`id`,`name`,`region_id`,`weight`) values (1560,'Верхошижемье',43,1);
insert  into `city`(`id`,`name`,`region_id`,`weight`) values (1561,'Вятские Поляны',43,1);
insert  into `city`(`id`,`name`,`region_id`,`weight`) values (1562,'Даровский',43,1);
insert  into `city`(`id`,`name`,`region_id`,`weight`) values (1563,'Зуевка',43,1);
insert  into `city`(`id`,`name`,`region_id`,`weight`) values (1564,'Кикнур',43,1);
insert  into `city`(`id`,`name`,`region_id`,`weight`) values (1565,'Кильмезь',43,1);
insert  into `city`(`id`,`name`,`region_id`,`weight`) values (1566,'Киров',43,464000);
insert  into `city`(`id`,`name`,`region_id`,`weight`) values (1567,'Кирово-Чепецк',43,1);
insert  into `city`(`id`,`name`,`region_id`,`weight`) values (1568,'Кирс',43,1);
insert  into `city`(`id`,`name`,`region_id`,`weight`) values (1569,'Котельнич',43,1);
insert  into `city`(`id`,`name`,`region_id`,`weight`) values (1570,'Кумены',43,1);
insert  into `city`(`id`,`name`,`region_id`,`weight`) values (1571,'Лебяжье',43,1);
insert  into `city`(`id`,`name`,`region_id`,`weight`) values (1572,'Ленинское',43,1);
insert  into `city`(`id`,`name`,`region_id`,`weight`) values (1573,'Луза',43,1);
insert  into `city`(`id`,`name`,`region_id`,`weight`) values (1574,'Малмыж',43,1);
insert  into `city`(`id`,`name`,`region_id`,`weight`) values (1575,'Мураши',43,1);
insert  into `city`(`id`,`name`,`region_id`,`weight`) values (1576,'Нагорск',43,1);
insert  into `city`(`id`,`name`,`region_id`,`weight`) values (1577,'Нема',43,1);
insert  into `city`(`id`,`name`,`region_id`,`weight`) values (1578,'Нолинск',43,1);
insert  into `city`(`id`,`name`,`region_id`,`weight`) values (1579,'Омутнинск',43,1);
insert  into `city`(`id`,`name`,`region_id`,`weight`) values (1580,'Опарино',43,1);
insert  into `city`(`id`,`name`,`region_id`,`weight`) values (1581,'Оричи',43,1);
insert  into `city`(`id`,`name`,`region_id`,`weight`) values (1582,'Орлов',43,1);
insert  into `city`(`id`,`name`,`region_id`,`weight`) values (1583,'Пижанка',43,1);
insert  into `city`(`id`,`name`,`region_id`,`weight`) values (1584,'Подосиновец',43,1);
insert  into `city`(`id`,`name`,`region_id`,`weight`) values (1585,'Санчурск',43,1);
insert  into `city`(`id`,`name`,`region_id`,`weight`) values (1586,'Свеча',43,1);
insert  into `city`(`id`,`name`,`region_id`,`weight`) values (1587,'Слободской',43,1);
insert  into `city`(`id`,`name`,`region_id`,`weight`) values (1588,'Советск',43,1);
insert  into `city`(`id`,`name`,`region_id`,`weight`) values (1589,'Суна',43,1);
insert  into `city`(`id`,`name`,`region_id`,`weight`) values (1590,'Тужа',43,1);
insert  into `city`(`id`,`name`,`region_id`,`weight`) values (1591,'Уни',43,1);
insert  into `city`(`id`,`name`,`region_id`,`weight`) values (1592,'Уржум',43,1);
insert  into `city`(`id`,`name`,`region_id`,`weight`) values (1593,'Фаленки',43,1);
insert  into `city`(`id`,`name`,`region_id`,`weight`) values (1594,'Юрья',43,1);
insert  into `city`(`id`,`name`,`region_id`,`weight`) values (1595,'Яранск',43,1);
insert  into `city`(`id`,`name`,`region_id`,`weight`) values (1596,'Аргун',44,1);
insert  into `city`(`id`,`name`,`region_id`,`weight`) values (1597,'Ачхой-Мартан',44,1);
insert  into `city`(`id`,`name`,`region_id`,`weight`) values (1598,'Ведено',44,1);
insert  into `city`(`id`,`name`,`region_id`,`weight`) values (1599,'Грозный',44,251000);
insert  into `city`(`id`,`name`,`region_id`,`weight`) values (1600,'Гудермес',44,1);
insert  into `city`(`id`,`name`,`region_id`,`weight`) values (1601,'Знаменское',44,1);
insert  into `city`(`id`,`name`,`region_id`,`weight`) values (1602,'Малгобек',44,1);
insert  into `city`(`id`,`name`,`region_id`,`weight`) values (1603,'Ножай-Юрт',44,1);
insert  into `city`(`id`,`name`,`region_id`,`weight`) values (1604,'Урус-Мартан',44,1);
insert  into `city`(`id`,`name`,`region_id`,`weight`) values (1605,'Шали',44,1);
insert  into `city`(`id`,`name`,`region_id`,`weight`) values (1606,'Шатой',44,1);
insert  into `city`(`id`,`name`,`region_id`,`weight`) values (1607,'Ардатов',45,1);
insert  into `city`(`id`,`name`,`region_id`,`weight`) values (1608,'Атюрьево',45,1);
insert  into `city`(`id`,`name`,`region_id`,`weight`) values (1609,'Атяшево',45,1);
insert  into `city`(`id`,`name`,`region_id`,`weight`) values (1610,'Большие Березняки',45,1);
insert  into `city`(`id`,`name`,`region_id`,`weight`) values (1611,'Большое Игнатово',45,1);
insert  into `city`(`id`,`name`,`region_id`,`weight`) values (1612,'Дубенки',45,1);
insert  into `city`(`id`,`name`,`region_id`,`weight`) values (1613,'Ельники',45,1);
insert  into `city`(`id`,`name`,`region_id`,`weight`) values (1614,'Зубова Поляна',45,1);
insert  into `city`(`id`,`name`,`region_id`,`weight`) values (1615,'Инсар',45,1);
insert  into `city`(`id`,`name`,`region_id`,`weight`) values (1616,'Кадошкино',45,1);
insert  into `city`(`id`,`name`,`region_id`,`weight`) values (1617,'Кемля',45,1);
insert  into `city`(`id`,`name`,`region_id`,`weight`) values (1618,'Ковылкино',45,1);
insert  into `city`(`id`,`name`,`region_id`,`weight`) values (1619,'Кочкурово',45,1);
insert  into `city`(`id`,`name`,`region_id`,`weight`) values (1620,'Краснослободск',45,1);
insert  into `city`(`id`,`name`,`region_id`,`weight`) values (1621,'Лямбирь',45,1);
insert  into `city`(`id`,`name`,`region_id`,`weight`) values (1622,'Ромоданово',45,1);
insert  into `city`(`id`,`name`,`region_id`,`weight`) values (1623,'Рузаевка',45,1);
insert  into `city`(`id`,`name`,`region_id`,`weight`) values (1624,'Саранск',45,296000);
insert  into `city`(`id`,`name`,`region_id`,`weight`) values (1625,'Старое Шайгово',45,1);
insert  into `city`(`id`,`name`,`region_id`,`weight`) values (1626,'Темников',45,1);
insert  into `city`(`id`,`name`,`region_id`,`weight`) values (1627,'Теньгушево',45,1);
insert  into `city`(`id`,`name`,`region_id`,`weight`) values (1628,'Торбеево',45,1);
insert  into `city`(`id`,`name`,`region_id`,`weight`) values (1629,'Чамзинка',45,1);
insert  into `city`(`id`,`name`,`region_id`,`weight`) values (1630,'Явас',45,1);
insert  into `city`(`id`,`name`,`region_id`,`weight`) values (1631,'Ардатов',46,1);
insert  into `city`(`id`,`name`,`region_id`,`weight`) values (1632,'Арзамас',46,105300);
insert  into `city`(`id`,`name`,`region_id`,`weight`) values (1633,'Балахна',46,1);
insert  into `city`(`id`,`name`,`region_id`,`weight`) values (1634,'Богородск',46,1);
insert  into `city`(`id`,`name`,`region_id`,`weight`) values (1635,'Большое Болдино',46,1);
insert  into `city`(`id`,`name`,`region_id`,`weight`) values (1636,'Большое Мурашкино',46,1);
insert  into `city`(`id`,`name`,`region_id`,`weight`) values (1637,'Бор',46,1);
insert  into `city`(`id`,`name`,`region_id`,`weight`) values (1638,'Бутурлино',46,1);
insert  into `city`(`id`,`name`,`region_id`,`weight`) values (1639,'Вад',46,1);
insert  into `city`(`id`,`name`,`region_id`,`weight`) values (1640,'Варнавино',46,1);
insert  into `city`(`id`,`name`,`region_id`,`weight`) values (1641,'Вача',46,1);
insert  into `city`(`id`,`name`,`region_id`,`weight`) values (1642,'Ветлуга',46,1);
insert  into `city`(`id`,`name`,`region_id`,`weight`) values (1643,'Вознесенское',46,1);
insert  into `city`(`id`,`name`,`region_id`,`weight`) values (1644,'Воротынец',46,1);
insert  into `city`(`id`,`name`,`region_id`,`weight`) values (1645,'Воскресенское',46,1);
insert  into `city`(`id`,`name`,`region_id`,`weight`) values (1646,'Выкса',46,1);
insert  into `city`(`id`,`name`,`region_id`,`weight`) values (1647,'Гагино',46,1);
insert  into `city`(`id`,`name`,`region_id`,`weight`) values (1648,'Городец',46,1);
insert  into `city`(`id`,`name`,`region_id`,`weight`) values (1649,'Дальнее Константиново',46,1);
insert  into `city`(`id`,`name`,`region_id`,`weight`) values (1650,'Дзержинск',46,244000);
insert  into `city`(`id`,`name`,`region_id`,`weight`) values (1651,'Дивеево',46,1);
insert  into `city`(`id`,`name`,`region_id`,`weight`) values (1652,'Заволжье',46,1);
insert  into `city`(`id`,`name`,`region_id`,`weight`) values (1653,'Княгинино',46,1);
insert  into `city`(`id`,`name`,`region_id`,`weight`) values (1654,'Ковернино',46,1);
insert  into `city`(`id`,`name`,`region_id`,`weight`) values (1655,'Красные Баки',46,1);
insert  into `city`(`id`,`name`,`region_id`,`weight`) values (1656,'Кстово',46,1);
insert  into `city`(`id`,`name`,`region_id`,`weight`) values (1657,'Кулебаки',46,1);
insert  into `city`(`id`,`name`,`region_id`,`weight`) values (1658,'Лукоянов',46,1);
insert  into `city`(`id`,`name`,`region_id`,`weight`) values (1659,'Лысково',46,1);
insert  into `city`(`id`,`name`,`region_id`,`weight`) values (1660,'Навашино',46,1);
insert  into `city`(`id`,`name`,`region_id`,`weight`) values (1661,'Нижний Новгород',46,1271000);
insert  into `city`(`id`,`name`,`region_id`,`weight`) values (1665,'Павлово',46,1);
insert  into `city`(`id`,`name`,`region_id`,`weight`) values (1666,'Первомайск',46,1);
insert  into `city`(`id`,`name`,`region_id`,`weight`) values (1667,'Перевоз',46,1);
insert  into `city`(`id`,`name`,`region_id`,`weight`) values (1668,'Пильна',46,1);
insert  into `city`(`id`,`name`,`region_id`,`weight`) values (1669,'Починки',46,1);
insert  into `city`(`id`,`name`,`region_id`,`weight`) values (1670,'Саров',46,1);
insert  into `city`(`id`,`name`,`region_id`,`weight`) values (1671,'Семенов',46,1);
insert  into `city`(`id`,`name`,`region_id`,`weight`) values (1672,'Сергач',46,1);
insert  into `city`(`id`,`name`,`region_id`,`weight`) values (1673,'Сеченово',46,1);
insert  into `city`(`id`,`name`,`region_id`,`weight`) values (1674,'Сосновское',46,1);
insert  into `city`(`id`,`name`,`region_id`,`weight`) values (1675,'Спасское',46,1);
insert  into `city`(`id`,`name`,`region_id`,`weight`) values (1676,'Тонкино',46,1);
insert  into `city`(`id`,`name`,`region_id`,`weight`) values (1677,'Уразовка',46,1);
insert  into `city`(`id`,`name`,`region_id`,`weight`) values (1678,'Урень',46,1);
insert  into `city`(`id`,`name`,`region_id`,`weight`) values (1679,'Чкаловск',46,1);
insert  into `city`(`id`,`name`,`region_id`,`weight`) values (1680,'Шаранга',46,1);
insert  into `city`(`id`,`name`,`region_id`,`weight`) values (1681,'Шатки',46,1);
insert  into `city`(`id`,`name`,`region_id`,`weight`) values (1682,'Шахунья',46,1);
insert  into `city`(`id`,`name`,`region_id`,`weight`) values (1683,'Архангельск',47,348000);
insert  into `city`(`id`,`name`,`region_id`,`weight`) values (1684,'Березник',47,1);
insert  into `city`(`id`,`name`,`region_id`,`weight`) values (1685,'Вельск',47,1);
insert  into `city`(`id`,`name`,`region_id`,`weight`) values (1686,'Верхняя Тойма',47,1);
insert  into `city`(`id`,`name`,`region_id`,`weight`) values (1687,'Ильинско-Подомское',47,1);
insert  into `city`(`id`,`name`,`region_id`,`weight`) values (1688,'Каргополь',47,1);
insert  into `city`(`id`,`name`,`region_id`,`weight`) values (1689,'Карпогоры',47,1);
insert  into `city`(`id`,`name`,`region_id`,`weight`) values (1690,'Коноша',47,1);
insert  into `city`(`id`,`name`,`region_id`,`weight`) values (1691,'Коряжма',47,1);
insert  into `city`(`id`,`name`,`region_id`,`weight`) values (1692,'Котлас',47,1);
insert  into `city`(`id`,`name`,`region_id`,`weight`) values (1693,'Красноборск',47,1);
insert  into `city`(`id`,`name`,`region_id`,`weight`) values (1694,'Лешуконское',47,1);
insert  into `city`(`id`,`name`,`region_id`,`weight`) values (1695,'Мезень',47,1);
insert  into `city`(`id`,`name`,`region_id`,`weight`) values (1696,'Мирный',47,1);
insert  into `city`(`id`,`name`,`region_id`,`weight`) values (1697,'Нарьян-Мар',47,1);
insert  into `city`(`id`,`name`,`region_id`,`weight`) values (1698,'Новодвинск',47,1);
insert  into `city`(`id`,`name`,`region_id`,`weight`) values (1699,'Няндома',47,1);
insert  into `city`(`id`,`name`,`region_id`,`weight`) values (1700,'Октябрьский',47,1);
insert  into `city`(`id`,`name`,`region_id`,`weight`) values (1701,'Онега',47,1);
insert  into `city`(`id`,`name`,`region_id`,`weight`) values (1702,'о.Соловки',47,1);
insert  into `city`(`id`,`name`,`region_id`,`weight`) values (1703,'Плесецк',47,1);
insert  into `city`(`id`,`name`,`region_id`,`weight`) values (1704,'Северодвинск',47,187000);
insert  into `city`(`id`,`name`,`region_id`,`weight`) values (1705,'Холмогоры',47,1);
insert  into `city`(`id`,`name`,`region_id`,`weight`) values (1706,'Шенкурск',47,1);
insert  into `city`(`id`,`name`,`region_id`,`weight`) values (1707,'Яренск',47,1);
insert  into `city`(`id`,`name`,`region_id`,`weight`) values (1708,'Астрахань',48,506000);
insert  into `city`(`id`,`name`,`region_id`,`weight`) values (1709,'Ахтубинск',48,1);
insert  into `city`(`id`,`name`,`region_id`,`weight`) values (1710,'Володарский',48,1);
insert  into `city`(`id`,`name`,`region_id`,`weight`) values (1711,'Енотаевка',48,1);
insert  into `city`(`id`,`name`,`region_id`,`weight`) values (1712,'Знаменск',48,1);
insert  into `city`(`id`,`name`,`region_id`,`weight`) values (1713,'Икряное',48,1);
insert  into `city`(`id`,`name`,`region_id`,`weight`) values (1714,'Камызяк',48,1);
insert  into `city`(`id`,`name`,`region_id`,`weight`) values (1715,'Красный Яр',48,1);
insert  into `city`(`id`,`name`,`region_id`,`weight`) values (1716,'Лиман',48,1);
insert  into `city`(`id`,`name`,`region_id`,`weight`) values (1717,'Нариманов',48,1);
insert  into `city`(`id`,`name`,`region_id`,`weight`) values (1718,'Началово',48,1);
insert  into `city`(`id`,`name`,`region_id`,`weight`) values (1719,'Харабали',48,1);
insert  into `city`(`id`,`name`,`region_id`,`weight`) values (1720,'Черный Яр',48,1);
insert  into `city`(`id`,`name`,`region_id`,`weight`) values (1721,'Ачайваям',49,1);
insert  into `city`(`id`,`name`,`region_id`,`weight`) values (1722,'Вилючинск-3',49,1);
insert  into `city`(`id`,`name`,`region_id`,`weight`) values (1723,'Вилючинск',49,1);
insert  into `city`(`id`,`name`,`region_id`,`weight`) values (1724,'Елизово',49,1);
insert  into `city`(`id`,`name`,`region_id`,`weight`) values (1725,'Каменское',49,1);
insert  into `city`(`id`,`name`,`region_id`,`weight`) values (1726,'Ключи',49,1);
insert  into `city`(`id`,`name`,`region_id`,`weight`) values (1727,'Корф',49,1);
insert  into `city`(`id`,`name`,`region_id`,`weight`) values (1728,'Мильково',49,1);
insert  into `city`(`id`,`name`,`region_id`,`weight`) values (1729,'Оссора',49,1);
insert  into `city`(`id`,`name`,`region_id`,`weight`) values (1730,'Палана',49,1);
insert  into `city`(`id`,`name`,`region_id`,`weight`) values (1731,'Пахачи',49,1);
insert  into `city`(`id`,`name`,`region_id`,`weight`) values (1732,'Петропавловск-Камчатский',49,194000);
insert  into `city`(`id`,`name`,`region_id`,`weight`) values (1733,'Соболево',49,1);
insert  into `city`(`id`,`name`,`region_id`,`weight`) values (1734,'Средние Пахачи',49,1);
insert  into `city`(`id`,`name`,`region_id`,`weight`) values (1735,'Тигиль',49,1);
insert  into `city`(`id`,`name`,`region_id`,`weight`) values (1736,'Тиличики',49,1);
insert  into `city`(`id`,`name`,`region_id`,`weight`) values (1737,'Усть-Большерецк',49,1);
insert  into `city`(`id`,`name`,`region_id`,`weight`) values (1738,'Усть-Камчатск',49,1);
insert  into `city`(`id`,`name`,`region_id`,`weight`) values (1739,'Усть-Хайрюзово',49,1);
insert  into `city`(`id`,`name`,`region_id`,`weight`) values (1740,'Эссо',49,1);
insert  into `city`(`id`,`name`,`region_id`,`weight`) values (1741,'Бабаево',50,1);
insert  into `city`(`id`,`name`,`region_id`,`weight`) values (1742,'Белозерск',50,1);
insert  into `city`(`id`,`name`,`region_id`,`weight`) values (1743,'Великий Устюг',50,1);
insert  into `city`(`id`,`name`,`region_id`,`weight`) values (1744,'Верховажье',50,1);
insert  into `city`(`id`,`name`,`region_id`,`weight`) values (1745,'Вожега',50,1);
insert  into `city`(`id`,`name`,`region_id`,`weight`) values (1746,'Вологда',50,286000);
insert  into `city`(`id`,`name`,`region_id`,`weight`) values (1747,'Вытегра',50,1);
insert  into `city`(`id`,`name`,`region_id`,`weight`) values (1748,'Грязовец',50,1);
insert  into `city`(`id`,`name`,`region_id`,`weight`) values (1749,'Кадуй',50,1);
insert  into `city`(`id`,`name`,`region_id`,`weight`) values (1750,'Кириллов',50,1);
insert  into `city`(`id`,`name`,`region_id`,`weight`) values (1751,'Кичменгский Городок',50,1);
insert  into `city`(`id`,`name`,`region_id`,`weight`) values (1752,'Липин Бор',50,1);
insert  into `city`(`id`,`name`,`region_id`,`weight`) values (1753,'Никольск',50,1);
insert  into `city`(`id`,`name`,`region_id`,`weight`) values (1754,'Нюксеница',50,1);
insert  into `city`(`id`,`name`,`region_id`,`weight`) values (1755,'Село Им. Бабушкина',50,1);
insert  into `city`(`id`,`name`,`region_id`,`weight`) values (1756,'Сокол',50,1);
insert  into `city`(`id`,`name`,`region_id`,`weight`) values (1757,'Сямжа',50,1);
insert  into `city`(`id`,`name`,`region_id`,`weight`) values (1758,'Тарногский Городок',50,1);
insert  into `city`(`id`,`name`,`region_id`,`weight`) values (1759,'Тотьма',50,1);
insert  into `city`(`id`,`name`,`region_id`,`weight`) values (1760,'Устье',50,1);
insert  into `city`(`id`,`name`,`region_id`,`weight`) values (1761,'Устюжна',50,1);
insert  into `city`(`id`,`name`,`region_id`,`weight`) values (1762,'Харовск',50,1);
insert  into `city`(`id`,`name`,`region_id`,`weight`) values (1763,'Чагода',50,1);
insert  into `city`(`id`,`name`,`region_id`,`weight`) values (1764,'Череповец',50,310000);
insert  into `city`(`id`,`name`,`region_id`,`weight`) values (1765,'Шексна',50,1);
insert  into `city`(`id`,`name`,`region_id`,`weight`) values (1766,'Шуйское',50,1);
insert  into `city`(`id`,`name`,`region_id`,`weight`) values (1767,'Бабынино',51,1);
insert  into `city`(`id`,`name`,`region_id`,`weight`) values (1768,'Балабаново',51,1);
insert  into `city`(`id`,`name`,`region_id`,`weight`) values (1769,'Боровск',51,1);
insert  into `city`(`id`,`name`,`region_id`,`weight`) values (1770,'Думиничи',51,1);
insert  into `city`(`id`,`name`,`region_id`,`weight`) values (1771,'Жиздра',51,1);
insert  into `city`(`id`,`name`,`region_id`,`weight`) values (1772,'Жуково',51,1);
insert  into `city`(`id`,`name`,`region_id`,`weight`) values (1773,'Калуга',51,328000);
insert  into `city`(`id`,`name`,`region_id`,`weight`) values (1774,'Киров',51,1);
insert  into `city`(`id`,`name`,`region_id`,`weight`) values (1775,'Козельск',51,1);
insert  into `city`(`id`,`name`,`region_id`,`weight`) values (1776,'Кондрово',51,1);
insert  into `city`(`id`,`name`,`region_id`,`weight`) values (1777,'Людиново',51,1);
insert  into `city`(`id`,`name`,`region_id`,`weight`) values (1778,'Малоярославец',51,1);
insert  into `city`(`id`,`name`,`region_id`,`weight`) values (1779,'Медынь',51,1);
insert  into `city`(`id`,`name`,`region_id`,`weight`) values (1780,'Мещовск',51,1);
insert  into `city`(`id`,`name`,`region_id`,`weight`) values (1781,'Мосальск',51,1);
insert  into `city`(`id`,`name`,`region_id`,`weight`) values (1782,'Обнинск',51,105600);
insert  into `city`(`id`,`name`,`region_id`,`weight`) values (1783,'Перемышль',51,1);
insert  into `city`(`id`,`name`,`region_id`,`weight`) values (1784,'Спас-Деменск',51,1);
insert  into `city`(`id`,`name`,`region_id`,`weight`) values (1785,'Сухиничи',51,1);
insert  into `city`(`id`,`name`,`region_id`,`weight`) values (1786,'Таруса',51,1);
insert  into `city`(`id`,`name`,`region_id`,`weight`) values (1787,'Ульяново',51,1);
insert  into `city`(`id`,`name`,`region_id`,`weight`) values (1788,'Ферзиково',51,1);
insert  into `city`(`id`,`name`,`region_id`,`weight`) values (1789,'Хвастовичи',51,1);
insert  into `city`(`id`,`name`,`region_id`,`weight`) values (1790,'Юхнов',51,1);
insert  into `city`(`id`,`name`,`region_id`,`weight`) values (1791,'Баган',52,1);
insert  into `city`(`id`,`name`,`region_id`,`weight`) values (1792,'Барабинск',52,1);
insert  into `city`(`id`,`name`,`region_id`,`weight`) values (1793,'Бердск',52,1);
insert  into `city`(`id`,`name`,`region_id`,`weight`) values (1794,'Болотное',52,1);
insert  into `city`(`id`,`name`,`region_id`,`weight`) values (1795,'Венгерово',52,1);
insert  into `city`(`id`,`name`,`region_id`,`weight`) values (1796,'Довольное',52,1);
insert  into `city`(`id`,`name`,`region_id`,`weight`) values (1797,'Здвинск',52,1);
insert  into `city`(`id`,`name`,`region_id`,`weight`) values (1798,'Искитим',52,1);
insert  into `city`(`id`,`name`,`region_id`,`weight`) values (1799,'Карасук',52,1);
insert  into `city`(`id`,`name`,`region_id`,`weight`) values (1800,'Каргат',52,1);
insert  into `city`(`id`,`name`,`region_id`,`weight`) values (1801,'Колывань',52,1);
insert  into `city`(`id`,`name`,`region_id`,`weight`) values (1802,'Коченево',52,1);
insert  into `city`(`id`,`name`,`region_id`,`weight`) values (1803,'Кочки',52,1);
insert  into `city`(`id`,`name`,`region_id`,`weight`) values (1804,'Краснозерское',52,1);
insert  into `city`(`id`,`name`,`region_id`,`weight`) values (1805,'Куйбышев',52,1);
insert  into `city`(`id`,`name`,`region_id`,`weight`) values (1806,'Купино',52,1);
insert  into `city`(`id`,`name`,`region_id`,`weight`) values (1807,'Кыштовка',52,1);
insert  into `city`(`id`,`name`,`region_id`,`weight`) values (1808,'Маслянино',52,1);
insert  into `city`(`id`,`name`,`region_id`,`weight`) values (1809,'Мошково',52,1);
insert  into `city`(`id`,`name`,`region_id`,`weight`) values (1810,'Новосибирск',52,1409000);
insert  into `city`(`id`,`name`,`region_id`,`weight`) values (1812,'Обь',52,1);
insert  into `city`(`id`,`name`,`region_id`,`weight`) values (1813,'Ордынское',52,1);
insert  into `city`(`id`,`name`,`region_id`,`weight`) values (1814,'Северное',52,1);
insert  into `city`(`id`,`name`,`region_id`,`weight`) values (1815,'Сузун',52,1);
insert  into `city`(`id`,`name`,`region_id`,`weight`) values (1816,'Татарск',52,1);
insert  into `city`(`id`,`name`,`region_id`,`weight`) values (1817,'Тогучин',52,1);
insert  into `city`(`id`,`name`,`region_id`,`weight`) values (1818,'Убинское',52,1);
insert  into `city`(`id`,`name`,`region_id`,`weight`) values (1819,'Усть-Тарка',52,1);
insert  into `city`(`id`,`name`,`region_id`,`weight`) values (1820,'Чаны',52,1);
insert  into `city`(`id`,`name`,`region_id`,`weight`) values (1821,'Черепаново',52,1);
insert  into `city`(`id`,`name`,`region_id`,`weight`) values (1822,'Чистоозерное',52,1);
insert  into `city`(`id`,`name`,`region_id`,`weight`) values (1823,'Чулым',52,1);
insert  into `city`(`id`,`name`,`region_id`,`weight`) values (1824,'Базарный Сызган',53,1);
insert  into `city`(`id`,`name`,`region_id`,`weight`) values (1825,'Барыш',53,1);
insert  into `city`(`id`,`name`,`region_id`,`weight`) values (1826,'Большое Нагаткино',53,1);
insert  into `city`(`id`,`name`,`region_id`,`weight`) values (1827,'Вешкайма',53,1);
insert  into `city`(`id`,`name`,`region_id`,`weight`) values (1828,'Димитровград',53,127500);
insert  into `city`(`id`,`name`,`region_id`,`weight`) values (1829,'Инза',53,1);
insert  into `city`(`id`,`name`,`region_id`,`weight`) values (1830,'Ишеевка',53,1);
insert  into `city`(`id`,`name`,`region_id`,`weight`) values (1831,'Карсун',53,1);
insert  into `city`(`id`,`name`,`region_id`,`weight`) values (1832,'Кузоватово',53,1);
insert  into `city`(`id`,`name`,`region_id`,`weight`) values (1833,'Майна',53,1);
insert  into `city`(`id`,`name`,`region_id`,`weight`) values (1834,'Николаевка',53,1);
insert  into `city`(`id`,`name`,`region_id`,`weight`) values (1835,'Новая Малыкла',53,1);
insert  into `city`(`id`,`name`,`region_id`,`weight`) values (1836,'Новоспасское',53,1);
insert  into `city`(`id`,`name`,`region_id`,`weight`) values (1837,'Новоульяновск',53,1);
insert  into `city`(`id`,`name`,`region_id`,`weight`) values (1838,'Павловка',53,1);
insert  into `city`(`id`,`name`,`region_id`,`weight`) values (1839,'Радищево',53,1);
insert  into `city`(`id`,`name`,`region_id`,`weight`) values (1840,'Сенгилей',53,1);
insert  into `city`(`id`,`name`,`region_id`,`weight`) values (1841,'Старая Кулатка',53,1);
insert  into `city`(`id`,`name`,`region_id`,`weight`) values (1842,'Старая Майна',53,1);
insert  into `city`(`id`,`name`,`region_id`,`weight`) values (1843,'Сурское',53,1);
insert  into `city`(`id`,`name`,`region_id`,`weight`) values (1844,'Тереньга',53,1);
insert  into `city`(`id`,`name`,`region_id`,`weight`) values (1845,'Ульяновск',53,603000);
insert  into `city`(`id`,`name`,`region_id`,`weight`) values (1846,'Чердаклы',53,1);
insert  into `city`(`id`,`name`,`region_id`,`weight`) values (1847,'Байконур',54,1);
insert  into `city`(`id`,`name`,`region_id`,`weight`) values (1848,'Горно-Алтайск',54,1);
insert  into `city`(`id`,`name`,`region_id`,`weight`) values (1849,'Майма',54,1);
insert  into `city`(`id`,`name`,`region_id`,`weight`) values (1850,'Онгудай',54,1);
insert  into `city`(`id`,`name`,`region_id`,`weight`) values (1851,'Турочак',54,1);
insert  into `city`(`id`,`name`,`region_id`,`weight`) values (1852,'Усть-Кан',54,1);
insert  into `city`(`id`,`name`,`region_id`,`weight`) values (1853,'Чоя',54,1);
insert  into `city`(`id`,`name`,`region_id`,`weight`) values (1854,'Шебалино',54,1);
insert  into `city`(`id`,`name`,`region_id`,`weight`) values (1855,'Баксан',55,1);
insert  into `city`(`id`,`name`,`region_id`,`weight`) values (1856,'Залукокоаже',55,1);
insert  into `city`(`id`,`name`,`region_id`,`weight`) values (1857,'Кошхатау',55,1);
insert  into `city`(`id`,`name`,`region_id`,`weight`) values (1858,'Майский',55,1);
insert  into `city`(`id`,`name`,`region_id`,`weight`) values (1859,'Нальчик',55,269000);
insert  into `city`(`id`,`name`,`region_id`,`weight`) values (1860,'Нарткала',55,1);
insert  into `city`(`id`,`name`,`region_id`,`weight`) values (1861,'Прохладный',55,1);
insert  into `city`(`id`,`name`,`region_id`,`weight`) values (1862,'Советское',55,1);
insert  into `city`(`id`,`name`,`region_id`,`weight`) values (1863,'Терек',55,1);
insert  into `city`(`id`,`name`,`region_id`,`weight`) values (1864,'Терскол',55,1);
insert  into `city`(`id`,`name`,`region_id`,`weight`) values (1865,'Тырныауз',55,1);
insert  into `city`(`id`,`name`,`region_id`,`weight`) values (1866,'Чегем Первый',55,1);
insert  into `city`(`id`,`name`,`region_id`,`weight`) values (1867,'Баргузин',56,1);
insert  into `city`(`id`,`name`,`region_id`,`weight`) values (1868,'Бичура',56,1);
insert  into `city`(`id`,`name`,`region_id`,`weight`) values (1869,'Гусиноозерск',56,1);
insert  into `city`(`id`,`name`,`region_id`,`weight`) values (1870,'Закаменск',56,1);
insert  into `city`(`id`,`name`,`region_id`,`weight`) values (1871,'Иволгинск',56,1);
insert  into `city`(`id`,`name`,`region_id`,`weight`) values (1872,'Кижинга',56,1);
insert  into `city`(`id`,`name`,`region_id`,`weight`) values (1873,'Курумкан',56,1);
insert  into `city`(`id`,`name`,`region_id`,`weight`) values (1874,'Кяхта',56,1);
insert  into `city`(`id`,`name`,`region_id`,`weight`) values (1875,'Мухоршибирь',56,1);
insert  into `city`(`id`,`name`,`region_id`,`weight`) values (1876,'Петропавловка',56,1);
insert  into `city`(`id`,`name`,`region_id`,`weight`) values (1877,'Северобайкальск',56,1);
insert  into `city`(`id`,`name`,`region_id`,`weight`) values (1878,'Сосново-Озерское',56,1);
insert  into `city`(`id`,`name`,`region_id`,`weight`) values (1879,'Тарбагатай',56,1);
insert  into `city`(`id`,`name`,`region_id`,`weight`) values (1880,'Турунтаево',56,1);
insert  into `city`(`id`,`name`,`region_id`,`weight`) values (1881,'Улан-Удэ',56,377000);
insert  into `city`(`id`,`name`,`region_id`,`weight`) values (1882,'Хоринск',56,1);
insert  into `city`(`id`,`name`,`region_id`,`weight`) values (1883,'Батецкий',57,1);
insert  into `city`(`id`,`name`,`region_id`,`weight`) values (1884,'Боровичи',57,1);
insert  into `city`(`id`,`name`,`region_id`,`weight`) values (1885,'Валдай',57,1);
insert  into `city`(`id`,`name`,`region_id`,`weight`) values (1886,'Великий Новгород',57,215000);
insert  into `city`(`id`,`name`,`region_id`,`weight`) values (1887,'Волот',57,1);
insert  into `city`(`id`,`name`,`region_id`,`weight`) values (1888,'Демянск',57,1);
insert  into `city`(`id`,`name`,`region_id`,`weight`) values (1889,'Крестцы',57,1);
insert  into `city`(`id`,`name`,`region_id`,`weight`) values (1890,'Любытино',57,1);
insert  into `city`(`id`,`name`,`region_id`,`weight`) values (1891,'Малая Вишера',57,1);
insert  into `city`(`id`,`name`,`region_id`,`weight`) values (1892,'Марево',57,1);
insert  into `city`(`id`,`name`,`region_id`,`weight`) values (1893,'Мошенское',57,1);
insert  into `city`(`id`,`name`,`region_id`,`weight`) values (1894,'Окуловка',57,1);
insert  into `city`(`id`,`name`,`region_id`,`weight`) values (1895,'Парфино',57,1);
insert  into `city`(`id`,`name`,`region_id`,`weight`) values (1896,'Пестово',57,1);
insert  into `city`(`id`,`name`,`region_id`,`weight`) values (1897,'Поддорье',57,1);
insert  into `city`(`id`,`name`,`region_id`,`weight`) values (1898,'Сольцы',57,1);
insert  into `city`(`id`,`name`,`region_id`,`weight`) values (1899,'Старая Русса',57,1);
insert  into `city`(`id`,`name`,`region_id`,`weight`) values (1900,'Хвойная',57,1);
insert  into `city`(`id`,`name`,`region_id`,`weight`) values (1901,'Холм',57,1);
insert  into `city`(`id`,`name`,`region_id`,`weight`) values (1902,'Чудово',57,1);
insert  into `city`(`id`,`name`,`region_id`,`weight`) values (1903,'Шимск',57,1);
insert  into `city`(`id`,`name`,`region_id`,`weight`) values (1904,'Башмаково',58,1);
insert  into `city`(`id`,`name`,`region_id`,`weight`) values (1905,'Беднодемьяновск',58,1);
insert  into `city`(`id`,`name`,`region_id`,`weight`) values (1906,'Беково',58,1);
insert  into `city`(`id`,`name`,`region_id`,`weight`) values (1907,'Белинский',58,1);
insert  into `city`(`id`,`name`,`region_id`,`weight`) values (1908,'Бессоновка',58,1);
insert  into `city`(`id`,`name`,`region_id`,`weight`) values (1909,'Вадинск',58,1);
insert  into `city`(`id`,`name`,`region_id`,`weight`) values (1910,'Городище',58,1);
insert  into `city`(`id`,`name`,`region_id`,`weight`) values (1911,'Земетчино',58,1);
insert  into `city`(`id`,`name`,`region_id`,`weight`) values (1912,'Исса',58,1);
insert  into `city`(`id`,`name`,`region_id`,`weight`) values (1913,'Каменка',58,1);
insert  into `city`(`id`,`name`,`region_id`,`weight`) values (1914,'Колышлей',58,1);
insert  into `city`(`id`,`name`,`region_id`,`weight`) values (1915,'Кондоль',58,1);
insert  into `city`(`id`,`name`,`region_id`,`weight`) values (1916,'Кузнецк',58,1);
insert  into `city`(`id`,`name`,`region_id`,`weight`) values (1917,'Лопатино',58,1);
insert  into `city`(`id`,`name`,`region_id`,`weight`) values (1918,'Лунино',58,1);
insert  into `city`(`id`,`name`,`region_id`,`weight`) values (1919,'Малая Сердоба',58,1);
insert  into `city`(`id`,`name`,`region_id`,`weight`) values (1920,'Мокшан',58,1);
insert  into `city`(`id`,`name`,`region_id`,`weight`) values (1921,'Наровчат',58,1);
insert  into `city`(`id`,`name`,`region_id`,`weight`) values (1922,'Неверкино',58,1);
insert  into `city`(`id`,`name`,`region_id`,`weight`) values (1923,'Нижний Ломов',58,1);
insert  into `city`(`id`,`name`,`region_id`,`weight`) values (1924,'Никольск',58,1);
insert  into `city`(`id`,`name`,`region_id`,`weight`) values (1925,'Пачелма',58,1);
insert  into `city`(`id`,`name`,`region_id`,`weight`) values (1926,'Пенза',58,506000);
insert  into `city`(`id`,`name`,`region_id`,`weight`) values (1927,'Русский Камешкир',58,1);
insert  into `city`(`id`,`name`,`region_id`,`weight`) values (1928,'Сердобск',58,1);
insert  into `city`(`id`,`name`,`region_id`,`weight`) values (1929,'Сосновоборск',58,1);
insert  into `city`(`id`,`name`,`region_id`,`weight`) values (1930,'Тамала',58,1);
insert  into `city`(`id`,`name`,`region_id`,`weight`) values (1931,'Шемышейка',58,1);
insert  into `city`(`id`,`name`,`region_id`,`weight`) values (1932,'Бежаницы',59,1);
insert  into `city`(`id`,`name`,`region_id`,`weight`) values (1933,'Великие Луки',59,1);
insert  into `city`(`id`,`name`,`region_id`,`weight`) values (1934,'Гдов',59,1);
insert  into `city`(`id`,`name`,`region_id`,`weight`) values (1935,'Дедовичи',59,1);
insert  into `city`(`id`,`name`,`region_id`,`weight`) values (1936,'Дно',59,1);
insert  into `city`(`id`,`name`,`region_id`,`weight`) values (1937,'Красногородское',59,1);
insert  into `city`(`id`,`name`,`region_id`,`weight`) values (1938,'Кунья',59,1);
insert  into `city`(`id`,`name`,`region_id`,`weight`) values (1939,'Локня',59,1);
insert  into `city`(`id`,`name`,`region_id`,`weight`) values (1940,'Невель',59,1);
insert  into `city`(`id`,`name`,`region_id`,`weight`) values (1941,'Новоржев',59,1);
insert  into `city`(`id`,`name`,`region_id`,`weight`) values (1942,'Новосокольники',59,1);
insert  into `city`(`id`,`name`,`region_id`,`weight`) values (1943,'Опочка',59,1);
insert  into `city`(`id`,`name`,`region_id`,`weight`) values (1944,'Остров',59,1);
insert  into `city`(`id`,`name`,`region_id`,`weight`) values (1945,'Палкино',59,1);
insert  into `city`(`id`,`name`,`region_id`,`weight`) values (1946,'Печоры',59,1);
insert  into `city`(`id`,`name`,`region_id`,`weight`) values (1947,'Плюсса',59,1);
insert  into `city`(`id`,`name`,`region_id`,`weight`) values (1948,'Порхов',59,1);
insert  into `city`(`id`,`name`,`region_id`,`weight`) values (1949,'Псков',59,192000);
insert  into `city`(`id`,`name`,`region_id`,`weight`) values (1950,'Пустошка',59,1);
insert  into `city`(`id`,`name`,`region_id`,`weight`) values (1951,'Пушкинские Горы',59,1);
insert  into `city`(`id`,`name`,`region_id`,`weight`) values (1952,'Пыталово',59,1);
insert  into `city`(`id`,`name`,`region_id`,`weight`) values (1953,'Себеж',59,1);
insert  into `city`(`id`,`name`,`region_id`,`weight`) values (1954,'Струги- Красные',59,1);
insert  into `city`(`id`,`name`,`region_id`,`weight`) values (1955,'Усвяты',59,1);
insert  into `city`(`id`,`name`,`region_id`,`weight`) values (1956,'Белая',60,1);
insert  into `city`(`id`,`name`,`region_id`,`weight`) values (1957,'Большое Солдатское',60,1);
insert  into `city`(`id`,`name`,`region_id`,`weight`) values (1958,'Глушково',60,1);
insert  into `city`(`id`,`name`,`region_id`,`weight`) values (1959,'Горшечное',60,1);
insert  into `city`(`id`,`name`,`region_id`,`weight`) values (1960,'Дмитриев-Льговский',60,1);
insert  into `city`(`id`,`name`,`region_id`,`weight`) values (1961,'Железногорск',60,1);
insert  into `city`(`id`,`name`,`region_id`,`weight`) values (1962,'Золотухино',60,1);
insert  into `city`(`id`,`name`,`region_id`,`weight`) values (1963,'Касторное',60,1);
insert  into `city`(`id`,`name`,`region_id`,`weight`) values (1964,'Конышевка',60,1);
insert  into `city`(`id`,`name`,`region_id`,`weight`) values (1965,'Коренево',60,1);
insert  into `city`(`id`,`name`,`region_id`,`weight`) values (1966,'Курск',60,414000);
insert  into `city`(`id`,`name`,`region_id`,`weight`) values (1967,'Курчатов',60,1);
insert  into `city`(`id`,`name`,`region_id`,`weight`) values (1968,'Кшенский',60,1);
insert  into `city`(`id`,`name`,`region_id`,`weight`) values (1969,'Льгов',60,1);
insert  into `city`(`id`,`name`,`region_id`,`weight`) values (1970,'Мантурово',60,1);
insert  into `city`(`id`,`name`,`region_id`,`weight`) values (1971,'Медвенка',60,1);
insert  into `city`(`id`,`name`,`region_id`,`weight`) values (1972,'Обоянь',60,1);
insert  into `city`(`id`,`name`,`region_id`,`weight`) values (1973,'Поныри',60,1);
insert  into `city`(`id`,`name`,`region_id`,`weight`) values (1974,'Пристень',60,1);
insert  into `city`(`id`,`name`,`region_id`,`weight`) values (1975,'Прямицыно',60,1);
insert  into `city`(`id`,`name`,`region_id`,`weight`) values (1976,'Рыльск',60,1);
insert  into `city`(`id`,`name`,`region_id`,`weight`) values (1977,'Солнцево',60,1);
insert  into `city`(`id`,`name`,`region_id`,`weight`) values (1978,'Суджа',60,1);
insert  into `city`(`id`,`name`,`region_id`,`weight`) values (1979,'Тим',60,1);
insert  into `city`(`id`,`name`,`region_id`,`weight`) values (1980,'Фатеж',60,1);
insert  into `city`(`id`,`name`,`region_id`,`weight`) values (1981,'Хомутивка',60,1);
insert  into `city`(`id`,`name`,`region_id`,`weight`) values (1982,'Черемисиново',60,1);
insert  into `city`(`id`,`name`,`region_id`,`weight`) values (1983,'Щигры',60,1);
insert  into `city`(`id`,`name`,`region_id`,`weight`) values (1984,'Белогорск',61,1);
insert  into `city`(`id`,`name`,`region_id`,`weight`) values (1985,'Благовещенск',61,206000);
insert  into `city`(`id`,`name`,`region_id`,`weight`) values (1986,'Завитинск',61,1);
insert  into `city`(`id`,`name`,`region_id`,`weight`) values (1987,'Зея',61,1);
insert  into `city`(`id`,`name`,`region_id`,`weight`) values (1988,'Ивановка',61,1);
insert  into `city`(`id`,`name`,`region_id`,`weight`) values (1989,'Константиновка',61,1);
insert  into `city`(`id`,`name`,`region_id`,`weight`) values (1990,'Новокиевский Увал',61,1);
insert  into `city`(`id`,`name`,`region_id`,`weight`) values (1991,'Райчихинск',61,1);
insert  into `city`(`id`,`name`,`region_id`,`weight`) values (1992,'Свободный',61,1);
insert  into `city`(`id`,`name`,`region_id`,`weight`) values (1993,'Серышево',61,1);
insert  into `city`(`id`,`name`,`region_id`,`weight`) values (1994,'Сковородино',61,1);
insert  into `city`(`id`,`name`,`region_id`,`weight`) values (1995,'Тында',61,1);
insert  into `city`(`id`,`name`,`region_id`,`weight`) values (1996,'Шимановск',61,1);
insert  into `city`(`id`,`name`,`region_id`,`weight`) values (1997,'Беломорск',62,1);
insert  into `city`(`id`,`name`,`region_id`,`weight`) values (1998,'Калевала',62,1);
insert  into `city`(`id`,`name`,`region_id`,`weight`) values (1999,'Кемь',62,1);
insert  into `city`(`id`,`name`,`region_id`,`weight`) values (2000,'Кондопога',62,1);
insert  into `city`(`id`,`name`,`region_id`,`weight`) values (2001,'Костомукша',62,1);
insert  into `city`(`id`,`name`,`region_id`,`weight`) values (2002,'Лахденпохья',62,1);
insert  into `city`(`id`,`name`,`region_id`,`weight`) values (2003,'Лоухи',62,1);
insert  into `city`(`id`,`name`,`region_id`,`weight`) values (2004,'Медвежьегорск',62,1);
insert  into `city`(`id`,`name`,`region_id`,`weight`) values (2005,'Муезерский',62,1);
insert  into `city`(`id`,`name`,`region_id`,`weight`) values (2006,'Олонец',62,1);
insert  into `city`(`id`,`name`,`region_id`,`weight`) values (2007,'Петрозаводск',62,271000);
insert  into `city`(`id`,`name`,`region_id`,`weight`) values (2008,'Питкяранта',62,1);
insert  into `city`(`id`,`name`,`region_id`,`weight`) values (2009,'Пряжа',62,1);
insert  into `city`(`id`,`name`,`region_id`,`weight`) values (2010,'Пудож',62,1);
insert  into `city`(`id`,`name`,`region_id`,`weight`) values (2011,'Сегежа',62,1);
insert  into `city`(`id`,`name`,`region_id`,`weight`) values (2012,'Сортавала',62,1);
insert  into `city`(`id`,`name`,`region_id`,`weight`) values (2013,'Суоярви',62,1);
insert  into `city`(`id`,`name`,`region_id`,`weight`) values (2014,'Белоярский',63,1);
insert  into `city`(`id`,`name`,`region_id`,`weight`) values (2015,'Березово',63,1);
insert  into `city`(`id`,`name`,`region_id`,`weight`) values (2016,'Когалым',63,1);
insert  into `city`(`id`,`name`,`region_id`,`weight`) values (2017,'Кондинское',63,1);
insert  into `city`(`id`,`name`,`region_id`,`weight`) values (2018,'Лангепас',63,1);
insert  into `city`(`id`,`name`,`region_id`,`weight`) values (2019,'Лянтор',63,1);
insert  into `city`(`id`,`name`,`region_id`,`weight`) values (2020,'Мегион',63,1);
insert  into `city`(`id`,`name`,`region_id`,`weight`) values (2021,'Междуреченский',63,1);
insert  into `city`(`id`,`name`,`region_id`,`weight`) values (2022,'Нефтеюганск',63,119000);
insert  into `city`(`id`,`name`,`region_id`,`weight`) values (2023,'Нижневартовск',63,250000);
insert  into `city`(`id`,`name`,`region_id`,`weight`) values (2024,'Нягань',63,1);
insert  into `city`(`id`,`name`,`region_id`,`weight`) values (2025,'Октябрьское',63,1);
insert  into `city`(`id`,`name`,`region_id`,`weight`) values (2026,'Пыть-ях',63,1);
insert  into `city`(`id`,`name`,`region_id`,`weight`) values (2027,'Радужный',63,1);
insert  into `city`(`id`,`name`,`region_id`,`weight`) values (2028,'Советский',63,1);
insert  into `city`(`id`,`name`,`region_id`,`weight`) values (2029,'Сургут',63,302000);
insert  into `city`(`id`,`name`,`region_id`,`weight`) values (2030,'Урай',63,1);
insert  into `city`(`id`,`name`,`region_id`,`weight`) values (2031,'Ханты-мансийск',63,1);
insert  into `city`(`id`,`name`,`region_id`,`weight`) values (2032,'Биробиджан',64,1);
insert  into `city`(`id`,`name`,`region_id`,`weight`) values (2033,'Бокситогорск',65,1);
insert  into `city`(`id`,`name`,`region_id`,`weight`) values (2034,'Волосово',65,1);
insert  into `city`(`id`,`name`,`region_id`,`weight`) values (2035,'Волхов',65,1);
insert  into `city`(`id`,`name`,`region_id`,`weight`) values (2036,'Всеволожск',65,1);
insert  into `city`(`id`,`name`,`region_id`,`weight`) values (2037,'Выборг',65,1);
insert  into `city`(`id`,`name`,`region_id`,`weight`) values (2038,'Гатчина',65,1);
insert  into `city`(`id`,`name`,`region_id`,`weight`) values (2039,'Кингесепп',65,1);
insert  into `city`(`id`,`name`,`region_id`,`weight`) values (2040,'Кириши',65,1);
insert  into `city`(`id`,`name`,`region_id`,`weight`) values (2041,'Кировск',65,1);
insert  into `city`(`id`,`name`,`region_id`,`weight`) values (2042,'Лодейное Поле',65,1);
insert  into `city`(`id`,`name`,`region_id`,`weight`) values (2043,'Ломоносов',65,1);
insert  into `city`(`id`,`name`,`region_id`,`weight`) values (2044,'Луга',65,1);
insert  into `city`(`id`,`name`,`region_id`,`weight`) values (2045,'Пикалево',65,1);
insert  into `city`(`id`,`name`,`region_id`,`weight`) values (2046,'Подпорожье',65,1);
insert  into `city`(`id`,`name`,`region_id`,`weight`) values (2047,'Приозерск',65,1);
insert  into `city`(`id`,`name`,`region_id`,`weight`) values (2048,'Санкт-Петербург',65,4600000);
insert  into `city`(`id`,`name`,`region_id`,`weight`) values (2049,'Сланцы',65,1);
insert  into `city`(`id`,`name`,`region_id`,`weight`) values (2050,'Сосновый Бор',65,1);
insert  into `city`(`id`,`name`,`region_id`,`weight`) values (2051,'Тихвин',65,1);
insert  into `city`(`id`,`name`,`region_id`,`weight`) values (2052,'Тосно',65,1);
insert  into `city`(`id`,`name`,`region_id`,`weight`) values (2053,'Болхов',66,1);
insert  into `city`(`id`,`name`,`region_id`,`weight`) values (2054,'Верховье',66,1);
insert  into `city`(`id`,`name`,`region_id`,`weight`) values (2055,'Глазуновка',66,1);
insert  into `city`(`id`,`name`,`region_id`,`weight`) values (2056,'Дмитровск-Орловский',66,1);
insert  into `city`(`id`,`name`,`region_id`,`weight`) values (2057,'Залегощь',66,1);
insert  into `city`(`id`,`name`,`region_id`,`weight`) values (2058,'Змиевка',66,1);
insert  into `city`(`id`,`name`,`region_id`,`weight`) values (2059,'Знаменское',66,1);
insert  into `city`(`id`,`name`,`region_id`,`weight`) values (2060,'Колпна',66,1);
insert  into `city`(`id`,`name`,`region_id`,`weight`) values (2061,'Кромы',66,1);
insert  into `city`(`id`,`name`,`region_id`,`weight`) values (2062,'Ливны',66,1);
insert  into `city`(`id`,`name`,`region_id`,`weight`) values (2063,'Малоархангельское',66,1);
insert  into `city`(`id`,`name`,`region_id`,`weight`) values (2064,'Мценск',66,1);
insert  into `city`(`id`,`name`,`region_id`,`weight`) values (2065,'Нарышкино',66,1);
insert  into `city`(`id`,`name`,`region_id`,`weight`) values (2066,'Орел',66,1);
insert  into `city`(`id`,`name`,`region_id`,`weight`) values (2067,'Покровское',66,1);
insert  into `city`(`id`,`name`,`region_id`,`weight`) values (2068,'Тросна',66,1);
insert  into `city`(`id`,`name`,`region_id`,`weight`) values (2069,'Большое Село',67,1);
insert  into `city`(`id`,`name`,`region_id`,`weight`) values (2070,'Борисоглебский',67,1);
insert  into `city`(`id`,`name`,`region_id`,`weight`) values (2071,'Брейтово',67,1);
insert  into `city`(`id`,`name`,`region_id`,`weight`) values (2072,'Гаврилов-ям',67,1);
insert  into `city`(`id`,`name`,`region_id`,`weight`) values (2073,'Данилов',67,1);
insert  into `city`(`id`,`name`,`region_id`,`weight`) values (2074,'Любим',67,1);
insert  into `city`(`id`,`name`,`region_id`,`weight`) values (2075,'Мышкин',67,1);
insert  into `city`(`id`,`name`,`region_id`,`weight`) values (2076,'Некрасовское',67,1);
insert  into `city`(`id`,`name`,`region_id`,`weight`) values (2077,'Новый Некоуз',67,1);
insert  into `city`(`id`,`name`,`region_id`,`weight`) values (2078,'Переяславль-Залесский',67,1);
insert  into `city`(`id`,`name`,`region_id`,`weight`) values (2079,'Пошехонье',67,1);
insert  into `city`(`id`,`name`,`region_id`,`weight`) values (2080,'Пречистое',67,1);
insert  into `city`(`id`,`name`,`region_id`,`weight`) values (2081,'Ростов',67,1);
insert  into `city`(`id`,`name`,`region_id`,`weight`) values (2082,'Рыбинск',67,207000);
insert  into `city`(`id`,`name`,`region_id`,`weight`) values (2083,'Тугаев',67,1);
insert  into `city`(`id`,`name`,`region_id`,`weight`) values (2084,'Углич',67,1);
insert  into `city`(`id`,`name`,`region_id`,`weight`) values (2085,'Ярославль',67,607000);
insert  into `city`(`id`,`name`,`region_id`,`weight`) values (2086,'Большой Царын',68,1);
insert  into `city`(`id`,`name`,`region_id`,`weight`) values (2087,'Городовиковск',68,1);
insert  into `city`(`id`,`name`,`region_id`,`weight`) values (2088,'Ики-Бурул',68,1);
insert  into `city`(`id`,`name`,`region_id`,`weight`) values (2089,'Каспийский',68,1);
insert  into `city`(`id`,`name`,`region_id`,`weight`) values (2090,'Кетченеры',68,1);
insert  into `city`(`id`,`name`,`region_id`,`weight`) values (2091,'Комсомольский',68,1);
insert  into `city`(`id`,`name`,`region_id`,`weight`) values (2092,'Приютное',68,1);
insert  into `city`(`id`,`name`,`region_id`,`weight`) values (2093,'Садовое',68,1);
insert  into `city`(`id`,`name`,`region_id`,`weight`) values (2094,'Троицкое',68,1);
insert  into `city`(`id`,`name`,`region_id`,`weight`) values (2095,'Цаган Аман',68,1);
insert  into `city`(`id`,`name`,`region_id`,`weight`) values (2096,'Элиста',68,103000);
insert  into `city`(`id`,`name`,`region_id`,`weight`) values (2097,'Яшалта',68,1);
insert  into `city`(`id`,`name`,`region_id`,`weight`) values (2098,'Яшкуль',68,1);
insert  into `city`(`id`,`name`,`region_id`,`weight`) values (2099,'Бондари',69,1);
insert  into `city`(`id`,`name`,`region_id`,`weight`) values (2100,'Гавриловка-2',69,1);
insert  into `city`(`id`,`name`,`region_id`,`weight`) values (2101,'Дмитриевка',69,1);
insert  into `city`(`id`,`name`,`region_id`,`weight`) values (2102,'Жердевка',69,1);
insert  into `city`(`id`,`name`,`region_id`,`weight`) values (2103,'Знаменка',69,1);
insert  into `city`(`id`,`name`,`region_id`,`weight`) values (2104,'Инжавино',69,1);
insert  into `city`(`id`,`name`,`region_id`,`weight`) values (2105,'Кирсанов',69,1);
insert  into `city`(`id`,`name`,`region_id`,`weight`) values (2106,'Котовск',69,1);
insert  into `city`(`id`,`name`,`region_id`,`weight`) values (2107,'Мичуринск',69,1);
insert  into `city`(`id`,`name`,`region_id`,`weight`) values (2108,'Мордово',69,1);
insert  into `city`(`id`,`name`,`region_id`,`weight`) values (2109,'Моршанск',69,1);
insert  into `city`(`id`,`name`,`region_id`,`weight`) values (2110,'Мучкапский',69,1);
insert  into `city`(`id`,`name`,`region_id`,`weight`) values (2111,'Первомайский',69,1);
insert  into `city`(`id`,`name`,`region_id`,`weight`) values (2112,'Петровское',69,1);
insert  into `city`(`id`,`name`,`region_id`,`weight`) values (2113,'Пичаево',69,1);
insert  into `city`(`id`,`name`,`region_id`,`weight`) values (2114,'Рассказово',69,1);
insert  into `city`(`id`,`name`,`region_id`,`weight`) values (2115,'Ржакса',69,1);
insert  into `city`(`id`,`name`,`region_id`,`weight`) values (2116,'Сатинка',69,1);
insert  into `city`(`id`,`name`,`region_id`,`weight`) values (2117,'Сосновка',69,1);
insert  into `city`(`id`,`name`,`region_id`,`weight`) values (2118,'Староюрьево',69,1);
insert  into `city`(`id`,`name`,`region_id`,`weight`) values (2119,'Тамбов',69,278000);
insert  into `city`(`id`,`name`,`region_id`,`weight`) values (2120,'Токаревка',69,1);
insert  into `city`(`id`,`name`,`region_id`,`weight`) values (2121,'Уварово',69,1);
insert  into `city`(`id`,`name`,`region_id`,`weight`) values (2122,'Умет',69,1);
insert  into `city`(`id`,`name`,`region_id`,`weight`) values (2123,'Брянск',70,409000);
insert  into `city`(`id`,`name`,`region_id`,`weight`) values (2124,'Выгоничи',70,1);
insert  into `city`(`id`,`name`,`region_id`,`weight`) values (2125,'Гордеевка',70,1);
insert  into `city`(`id`,`name`,`region_id`,`weight`) values (2126,'Дубровка',70,1);
insert  into `city`(`id`,`name`,`region_id`,`weight`) values (2127,'Дятьково',70,1);
insert  into `city`(`id`,`name`,`region_id`,`weight`) values (2128,'Жиратино',70,1);
insert  into `city`(`id`,`name`,`region_id`,`weight`) values (2129,'Жуковка',70,1);
insert  into `city`(`id`,`name`,`region_id`,`weight`) values (2130,'Злынка',70,1);
insert  into `city`(`id`,`name`,`region_id`,`weight`) values (2131,'Карачев',70,1);
insert  into `city`(`id`,`name`,`region_id`,`weight`) values (2132,'Клетня',70,1);
insert  into `city`(`id`,`name`,`region_id`,`weight`) values (2133,'Климово',70,1);
insert  into `city`(`id`,`name`,`region_id`,`weight`) values (2134,'Клинцы',70,1);
insert  into `city`(`id`,`name`,`region_id`,`weight`) values (2135,'Комаричи',70,1);
insert  into `city`(`id`,`name`,`region_id`,`weight`) values (2136,'Красная Горка',70,1);
insert  into `city`(`id`,`name`,`region_id`,`weight`) values (2137,'Локоть',70,1);
insert  into `city`(`id`,`name`,`region_id`,`weight`) values (2138,'Мглин',70,1);
insert  into `city`(`id`,`name`,`region_id`,`weight`) values (2139,'Навля',70,1);
insert  into `city`(`id`,`name`,`region_id`,`weight`) values (2140,'Новозыбков',70,1);
insert  into `city`(`id`,`name`,`region_id`,`weight`) values (2141,'Погар',70,1);
insert  into `city`(`id`,`name`,`region_id`,`weight`) values (2142,'Почеп',70,1);
insert  into `city`(`id`,`name`,`region_id`,`weight`) values (2143,'Рогнедино',70,1);
insert  into `city`(`id`,`name`,`region_id`,`weight`) values (2144,'Севск',70,1);
insert  into `city`(`id`,`name`,`region_id`,`weight`) values (2145,'Стародуб',70,1);
insert  into `city`(`id`,`name`,`region_id`,`weight`) values (2146,'Суземка',70,1);
insert  into `city`(`id`,`name`,`region_id`,`weight`) values (2147,'Сураж',70,1);
insert  into `city`(`id`,`name`,`region_id`,`weight`) values (2148,'Трубачевск',70,1);
insert  into `city`(`id`,`name`,`region_id`,`weight`) values (2149,'Унеча',70,1);
insert  into `city`(`id`,`name`,`region_id`,`weight`) values (2150,'Велиж',71,1);
insert  into `city`(`id`,`name`,`region_id`,`weight`) values (2151,'Вязяма',71,1);
insert  into `city`(`id`,`name`,`region_id`,`weight`) values (2152,'Гагарин',71,1);
insert  into `city`(`id`,`name`,`region_id`,`weight`) values (2153,'Глинка',71,1);
insert  into `city`(`id`,`name`,`region_id`,`weight`) values (2154,'Демидов',71,1);
insert  into `city`(`id`,`name`,`region_id`,`weight`) values (2155,'Десногорск',71,1);
insert  into `city`(`id`,`name`,`region_id`,`weight`) values (2156,'Дорогобуж',71,1);
insert  into `city`(`id`,`name`,`region_id`,`weight`) values (2157,'Духовщина',71,1);
insert  into `city`(`id`,`name`,`region_id`,`weight`) values (2158,'Ельня',71,1);
insert  into `city`(`id`,`name`,`region_id`,`weight`) values (2159,'Ершичи',71,1);
insert  into `city`(`id`,`name`,`region_id`,`weight`) values (2160,'Кардымово',71,1);
insert  into `city`(`id`,`name`,`region_id`,`weight`) values (2161,'Красный',71,1);
insert  into `city`(`id`,`name`,`region_id`,`weight`) values (2162,'Монастырщина',71,1);
insert  into `city`(`id`,`name`,`region_id`,`weight`) values (2163,'Новодугино',71,1);
insert  into `city`(`id`,`name`,`region_id`,`weight`) values (2164,'Починок',71,1);
insert  into `city`(`id`,`name`,`region_id`,`weight`) values (2165,'Рославль',71,1);
insert  into `city`(`id`,`name`,`region_id`,`weight`) values (2166,'Рудня',71,1);
insert  into `city`(`id`,`name`,`region_id`,`weight`) values (2167,'Сафоново',71,1);
insert  into `city`(`id`,`name`,`region_id`,`weight`) values (2168,'Смоленск',71,314000);
insert  into `city`(`id`,`name`,`region_id`,`weight`) values (2169,'Сычевка',71,1);
insert  into `city`(`id`,`name`,`region_id`,`weight`) values (2170,'Темкино',71,1);
insert  into `city`(`id`,`name`,`region_id`,`weight`) values (2171,'Угра',71,1);
insert  into `city`(`id`,`name`,`region_id`,`weight`) values (2172,'Хиславичи',71,1);
insert  into `city`(`id`,`name`,`region_id`,`weight`) values (2173,'Холм-Жирковский',71,1);
insert  into `city`(`id`,`name`,`region_id`,`weight`) values (2174,'Шумячи',71,1);
insert  into `city`(`id`,`name`,`region_id`,`weight`) values (2175,'Ярцево',71,1);
insert  into `city`(`id`,`name`,`region_id`,`weight`) values (2176,'Верхний Ландех',72,1);
insert  into `city`(`id`,`name`,`region_id`,`weight`) values (2177,'Вичуга',72,1);
insert  into `city`(`id`,`name`,`region_id`,`weight`) values (2178,'Гаврилов Посад',72,1);
insert  into `city`(`id`,`name`,`region_id`,`weight`) values (2179,'Иваново',72,403000);
insert  into `city`(`id`,`name`,`region_id`,`weight`) values (2180,'Ильинское-Хованское',72,1);
insert  into `city`(`id`,`name`,`region_id`,`weight`) values (2181,'Кинешма',72,1);
insert  into `city`(`id`,`name`,`region_id`,`weight`) values (2182,'Комсомольск',72,1);
insert  into `city`(`id`,`name`,`region_id`,`weight`) values (2183,'Лежнево',72,1);
insert  into `city`(`id`,`name`,`region_id`,`weight`) values (2184,'Палех',72,1);
insert  into `city`(`id`,`name`,`region_id`,`weight`) values (2185,'Пестяки',72,1);
insert  into `city`(`id`,`name`,`region_id`,`weight`) values (2186,'Приволжск',72,1);
insert  into `city`(`id`,`name`,`region_id`,`weight`) values (2187,'Пучеж',72,1);
insert  into `city`(`id`,`name`,`region_id`,`weight`) values (2188,'Родники',72,1);
insert  into `city`(`id`,`name`,`region_id`,`weight`) values (2189,'Савино',72,1);
insert  into `city`(`id`,`name`,`region_id`,`weight`) values (2190,'Тейково',72,1);
insert  into `city`(`id`,`name`,`region_id`,`weight`) values (2191,'Фурманов',72,1);
insert  into `city`(`id`,`name`,`region_id`,`weight`) values (2192,'Шуя',72,1);
insert  into `city`(`id`,`name`,`region_id`,`weight`) values (2193,'Южа',72,1);
insert  into `city`(`id`,`name`,`region_id`,`weight`) values (2194,'Юрьевич',72,1);
insert  into `city`(`id`,`name`,`region_id`,`weight`) values (2195,'Волжск',73,1);
insert  into `city`(`id`,`name`,`region_id`,`weight`) values (2196,'Звенигово',73,1);
insert  into `city`(`id`,`name`,`region_id`,`weight`) values (2197,'Йошкар-ола',73,1);
insert  into `city`(`id`,`name`,`region_id`,`weight`) values (2198,'Килемары',73,1);
insert  into `city`(`id`,`name`,`region_id`,`weight`) values (2199,'Козьмодемьянск',73,1);
insert  into `city`(`id`,`name`,`region_id`,`weight`) values (2200,'Куженер',73,1);
insert  into `city`(`id`,`name`,`region_id`,`weight`) values (2201,'Морки',73,1);
insert  into `city`(`id`,`name`,`region_id`,`weight`) values (2202,'Новый Торъял',73,1);
insert  into `city`(`id`,`name`,`region_id`,`weight`) values (2203,'Оршанка',73,1);
insert  into `city`(`id`,`name`,`region_id`,`weight`) values (2204,'Параньга',73,1);
insert  into `city`(`id`,`name`,`region_id`,`weight`) values (2205,'Сернур',73,1);
insert  into `city`(`id`,`name`,`region_id`,`weight`) values (2206,'Советский',73,1);
insert  into `city`(`id`,`name`,`region_id`,`weight`) values (2207,'Юрино',73,1);
insert  into `city`(`id`,`name`,`region_id`,`weight`) values (2208,'Волово',74,1);
insert  into `city`(`id`,`name`,`region_id`,`weight`) values (2209,'Грязи',74,1);
insert  into `city`(`id`,`name`,`region_id`,`weight`) values (2210,'Данков',74,1);
insert  into `city`(`id`,`name`,`region_id`,`weight`) values (2211,'Добринка',74,1);
insert  into `city`(`id`,`name`,`region_id`,`weight`) values (2212,'Доброе',74,1);
insert  into `city`(`id`,`name`,`region_id`,`weight`) values (2213,'Долгоруково',74,1);
insert  into `city`(`id`,`name`,`region_id`,`weight`) values (2214,'Елец',74,110400);
insert  into `city`(`id`,`name`,`region_id`,`weight`) values (2215,'Задонск',74,1);
insert  into `city`(`id`,`name`,`region_id`,`weight`) values (2216,'Измалково',74,1);
insert  into `city`(`id`,`name`,`region_id`,`weight`) values (2217,'Красное',74,1);
insert  into `city`(`id`,`name`,`region_id`,`weight`) values (2218,'Лебедянь',74,1);
insert  into `city`(`id`,`name`,`region_id`,`weight`) values (2219,'Лев Толстой',74,1);
insert  into `city`(`id`,`name`,`region_id`,`weight`) values (2220,'Липецк',74,502000);
insert  into `city`(`id`,`name`,`region_id`,`weight`) values (2221,'Становое',74,1);
insert  into `city`(`id`,`name`,`region_id`,`weight`) values (2222,'Тербуны',74,1);
insert  into `city`(`id`,`name`,`region_id`,`weight`) values (2223,'Усмань',74,1);
insert  into `city`(`id`,`name`,`region_id`,`weight`) values (2224,'Хлевное',74,1);
insert  into `city`(`id`,`name`,`region_id`,`weight`) values (2225,'Чаплыгин',74,1);
insert  into `city`(`id`,`name`,`region_id`,`weight`) values (2226,'Волоколамск',75,1);
insert  into `city`(`id`,`name`,`region_id`,`weight`) values (2227,'Воскресенск',75,1);
insert  into `city`(`id`,`name`,`region_id`,`weight`) values (2228,'Голицыно',75,1);
insert  into `city`(`id`,`name`,`region_id`,`weight`) values (2229,'Дмитров',75,1);
insert  into `city`(`id`,`name`,`region_id`,`weight`) values (2230,'Домодедово',75,1);
insert  into `city`(`id`,`name`,`region_id`,`weight`) values (2231,'Дубна',75,1);
insert  into `city`(`id`,`name`,`region_id`,`weight`) values (2232,'Егорьевск',75,1);
insert  into `city`(`id`,`name`,`region_id`,`weight`) values (2233,'Жуковский',75,105000);
insert  into `city`(`id`,`name`,`region_id`,`weight`) values (2234,'Зарайск',75,1);
insert  into `city`(`id`,`name`,`region_id`,`weight`) values (2235,'Звенигород',75,1);
insert  into `city`(`id`,`name`,`region_id`,`weight`) values (2236,'Истра',75,1);
insert  into `city`(`id`,`name`,`region_id`,`weight`) values (2237,'Клин',75,1);
insert  into `city`(`id`,`name`,`region_id`,`weight`) values (2238,'Коломна',75,148000);
insert  into `city`(`id`,`name`,`region_id`,`weight`) values (2239,'Лотошино',75,1);
insert  into `city`(`id`,`name`,`region_id`,`weight`) values (2240,'Луховицы',75,1);
insert  into `city`(`id`,`name`,`region_id`,`weight`) values (2241,'Можайск',75,1);
insert  into `city`(`id`,`name`,`region_id`,`weight`) values (2242,'Москва',75,10563000);
insert  into `city`(`id`,`name`,`region_id`,`weight`) values (2243,'Наро-Фоминск',75,1);
insert  into `city`(`id`,`name`,`region_id`,`weight`) values (2244,'Ногинск',75,116000);
insert  into `city`(`id`,`name`,`region_id`,`weight`) values (2245,'Озеры',75,1);
insert  into `city`(`id`,`name`,`region_id`,`weight`) values (2246,'Орехово-Зуево',75,121000);
insert  into `city`(`id`,`name`,`region_id`,`weight`) values (2247,'Павловский Посад',75,1);
insert  into `city`(`id`,`name`,`region_id`,`weight`) values (2248,'Подольск',75,183000);
insert  into `city`(`id`,`name`,`region_id`,`weight`) values (2249,'Пушкино',75,1);
insert  into `city`(`id`,`name`,`region_id`,`weight`) values (2250,'Раменское',75,1);
insert  into `city`(`id`,`name`,`region_id`,`weight`) values (2251,'Руза',75,1);
insert  into `city`(`id`,`name`,`region_id`,`weight`) values (2252,'Сергиев Посад',75,106000);
insert  into `city`(`id`,`name`,`region_id`,`weight`) values (2253,'Серебрянные Пруды',75,1);
insert  into `city`(`id`,`name`,`region_id`,`weight`) values (2254,'Серпухов',75,123000);
insert  into `city`(`id`,`name`,`region_id`,`weight`) values (2255,'Солнечногорск',75,1);
insert  into `city`(`id`,`name`,`region_id`,`weight`) values (2256,'Ступино',75,1);
insert  into `city`(`id`,`name`,`region_id`,`weight`) values (2257,'Талдом',75,1);
insert  into `city`(`id`,`name`,`region_id`,`weight`) values (2258,'Троицк',75,1);
insert  into `city`(`id`,`name`,`region_id`,`weight`) values (2259,'Черноголовка',75,1);
insert  into `city`(`id`,`name`,`region_id`,`weight`) values (2260,'Чехов',75,1);
insert  into `city`(`id`,`name`,`region_id`,`weight`) values (2261,'Шатура',75,1);
insert  into `city`(`id`,`name`,`region_id`,`weight`) values (2262,'Шаховская',75,1);
insert  into `city`(`id`,`name`,`region_id`,`weight`) values (2263,'Щелково',75,1);
insert  into `city`(`id`,`name`,`region_id`,`weight`) values (2264,'Электросталь',75,146000);
insert  into `city`(`id`,`name`,`region_id`,`weight`) values (2265,'Дербент',76,112500);
insert  into `city`(`id`,`name`,`region_id`,`weight`) values (2266,'Касумкент',76,1);
insert  into `city`(`id`,`name`,`region_id`,`weight`) values (2267,'Кизляр',76,1);
insert  into `city`(`id`,`name`,`region_id`,`weight`) values (2268,'Курах',76,1);
insert  into `city`(`id`,`name`,`region_id`,`weight`) values (2269,'Махачкала',76,469000);
insert  into `city`(`id`,`name`,`region_id`,`weight`) values (2270,'Кызыл',77,110000);
insert  into `city`(`id`,`name`,`region_id`,`weight`) values (2271,'Магадан',78,1);
insert  into `city`(`id`,`name`,`region_id`,`weight`) values (2272,'Омсукчан',78,1);
insert  into `city`(`id`,`name`,`region_id`,`weight`) values (2273,'Палатка',78,1);
insert  into `city`(`id`,`name`,`region_id`,`weight`) values (2274,'Сеймчан',78,1);
insert  into `city`(`id`,`name`,`region_id`,`weight`) values (2275,'Сусуман',78,1);
insert  into `city`(`id`,`name`,`region_id`,`weight`) values (2276,'Усть-Омчуг',78,1);
insert  into `city`(`id`,`name`,`region_id`,`weight`) values (2277,'Макаров',79,1);
insert  into `city`(`id`,`name`,`region_id`,`weight`) values (2278,'Южно-Сахалинск',79,175000);
insert  into `city`(`id`,`name`,`region_id`,`weight`) values (2279,'Назрань',80,139000);
insert  into `city`(`id`,`name`,`region_id`,`weight`) values (2280,'Усть-Ордынский',81,1);

/*Data for the table `comment` */

/*Data for the table `country` */

insert  into `country`(`id`,`name`) values (1,'Россия');

/*Data for the table `fish` */

insert  into `fish`(`id`,`name`) values (3,'Карась');
insert  into `fish`(`id`,`name`) values (1,'Окунь');
insert  into `fish`(`id`,`name`) values (2,'Щука');

/*Data for the table `fish_event` */

/*Data for the table `fish_event_type` */

/*Data for the table `friend` */

/*Data for the table `inbox` */

insert  into `inbox`(`id`,`name`,`message`,`created_by`,`updated_by`,`created_at`,`updated_at`) values (1,'Есть чо?','дададада?',1,1,'2010-05-19 18:42:45','2010-05-19 18:42:45');
insert  into `inbox`(`id`,`name`,`message`,`created_by`,`updated_by`,`created_at`,`updated_at`) values (2,'А у тебя?','можно ?',1,1,'2010-05-19 18:45:11','2010-05-19 18:45:11');
insert  into `inbox`(`id`,`name`,`message`,`created_by`,`updated_by`,`created_at`,`updated_at`) values (3,'Ну и?','Скоко ждать то?',1,1,'2010-05-19 18:46:27','2010-05-19 18:46:27');

/*Data for the table `inboxed` */

insert  into `inboxed`(`inbox_id`,`profile_id`) values (1,2);
insert  into `inboxed`(`inbox_id`,`profile_id`) values (3,2);
insert  into `inboxed`(`inbox_id`,`profile_id`) values (2,3);

/*Data for the table `locality` */

insert  into `locality`(`id`,`name`,`area_high_id`) values (1,'Роща',1);
insert  into `locality`(`id`,`name`,`area_high_id`) values (2,'Боровск',1);
insert  into `locality`(`id`,`name`,`area_high_id`) values (3,'Сатино',1);
insert  into `locality`(`id`,`name`,`area_high_id`) values (4,'Подольск',2);
insert  into `locality`(`id`,`name`,`area_high_id`) values (5,'город Балашиха',3);
insert  into `locality`(`id`,`name`,`area_high_id`) values (6,'село Немчиновка',4);
insert  into `locality`(`id`,`name`,`area_high_id`) values (7,'село Спас-Заулок',9);

/*Data for the table `location` */

insert  into `location`(`id`,`name`,`description`,`depth`,`is_free`,`price`,`location_flow_id`,`location_fundus_id`,`location_relief_id`,`location_type_id`,`location_scope_id`,`address_id`,`created_by`,`updated_by`,`slug`,`created_at`,`updated_at`,`latitude`,`longitude`,`version`) values (11,'rrrrrr','',NULL,1,'',NULL,NULL,NULL,NULL,NULL,7,7,7,'rrrrrr','2011-05-02 17:24:56','2011-05-02 17:24:56',54.526773808199998,36.662742550700003,2);

/*Data for the table `location_flow` */

insert  into `location_flow`(`id`,`name`,`weight`) values (1,'Отсутствует',NULL);
insert  into `location_flow`(`id`,`name`,`weight`) values (2,'Медленное',NULL);
insert  into `location_flow`(`id`,`name`,`weight`) values (3,'Среднее',NULL);
insert  into `location_flow`(`id`,`name`,`weight`) values (4,'Быстрое',NULL);

/*Data for the table `location_fundus` */

insert  into `location_fundus`(`id`,`name`,`weight`) values (1,'Песчаное',NULL);
insert  into `location_fundus`(`id`,`name`,`weight`) values (2,'Илистое',NULL);
insert  into `location_fundus`(`id`,`name`,`weight`) values (3,'Каменистое',NULL);
insert  into `location_fundus`(`id`,`name`,`weight`) values (4,'Заросшее',NULL);
insert  into `location_fundus`(`id`,`name`,`weight`) values (5,'Коряжник',NULL);

/*Data for the table `location_relief` */

insert  into `location_relief`(`id`,`name`,`weight`) values (1,'Равномерный',NULL);
insert  into `location_relief`(`id`,`name`,`weight`) values (2,'Перепады',NULL);
insert  into `location_relief`(`id`,`name`,`weight`) values (3,'Ямы',NULL);
insert  into `location_relief`(`id`,`name`,`weight`) values (4,'Бровки',NULL);
insert  into `location_relief`(`id`,`name`,`weight`) values (5,'Свал',NULL);

/*Data for the table `location_scope` */

insert  into `location_scope`(`id`,`name`,`weight`) values (1,'Мне',NULL);
insert  into `location_scope`(`id`,`name`,`weight`) values (2,'Друзьям',NULL);
insert  into `location_scope`(`id`,`name`,`weight`) values (3,'Зарегистрированным',NULL);
insert  into `location_scope`(`id`,`name`,`weight`) values (5,'Всем',NULL);

/*Data for the table `location_type` */

insert  into `location_type`(`id`,`name`,`weight`) values (1,'Река',NULL);
insert  into `location_type`(`id`,`name`,`weight`) values (2,'Озеро',NULL);
insert  into `location_type`(`id`,`name`,`weight`) values (3,'Пруд',NULL);
insert  into `location_type`(`id`,`name`,`weight`) values (4,'Водохранилище',NULL);

/*Data for the table `location_version` */

insert  into `location_version`(`id`,`name`,`description`,`depth`,`is_free`,`price`,`location_flow_id`,`location_fundus_id`,`location_relief_id`,`location_type_id`,`location_scope_id`,`address_id`,`created_by`,`updated_by`,`slug`,`created_at`,`updated_at`,`latitude`,`longitude`,`version`) values (11,'rrrrrr','',NULL,1,'',NULL,NULL,NULL,NULL,NULL,NULL,7,7,'rrrrrr','2011-05-02 17:24:56','2011-05-02 17:24:56',54.526773808199998,36.662742550700003,1);
insert  into `location_version`(`id`,`name`,`description`,`depth`,`is_free`,`price`,`location_flow_id`,`location_fundus_id`,`location_relief_id`,`location_type_id`,`location_scope_id`,`address_id`,`created_by`,`updated_by`,`slug`,`created_at`,`updated_at`,`latitude`,`longitude`,`version`) values (11,'rrrrrr','',NULL,1,'',NULL,NULL,NULL,NULL,NULL,7,7,7,'rrrrrr','2011-05-02 17:24:56','2011-05-02 17:24:56',54.526773808199998,36.662742550700003,2);

/*Data for the table `photo` */

/*Data for the table `photo_location_version` */

/*Data for the table `photo_profit_version` */

/*Data for the table `photo_version` */

/*Data for the table `profit` */

/*Data for the table `profit_detail` */

/*Data for the table `read_comment` */

/*Data for the table `region` */

insert  into `region`(`id`,`name`,`country_id`) values (1,'Хакасия',1);
insert  into `region`(`id`,`name`,`country_id`) values (2,'Красноярский край',1);
insert  into `region`(`id`,`name`,`country_id`) values (3,'Тюменская область',1);
insert  into `region`(`id`,`name`,`country_id`) values (4,'Оренбургская область',1);
insert  into `region`(`id`,`name`,`country_id`) values (5,'Краснодарский край',1);
insert  into `region`(`id`,`name`,`country_id`) values (6,'Калининградская область',1);
insert  into `region`(`id`,`name`,`country_id`) values (7,'Челябинская область',1);
insert  into `region`(`id`,`name`,`country_id`) values (8,'Татарстан',1);
insert  into `region`(`id`,`name`,`country_id`) values (9,'Тверская область',1);
insert  into `region`(`id`,`name`,`country_id`) values (10,'Адыгея',1);
insert  into `region`(`id`,`name`,`country_id`) values (11,'Карачаево-Черкесия',1);
insert  into `region`(`id`,`name`,`country_id`) values (12,'Омская область',1);
insert  into `region`(`id`,`name`,`country_id`) values (13,'Ростовская область',1);
insert  into `region`(`id`,`name`,`country_id`) values (14,'Коми',1);
insert  into `region`(`id`,`name`,`country_id`) values (15,'Ямало-Ненецкий автономный округ',1);
insert  into `region`(`id`,`name`,`country_id`) values (16,'Читинская область',1);
insert  into `region`(`id`,`name`,`country_id`) values (17,'Башкортостан',1);
insert  into `region`(`id`,`name`,`country_id`) values (18,'Северная Осетия',1);
insert  into `region`(`id`,`name`,`country_id`) values (19,'Свердловская область',1);
insert  into `region`(`id`,`name`,`country_id`) values (20,'Чувашия',1);
insert  into `region`(`id`,`name`,`country_id`) values (21,'Саха-Якутия',1);
insert  into `region`(`id`,`name`,`country_id`) values (22,'Алтайский край',1);
insert  into `region`(`id`,`name`,`country_id`) values (23,'Владимирская область',1);
insert  into `region`(`id`,`name`,`country_id`) values (24,'Саратовская область',1);
insert  into `region`(`id`,`name`,`country_id`) values (25,'Ставропольский край',1);
insert  into `region`(`id`,`name`,`country_id`) values (26,'Томская область',1);
insert  into `region`(`id`,`name`,`country_id`) values (27,'Пермская область',1);
insert  into `region`(`id`,`name`,`country_id`) values (28,'Рязанская область',1);
insert  into `region`(`id`,`name`,`country_id`) values (29,'Белгородская область',1);
insert  into `region`(`id`,`name`,`country_id`) values (30,'Самарская область',1);
insert  into `region`(`id`,`name`,`country_id`) values (31,'Волгоградская область',1);
insert  into `region`(`id`,`name`,`country_id`) values (32,'Тульская область',1);
insert  into `region`(`id`,`name`,`country_id`) values (33,'Удмуртия',1);
insert  into `region`(`id`,`name`,`country_id`) values (34,'Курганская область',1);
insert  into `region`(`id`,`name`,`country_id`) values (35,'Хабаровский край',1);
insert  into `region`(`id`,`name`,`country_id`) values (36,'Чукотский автономный округ',1);
insert  into `region`(`id`,`name`,`country_id`) values (37,'Иркутская область',1);
insert  into `region`(`id`,`name`,`country_id`) values (38,'Кемеровская область',1);
insert  into `region`(`id`,`name`,`country_id`) values (39,'Воронежская область',1);
insert  into `region`(`id`,`name`,`country_id`) values (40,'Костромская область',1);
insert  into `region`(`id`,`name`,`country_id`) values (41,'Приморский край',1);
insert  into `region`(`id`,`name`,`country_id`) values (42,'Мурманская область',1);
insert  into `region`(`id`,`name`,`country_id`) values (43,'Кировская область',1);
insert  into `region`(`id`,`name`,`country_id`) values (44,'Чечня',1);
insert  into `region`(`id`,`name`,`country_id`) values (45,'Мордовия',1);
insert  into `region`(`id`,`name`,`country_id`) values (46,'Нижегородская область',1);
insert  into `region`(`id`,`name`,`country_id`) values (47,'Архангельская область',1);
insert  into `region`(`id`,`name`,`country_id`) values (48,'Астраханская область',1);
insert  into `region`(`id`,`name`,`country_id`) values (49,'Камчатка',1);
insert  into `region`(`id`,`name`,`country_id`) values (50,'Вологодская область',1);
insert  into `region`(`id`,`name`,`country_id`) values (51,'Калужская область',1);
insert  into `region`(`id`,`name`,`country_id`) values (52,'Новосибирская область',1);
insert  into `region`(`id`,`name`,`country_id`) values (53,'Ульяновская область',1);
insert  into `region`(`id`,`name`,`country_id`) values (54,'Алтай',1);
insert  into `region`(`id`,`name`,`country_id`) values (55,'Кабардино-Балкария',1);
insert  into `region`(`id`,`name`,`country_id`) values (56,'Бурятия',1);
insert  into `region`(`id`,`name`,`country_id`) values (57,'Новгородская область',1);
insert  into `region`(`id`,`name`,`country_id`) values (58,'Пензенская область',1);
insert  into `region`(`id`,`name`,`country_id`) values (59,'Псковская область',1);
insert  into `region`(`id`,`name`,`country_id`) values (60,'Курская область',1);
insert  into `region`(`id`,`name`,`country_id`) values (61,'Амурская область',1);
insert  into `region`(`id`,`name`,`country_id`) values (62,'Карелия',1);
insert  into `region`(`id`,`name`,`country_id`) values (63,'Ханты-Мансийский автономный округ',1);
insert  into `region`(`id`,`name`,`country_id`) values (64,'Еврейская автономная область',1);
insert  into `region`(`id`,`name`,`country_id`) values (65,'Ленинградская область',1);
insert  into `region`(`id`,`name`,`country_id`) values (66,'Орловская область',1);
insert  into `region`(`id`,`name`,`country_id`) values (67,'Ярославская область',1);
insert  into `region`(`id`,`name`,`country_id`) values (68,'Калмыкия',1);
insert  into `region`(`id`,`name`,`country_id`) values (69,'Тамбовская область',1);
insert  into `region`(`id`,`name`,`country_id`) values (70,'Брянская область',1);
insert  into `region`(`id`,`name`,`country_id`) values (71,'Смоленская область',1);
insert  into `region`(`id`,`name`,`country_id`) values (72,'Ивановская область',1);
insert  into `region`(`id`,`name`,`country_id`) values (73,'Марий Эл',1);
insert  into `region`(`id`,`name`,`country_id`) values (74,'Липецкая область',1);
insert  into `region`(`id`,`name`,`country_id`) values (75,'Московская область',1);
insert  into `region`(`id`,`name`,`country_id`) values (76,'Дагестан',1);
insert  into `region`(`id`,`name`,`country_id`) values (77,'Тыва',1);
insert  into `region`(`id`,`name`,`country_id`) values (78,'Магаданская область',1);
insert  into `region`(`id`,`name`,`country_id`) values (79,'Сахалин',1);
insert  into `region`(`id`,`name`,`country_id`) values (80,'Ингушетия',1);
insert  into `region`(`id`,`name`,`country_id`) values (81,'Усть-Ордынский автономный округ',1);

/*Data for the table `route` */

insert  into `route`(`id`,`name`,`country_id`) values (1,'Р-132',1);
insert  into `route`(`id`,`name`,`country_id`) values (2,'Р-93',1);

/*Data for the table `sf_guard_forgot_password` */

/*Data for the table `sf_guard_group` */

/*Data for the table `sf_guard_group_permission` */

/*Data for the table `sf_guard_permission` */

/*Data for the table `sf_guard_remember_key` */

insert  into `sf_guard_remember_key`(`id`,`user_id`,`remember_key`,`ip_address`,`created_at`,`updated_at`) values (8,7,'4oq2xlhn9ueckc00ssgw8ks8wg0k4s0','127.0.0.1','2011-05-02 01:56:24','2011-05-02 01:56:24');

/*Data for the table `sf_guard_user` */

insert  into `sf_guard_user`(`id`,`first_name`,`last_name`,`email_address`,`username`,`algorithm`,`salt`,`password`,`is_active`,`is_super_admin`,`last_login`,`created_at`,`updated_at`) values (1,'Максим','Гречушкин','qweqwe@qwe.qwe','limitium','PasswordKeeper::generate','93b8926afa3c763923dc904682439337','93b8926afa3c763923dc904682439337qweqwe',1,0,'2011-04-10 02:06:45','2011-03-11 20:52:17','2011-04-10 02:06:45');
insert  into `sf_guard_user`(`id`,`first_name`,`last_name`,`email_address`,`username`,`algorithm`,`salt`,`password`,`is_active`,`is_super_admin`,`last_login`,`created_at`,`updated_at`) values (2,'Андрей','Белоозеров','asd@qwe.qwe','platosha','PasswordKeeper::generate','8c65d6733a4dd32a5510ab6d3793d3d9','8c65d6733a4dd32a5510ab6d3793d3d9qweqwe',1,0,'2010-05-22 18:29:11','2011-03-11 20:52:31','2010-05-22 18:29:11');
insert  into `sf_guard_user`(`id`,`first_name`,`last_name`,`email_address`,`username`,`algorithm`,`salt`,`password`,`is_active`,`is_super_admin`,`last_login`,`created_at`,`updated_at`) values (3,'Дмитрий','Хашабаев','zxc@zxc.zxc','homer','PasswordKeeper::generate','884f9de044df99d54aedf354eded1a32','884f9de044df99d54aedf354eded1a32qweqwe',1,0,NULL,'2011-03-11 20:52:47','2011-03-11 20:52:47');
insert  into `sf_guard_user`(`id`,`first_name`,`last_name`,`email_address`,`username`,`algorithm`,`salt`,`password`,`is_active`,`is_super_admin`,`last_login`,`created_at`,`updated_at`) values (7,'дддд','рррр','zzzzz@qwe.qwe','admin','PasswordKeeper::generate','df4ec620183da5af8c2df4d1c60f9c53','df4ec620183da5af8c2df4d1c60f9c53asdasd',1,0,'2011-05-02 16:19:11','2011-03-31 12:26:05','2011-05-02 16:19:11');
insert  into `sf_guard_user`(`id`,`first_name`,`last_name`,`email_address`,`username`,`algorithm`,`salt`,`password`,`is_active`,`is_super_admin`,`last_login`,`created_at`,`updated_at`) values (8,NULL,NULL,'ddddd@qwe.qwea','newlogin2','PasswordKeeper::generate','029ebfbfa5d62e84b04fc3a0bcb92339','029ebfbfa5d62e84b04fc3a0bcb92339qweqwe',1,0,'2011-03-31 12:34:00','2011-03-31 12:32:56','2011-03-31 12:34:00');
insert  into `sf_guard_user`(`id`,`first_name`,`last_name`,`email_address`,`username`,`algorithm`,`salt`,`password`,`is_active`,`is_super_admin`,`last_login`,`created_at`,`updated_at`) values (12,NULL,NULL,'limitium@gmail.com','Hashan','PasswordKeeper::generate','0f84562f3f85267ce6c0fba5c16464a3','0f84562f3f85267ce6c0fba5c16464a3qweqwe',0,0,NULL,'2011-04-02 15:51:18','2011-04-02 15:51:18');

/*Data for the table `sf_guard_user_group` */

/*Data for the table `sf_guard_user_permission` */

/*Data for the table `sf_guard_user_profile` */

insert  into `sf_guard_user_profile`(`user_id`,`email_new`,`validate_at`,`validate`,`id`,`sex`,`birth_date`,`userpic`,`description`,`city_id`,`created_at`,`updated_at`) values (1,'xxx@cc.cc','2010-05-23 20:12:20','e992509a6769b476993e5c352b270bac2',1,1,'2010-05-23',NULL,'',123,'2011-03-11 20:52:18','2010-05-23 20:12:20');
insert  into `sf_guard_user_profile`(`user_id`,`email_new`,`validate_at`,`validate`,`id`,`sex`,`birth_date`,`userpic`,`description`,`city_id`,`created_at`,`updated_at`) values (2,NULL,'2011-03-11 20:52:31','n2b1d22bf44686b95b77bb07f52e365d0',2,1,NULL,NULL,NULL,456,'2011-03-11 20:52:31','2011-03-11 20:52:31');
insert  into `sf_guard_user_profile`(`user_id`,`email_new`,`validate_at`,`validate`,`id`,`sex`,`birth_date`,`userpic`,`description`,`city_id`,`created_at`,`updated_at`) values (3,NULL,'2011-03-11 20:52:47','n87805300e6edd21d174f7fc147de786b',3,0,NULL,NULL,NULL,213,'2011-03-11 20:52:47','2011-03-11 20:52:47');
insert  into `sf_guard_user_profile`(`user_id`,`email_new`,`validate_at`,`validate`,`id`,`sex`,`birth_date`,`userpic`,`description`,`city_id`,`created_at`,`updated_at`) values (7,'',NULL,'',7,1,NULL,NULL,'',1782,'2011-03-31 12:26:06','2011-05-02 00:27:17');
insert  into `sf_guard_user_profile`(`user_id`,`email_new`,`validate_at`,`validate`,`id`,`sex`,`birth_date`,`userpic`,`description`,`city_id`,`created_at`,`updated_at`) values (8,NULL,NULL,NULL,8,1,NULL,NULL,NULL,66,'2011-03-31 12:32:57','2011-03-31 12:33:59');
insert  into `sf_guard_user_profile`(`user_id`,`email_new`,`validate_at`,`validate`,`id`,`sex`,`birth_date`,`userpic`,`description`,`city_id`,`created_at`,`updated_at`) values (12,NULL,'2011-04-02 15:51:18','nc299c92d4bb3eff72ee6d9f520a11343',12,1,NULL,NULL,NULL,NULL,'2011-04-02 15:51:18','2011-04-02 15:51:18');

/*Data for the table `style` */

insert  into `style`(`id`,`name`) values (2,'Спининг');
insert  into `style`(`id`,`name`) values (1,'Тролинг');

/*Data for the table `tag` */

insert  into `tag`(`id`,`name`,`is_triple`,`triple_namespace`,`triple_key`,`triple_value`) values (1,'qwe',0,NULL,NULL,NULL);
insert  into `tag`(`id`,`name`,`is_triple`,`triple_namespace`,`triple_key`,`triple_value`) values (2,'asd',0,NULL,NULL,NULL);
insert  into `tag`(`id`,`name`,`is_triple`,`triple_namespace`,`triple_key`,`triple_value`) values (3,'zxc',0,NULL,NULL,NULL);
insert  into `tag`(`id`,`name`,`is_triple`,`triple_namespace`,`triple_key`,`triple_value`) values (4,'aaaa',0,NULL,NULL,NULL);
insert  into `tag`(`id`,`name`,`is_triple`,`triple_namespace`,`triple_key`,`triple_value`) values (5,'aassss',0,NULL,NULL,NULL);
insert  into `tag`(`id`,`name`,`is_triple`,`triple_namespace`,`triple_key`,`triple_value`) values (6,'aaaaassss',0,NULL,NULL,NULL);
insert  into `tag`(`id`,`name`,`is_triple`,`triple_namespace`,`triple_key`,`triple_value`) values (7,'aassss',0,NULL,NULL,NULL);
insert  into `tag`(`id`,`name`,`is_triple`,`triple_namespace`,`triple_key`,`triple_value`) values (8,'assss',0,NULL,NULL,NULL);
insert  into `tag`(`id`,`name`,`is_triple`,`triple_namespace`,`triple_key`,`triple_value`) values (9,'aaaaaaaaaa',0,NULL,NULL,NULL);
insert  into `tag`(`id`,`name`,`is_triple`,`triple_namespace`,`triple_key`,`triple_value`) values (10,'aaasssssss',0,NULL,NULL,NULL);

/*Data for the table `tagging` */

insert  into `tagging`(`id`,`tag_id`,`taggable_model`,`taggable_id`) values (1,1,'Talk',1);
insert  into `tagging`(`id`,`tag_id`,`taggable_model`,`taggable_id`) values (2,2,'Talk',1);
insert  into `tagging`(`id`,`tag_id`,`taggable_model`,`taggable_id`) values (3,3,'Talk',1);

/*Data for the table `talk` */

/*Data for the table `talk_section` */

insert  into `talk_section`(`id`,`parent`,`name`,`lft`,`rgt`,`level`) values (13,NULL,'root',1,14,0);
insert  into `talk_section`(`id`,`parent`,`name`,`lft`,`rgt`,`level`) values (14,13,'a',2,9,1);
insert  into `talk_section`(`id`,`parent`,`name`,`lft`,`rgt`,`level`) values (15,14,'a1',3,4,2);
insert  into `talk_section`(`id`,`parent`,`name`,`lft`,`rgt`,`level`) values (16,13,'b',10,13,1);
insert  into `talk_section`(`id`,`parent`,`name`,`lft`,`rgt`,`level`) values (17,16,'b1',11,12,2);
insert  into `talk_section`(`id`,`parent`,`name`,`lft`,`rgt`,`level`) values (18,14,'a2',5,8,2);
insert  into `talk_section`(`id`,`parent`,`name`,`lft`,`rgt`,`level`) values (19,18,'a21',6,7,3);

/*Data for the table `vote` */

insert  into `vote`(`id`,`value`,`voter`,`toward`,`location_id`,`comment_id`,`profit_id`,`profile_id`,`talk_id`,`fish_event_id`,`photo_id`) values (24,1,1,'profile',NULL,NULL,NULL,1,NULL,NULL,NULL);
insert  into `vote`(`id`,`value`,`voter`,`toward`,`location_id`,`comment_id`,`profit_id`,`profile_id`,`talk_id`,`fish_event_id`,`photo_id`) values (37,1,2,'profile',NULL,NULL,NULL,1,NULL,NULL,NULL);
insert  into `vote`(`id`,`value`,`voter`,`toward`,`location_id`,`comment_id`,`profit_id`,`profile_id`,`talk_id`,`fish_event_id`,`photo_id`) values (38,1,2,'profile',NULL,NULL,NULL,3,NULL,NULL,NULL);
insert  into `vote`(`id`,`value`,`voter`,`toward`,`location_id`,`comment_id`,`profit_id`,`profile_id`,`talk_id`,`fish_event_id`,`photo_id`) values (39,-1,1,'profile',NULL,NULL,NULL,2,NULL,NULL,NULL);
insert  into `vote`(`id`,`value`,`voter`,`toward`,`location_id`,`comment_id`,`profit_id`,`profile_id`,`talk_id`,`fish_event_id`,`photo_id`) values (41,-1,1,'profile',NULL,NULL,NULL,3,NULL,NULL,NULL);

/*Data for the table `wish_list` */

/*!40101 SET SQL_MODE=@OLD_SQL_MODE */;
/*!40014 SET FOREIGN_KEY_CHECKS=@OLD_FOREIGN_KEY_CHECKS */;
