/*
SQLyog Enterprise - MySQL GUI v7.02 
MySQL - 5.1.40-community : Database - FISHERY
*********************************************************************
*/

/*!40101 SET NAMES utf8 */;

/*!40101 SET SQL_MODE=''*/;

/*!40014 SET @OLD_FOREIGN_KEY_CHECKS=@@FOREIGN_KEY_CHECKS, FOREIGN_KEY_CHECKS=0 */;
/*!40101 SET @OLD_SQL_MODE=@@SQL_MODE, SQL_MODE='NO_AUTO_VALUE_ON_ZERO' */;

/*Table structure for table `address` */

DROP TABLE IF EXISTS `address`;

CREATE TABLE `address` (
  `id` int(11) NOT NULL AUTO_INCREMENT,
  `country_id` int(11) DEFAULT NULL,
  `area_low_id` int(11) DEFAULT NULL,
  `area_high_id` int(11) DEFAULT NULL,
  `locality_id` int(11) DEFAULT NULL,
  `route_id` int(11) DEFAULT NULL,
  PRIMARY KEY (`id`),
  KEY `country_id_idx` (`country_id`),
  KEY `area_low_id_idx` (`area_low_id`),
  KEY `area_high_id_idx` (`area_high_id`),
  KEY `locality_id_idx` (`locality_id`),
  KEY `route_id_idx` (`route_id`),
  CONSTRAINT `address_area_high_id_area_high_id` FOREIGN KEY (`area_high_id`) REFERENCES `area_high` (`id`),
  CONSTRAINT `address_area_low_id_area_low_id` FOREIGN KEY (`area_low_id`) REFERENCES `area_low` (`id`),
  CONSTRAINT `address_country_id_country_id` FOREIGN KEY (`country_id`) REFERENCES `country` (`id`),
  CONSTRAINT `address_locality_id_locality_id` FOREIGN KEY (`locality_id`) REFERENCES `locality` (`id`),
  CONSTRAINT `address_route_id_route_id` FOREIGN KEY (`route_id`) REFERENCES `route` (`id`)
) ENGINE=InnoDB AUTO_INCREMENT=707 DEFAULT CHARSET=cp1251;

/*Data for the table `address` */

insert  into `address`(`id`,`country_id`,`area_low_id`,`area_high_id`,`locality_id`,`route_id`) values (1,1,5,NULL,NULL,1);
insert  into `address`(`id`,`country_id`,`area_low_id`,`area_high_id`,`locality_id`,`route_id`) values (2,1,3,12,NULL,3);
insert  into `address`(`id`,`country_id`,`area_low_id`,`area_high_id`,`locality_id`,`route_id`) values (3,1,3,12,NULL,3);
insert  into `address`(`id`,`country_id`,`area_low_id`,`area_high_id`,`locality_id`,`route_id`) values (4,1,3,13,8,4);
insert  into `address`(`id`,`country_id`,`area_low_id`,`area_high_id`,`locality_id`,`route_id`) values (5,1,6,NULL,NULL,5);
insert  into `address`(`id`,`country_id`,`area_low_id`,`area_high_id`,`locality_id`,`route_id`) values (6,1,3,7,NULL,6);
insert  into `address`(`id`,`country_id`,`area_low_id`,`area_high_id`,`locality_id`,`route_id`) values (7,1,3,14,NULL,7);
insert  into `address`(`id`,`country_id`,`area_low_id`,`area_high_id`,`locality_id`,`route_id`) values (8,1,3,NULL,NULL,8);
insert  into `address`(`id`,`country_id`,`area_low_id`,`area_high_id`,`locality_id`,`route_id`) values (9,1,7,15,NULL,9);
insert  into `address`(`id`,`country_id`,`area_low_id`,`area_high_id`,`locality_id`,`route_id`) values (10,1,7,15,NULL,9);
insert  into `address`(`id`,`country_id`,`area_low_id`,`area_high_id`,`locality_id`,`route_id`) values (11,2,8,NULL,NULL,10);
insert  into `address`(`id`,`country_id`,`area_low_id`,`area_high_id`,`locality_id`,`route_id`) values (12,1,3,14,NULL,7);
insert  into `address`(`id`,`country_id`,`area_low_id`,`area_high_id`,`locality_id`,`route_id`) values (13,1,3,16,NULL,11);
insert  into `address`(`id`,`country_id`,`area_low_id`,`area_high_id`,`locality_id`,`route_id`) values (14,1,3,16,9,12);
insert  into `address`(`id`,`country_id`,`area_low_id`,`area_high_id`,`locality_id`,`route_id`) values (15,3,NULL,17,10,13);
insert  into `address`(`id`,`country_id`,`area_low_id`,`area_high_id`,`locality_id`,`route_id`) values (16,1,3,18,NULL,14);
insert  into `address`(`id`,`country_id`,`area_low_id`,`area_high_id`,`locality_id`,`route_id`) values (17,1,3,19,NULL,3);
insert  into `address`(`id`,`country_id`,`area_low_id`,`area_high_id`,`locality_id`,`route_id`) values (18,1,3,20,11,15);
insert  into `address`(`id`,`country_id`,`area_low_id`,`area_high_id`,`locality_id`,`route_id`) values (19,1,3,13,8,4);
insert  into `address`(`id`,`country_id`,`area_low_id`,`area_high_id`,`locality_id`,`route_id`) values (20,1,6,NULL,NULL,5);
insert  into `address`(`id`,`country_id`,`area_low_id`,`area_high_id`,`locality_id`,`route_id`) values (21,1,3,21,NULL,16);
insert  into `address`(`id`,`country_id`,`area_low_id`,`area_high_id`,`locality_id`,`route_id`) values (22,1,5,22,NULL,1);
insert  into `address`(`id`,`country_id`,`area_low_id`,`area_high_id`,`locality_id`,`route_id`) values (23,1,3,21,NULL,16);
insert  into `address`(`id`,`country_id`,`area_low_id`,`area_high_id`,`locality_id`,`route_id`) values (24,1,7,15,NULL,9);
insert  into `address`(`id`,`country_id`,`area_low_id`,`area_high_id`,`locality_id`,`route_id`) values (25,1,7,15,NULL,9);
insert  into `address`(`id`,`country_id`,`area_low_id`,`area_high_id`,`locality_id`,`route_id`) values (26,1,3,NULL,NULL,3);
insert  into `address`(`id`,`country_id`,`area_low_id`,`area_high_id`,`locality_id`,`route_id`) values (27,1,3,12,NULL,3);
insert  into `address`(`id`,`country_id`,`area_low_id`,`area_high_id`,`locality_id`,`route_id`) values (28,1,3,19,NULL,17);
insert  into `address`(`id`,`country_id`,`area_low_id`,`area_high_id`,`locality_id`,`route_id`) values (29,1,3,12,NULL,3);
insert  into `address`(`id`,`country_id`,`area_low_id`,`area_high_id`,`locality_id`,`route_id`) values (30,1,3,19,NULL,17);
insert  into `address`(`id`,`country_id`,`area_low_id`,`area_high_id`,`locality_id`,`route_id`) values (31,4,9,23,NULL,18);
insert  into `address`(`id`,`country_id`,`area_low_id`,`area_high_id`,`locality_id`,`route_id`) values (32,1,3,24,12,19);
insert  into `address`(`id`,`country_id`,`area_low_id`,`area_high_id`,`locality_id`,`route_id`) values (33,1,3,19,13,20);
insert  into `address`(`id`,`country_id`,`area_low_id`,`area_high_id`,`locality_id`,`route_id`) values (34,1,3,12,NULL,3);
insert  into `address`(`id`,`country_id`,`area_low_id`,`area_high_id`,`locality_id`,`route_id`) values (35,1,3,19,NULL,17);
insert  into `address`(`id`,`country_id`,`area_low_id`,`area_high_id`,`locality_id`,`route_id`) values (36,4,9,23,NULL,18);
insert  into `address`(`id`,`country_id`,`area_low_id`,`area_high_id`,`locality_id`,`route_id`) values (37,1,3,24,12,19);
insert  into `address`(`id`,`country_id`,`area_low_id`,`area_high_id`,`locality_id`,`route_id`) values (38,1,3,19,13,20);
insert  into `address`(`id`,`country_id`,`area_low_id`,`area_high_id`,`locality_id`,`route_id`) values (39,1,3,25,NULL,NULL);
insert  into `address`(`id`,`country_id`,`area_low_id`,`area_high_id`,`locality_id`,`route_id`) values (40,1,10,26,NULL,NULL);
insert  into `address`(`id`,`country_id`,`area_low_id`,`area_high_id`,`locality_id`,`route_id`) values (41,1,6,27,NULL,5);
insert  into `address`(`id`,`country_id`,`area_low_id`,`area_high_id`,`locality_id`,`route_id`) values (42,1,11,28,14,21);
insert  into `address`(`id`,`country_id`,`area_low_id`,`area_high_id`,`locality_id`,`route_id`) values (43,1,6,NULL,NULL,5);
insert  into `address`(`id`,`country_id`,`area_low_id`,`area_high_id`,`locality_id`,`route_id`) values (44,1,6,29,NULL,NULL);
insert  into `address`(`id`,`country_id`,`area_low_id`,`area_high_id`,`locality_id`,`route_id`) values (45,1,NULL,NULL,NULL,22);
insert  into `address`(`id`,`country_id`,`area_low_id`,`area_high_id`,`locality_id`,`route_id`) values (46,1,12,NULL,NULL,NULL);
insert  into `address`(`id`,`country_id`,`area_low_id`,`area_high_id`,`locality_id`,`route_id`) values (47,1,12,NULL,NULL,NULL);
insert  into `address`(`id`,`country_id`,`area_low_id`,`area_high_id`,`locality_id`,`route_id`) values (48,1,13,NULL,NULL,23);
insert  into `address`(`id`,`country_id`,`area_low_id`,`area_high_id`,`locality_id`,`route_id`) values (49,1,14,30,NULL,24);
insert  into `address`(`id`,`country_id`,`area_low_id`,`area_high_id`,`locality_id`,`route_id`) values (50,1,3,4,NULL,25);
insert  into `address`(`id`,`country_id`,`area_low_id`,`area_high_id`,`locality_id`,`route_id`) values (51,1,3,31,15,26);
insert  into `address`(`id`,`country_id`,`area_low_id`,`area_high_id`,`locality_id`,`route_id`) values (52,1,3,25,NULL,27);
insert  into `address`(`id`,`country_id`,`area_low_id`,`area_high_id`,`locality_id`,`route_id`) values (53,1,3,32,16,28);
insert  into `address`(`id`,`country_id`,`area_low_id`,`area_high_id`,`locality_id`,`route_id`) values (54,1,3,33,17,29);
insert  into `address`(`id`,`country_id`,`area_low_id`,`area_high_id`,`locality_id`,`route_id`) values (55,1,3,33,17,30);
insert  into `address`(`id`,`country_id`,`area_low_id`,`area_high_id`,`locality_id`,`route_id`) values (56,1,3,33,17,31);
insert  into `address`(`id`,`country_id`,`area_low_id`,`area_high_id`,`locality_id`,`route_id`) values (57,1,3,33,17,32);
insert  into `address`(`id`,`country_id`,`area_low_id`,`area_high_id`,`locality_id`,`route_id`) values (58,1,15,34,NULL,33);
insert  into `address`(`id`,`country_id`,`area_low_id`,`area_high_id`,`locality_id`,`route_id`) values (59,5,16,35,NULL,34);
insert  into `address`(`id`,`country_id`,`area_low_id`,`area_high_id`,`locality_id`,`route_id`) values (60,1,13,36,NULL,35);
insert  into `address`(`id`,`country_id`,`area_low_id`,`area_high_id`,`locality_id`,`route_id`) values (61,1,13,36,NULL,35);
insert  into `address`(`id`,`country_id`,`area_low_id`,`area_high_id`,`locality_id`,`route_id`) values (62,1,13,36,NULL,35);
insert  into `address`(`id`,`country_id`,`area_low_id`,`area_high_id`,`locality_id`,`route_id`) values (63,1,13,36,NULL,35);
insert  into `address`(`id`,`country_id`,`area_low_id`,`area_high_id`,`locality_id`,`route_id`) values (64,1,13,36,NULL,35);
insert  into `address`(`id`,`country_id`,`area_low_id`,`area_high_id`,`locality_id`,`route_id`) values (65,6,NULL,37,18,36);
insert  into `address`(`id`,`country_id`,`area_low_id`,`area_high_id`,`locality_id`,`route_id`) values (66,4,17,NULL,19,37);
insert  into `address`(`id`,`country_id`,`area_low_id`,`area_high_id`,`locality_id`,`route_id`) values (67,4,17,38,20,38);
insert  into `address`(`id`,`country_id`,`area_low_id`,`area_high_id`,`locality_id`,`route_id`) values (68,4,18,39,NULL,39);
insert  into `address`(`id`,`country_id`,`area_low_id`,`area_high_id`,`locality_id`,`route_id`) values (69,4,9,NULL,NULL,NULL);
insert  into `address`(`id`,`country_id`,`area_low_id`,`area_high_id`,`locality_id`,`route_id`) values (70,1,11,40,14,40);
insert  into `address`(`id`,`country_id`,`area_low_id`,`area_high_id`,`locality_id`,`route_id`) values (71,1,3,41,21,41);
insert  into `address`(`id`,`country_id`,`area_low_id`,`area_high_id`,`locality_id`,`route_id`) values (72,1,3,41,NULL,41);
insert  into `address`(`id`,`country_id`,`area_low_id`,`area_high_id`,`locality_id`,`route_id`) values (73,1,12,NULL,22,42);
insert  into `address`(`id`,`country_id`,`area_low_id`,`area_high_id`,`locality_id`,`route_id`) values (74,1,19,42,23,43);
insert  into `address`(`id`,`country_id`,`area_low_id`,`area_high_id`,`locality_id`,`route_id`) values (75,1,3,43,24,44);
insert  into `address`(`id`,`country_id`,`area_low_id`,`area_high_id`,`locality_id`,`route_id`) values (76,1,3,44,NULL,45);
insert  into `address`(`id`,`country_id`,`area_low_id`,`area_high_id`,`locality_id`,`route_id`) values (77,1,20,45,NULL,NULL);
insert  into `address`(`id`,`country_id`,`area_low_id`,`area_high_id`,`locality_id`,`route_id`) values (78,1,3,18,NULL,14);
insert  into `address`(`id`,`country_id`,`area_low_id`,`area_high_id`,`locality_id`,`route_id`) values (79,1,21,46,NULL,46);
insert  into `address`(`id`,`country_id`,`area_low_id`,`area_high_id`,`locality_id`,`route_id`) values (80,1,19,47,23,47);
insert  into `address`(`id`,`country_id`,`area_low_id`,`area_high_id`,`locality_id`,`route_id`) values (81,1,22,NULL,NULL,48);
insert  into `address`(`id`,`country_id`,`area_low_id`,`area_high_id`,`locality_id`,`route_id`) values (82,1,23,48,NULL,49);
insert  into `address`(`id`,`country_id`,`area_low_id`,`area_high_id`,`locality_id`,`route_id`) values (83,1,24,49,NULL,50);
insert  into `address`(`id`,`country_id`,`area_low_id`,`area_high_id`,`locality_id`,`route_id`) values (84,1,22,50,25,51);
insert  into `address`(`id`,`country_id`,`area_low_id`,`area_high_id`,`locality_id`,`route_id`) values (85,1,25,51,26,52);
insert  into `address`(`id`,`country_id`,`area_low_id`,`area_high_id`,`locality_id`,`route_id`) values (86,1,25,52,27,53);
insert  into `address`(`id`,`country_id`,`area_low_id`,`area_high_id`,`locality_id`,`route_id`) values (87,1,12,NULL,22,54);
insert  into `address`(`id`,`country_id`,`area_low_id`,`area_high_id`,`locality_id`,`route_id`) values (88,1,26,53,NULL,NULL);
insert  into `address`(`id`,`country_id`,`area_low_id`,`area_high_id`,`locality_id`,`route_id`) values (89,1,27,54,NULL,NULL);
insert  into `address`(`id`,`country_id`,`area_low_id`,`area_high_id`,`locality_id`,`route_id`) values (90,1,3,21,NULL,16);
insert  into `address`(`id`,`country_id`,`area_low_id`,`area_high_id`,`locality_id`,`route_id`) values (91,6,NULL,55,28,55);
insert  into `address`(`id`,`country_id`,`area_low_id`,`area_high_id`,`locality_id`,`route_id`) values (92,6,NULL,55,28,56);
insert  into `address`(`id`,`country_id`,`area_low_id`,`area_high_id`,`locality_id`,`route_id`) values (93,5,28,56,NULL,57);
insert  into `address`(`id`,`country_id`,`area_low_id`,`area_high_id`,`locality_id`,`route_id`) values (94,1,24,57,NULL,58);
insert  into `address`(`id`,`country_id`,`area_low_id`,`area_high_id`,`locality_id`,`route_id`) values (95,1,29,58,NULL,59);
insert  into `address`(`id`,`country_id`,`area_low_id`,`area_high_id`,`locality_id`,`route_id`) values (96,1,30,59,NULL,60);
insert  into `address`(`id`,`country_id`,`area_low_id`,`area_high_id`,`locality_id`,`route_id`) values (97,1,24,60,29,61);
insert  into `address`(`id`,`country_id`,`area_low_id`,`area_high_id`,`locality_id`,`route_id`) values (98,1,20,61,NULL,NULL);
insert  into `address`(`id`,`country_id`,`area_low_id`,`area_high_id`,`locality_id`,`route_id`) values (99,1,22,62,NULL,48);
insert  into `address`(`id`,`country_id`,`area_low_id`,`area_high_id`,`locality_id`,`route_id`) values (100,1,25,52,27,62);
insert  into `address`(`id`,`country_id`,`area_low_id`,`area_high_id`,`locality_id`,`route_id`) values (101,1,22,50,25,63);
insert  into `address`(`id`,`country_id`,`area_low_id`,`area_high_id`,`locality_id`,`route_id`) values (102,1,3,63,30,64);
insert  into `address`(`id`,`country_id`,`area_low_id`,`area_high_id`,`locality_id`,`route_id`) values (103,1,11,64,14,65);
insert  into `address`(`id`,`country_id`,`area_low_id`,`area_high_id`,`locality_id`,`route_id`) values (104,1,19,65,23,66);
insert  into `address`(`id`,`country_id`,`area_low_id`,`area_high_id`,`locality_id`,`route_id`) values (105,1,11,66,31,67);
insert  into `address`(`id`,`country_id`,`area_low_id`,`area_high_id`,`locality_id`,`route_id`) values (106,1,11,67,14,68);
insert  into `address`(`id`,`country_id`,`area_low_id`,`area_high_id`,`locality_id`,`route_id`) values (107,1,31,68,NULL,NULL);
insert  into `address`(`id`,`country_id`,`area_low_id`,`area_high_id`,`locality_id`,`route_id`) values (108,5,32,69,NULL,69);
insert  into `address`(`id`,`country_id`,`area_low_id`,`area_high_id`,`locality_id`,`route_id`) values (109,1,25,52,27,70);
insert  into `address`(`id`,`country_id`,`area_low_id`,`area_high_id`,`locality_id`,`route_id`) values (110,1,11,70,14,68);
insert  into `address`(`id`,`country_id`,`area_low_id`,`area_high_id`,`locality_id`,`route_id`) values (111,1,23,71,32,71);
insert  into `address`(`id`,`country_id`,`area_low_id`,`area_high_id`,`locality_id`,`route_id`) values (112,1,19,42,23,27);
insert  into `address`(`id`,`country_id`,`area_low_id`,`area_high_id`,`locality_id`,`route_id`) values (113,1,22,72,NULL,48);
insert  into `address`(`id`,`country_id`,`area_low_id`,`area_high_id`,`locality_id`,`route_id`) values (114,1,22,72,NULL,48);
insert  into `address`(`id`,`country_id`,`area_low_id`,`area_high_id`,`locality_id`,`route_id`) values (115,1,22,72,NULL,48);
insert  into `address`(`id`,`country_id`,`area_low_id`,`area_high_id`,`locality_id`,`route_id`) values (116,1,22,72,NULL,48);
insert  into `address`(`id`,`country_id`,`area_low_id`,`area_high_id`,`locality_id`,`route_id`) values (117,1,22,72,NULL,48);
insert  into `address`(`id`,`country_id`,`area_low_id`,`area_high_id`,`locality_id`,`route_id`) values (118,1,6,29,NULL,NULL);
insert  into `address`(`id`,`country_id`,`area_low_id`,`area_high_id`,`locality_id`,`route_id`) values (119,1,33,NULL,33,72);
insert  into `address`(`id`,`country_id`,`area_low_id`,`area_high_id`,`locality_id`,`route_id`) values (120,1,3,4,NULL,73);
insert  into `address`(`id`,`country_id`,`area_low_id`,`area_high_id`,`locality_id`,`route_id`) values (121,1,3,4,NULL,73);
insert  into `address`(`id`,`country_id`,`area_low_id`,`area_high_id`,`locality_id`,`route_id`) values (122,1,7,73,NULL,74);
insert  into `address`(`id`,`country_id`,`area_low_id`,`area_high_id`,`locality_id`,`route_id`) values (123,1,25,52,27,75);
insert  into `address`(`id`,`country_id`,`area_low_id`,`area_high_id`,`locality_id`,`route_id`) values (124,5,34,74,NULL,76);
insert  into `address`(`id`,`country_id`,`area_low_id`,`area_high_id`,`locality_id`,`route_id`) values (125,1,22,72,NULL,48);
insert  into `address`(`id`,`country_id`,`area_low_id`,`area_high_id`,`locality_id`,`route_id`) values (126,1,35,75,NULL,49);
insert  into `address`(`id`,`country_id`,`area_low_id`,`area_high_id`,`locality_id`,`route_id`) values (127,1,3,16,NULL,77);
insert  into `address`(`id`,`country_id`,`area_low_id`,`area_high_id`,`locality_id`,`route_id`) values (128,1,3,14,NULL,78);
insert  into `address`(`id`,`country_id`,`area_low_id`,`area_high_id`,`locality_id`,`route_id`) values (129,1,22,72,NULL,48);
insert  into `address`(`id`,`country_id`,`area_low_id`,`area_high_id`,`locality_id`,`route_id`) values (130,1,36,NULL,NULL,79);
insert  into `address`(`id`,`country_id`,`area_low_id`,`area_high_id`,`locality_id`,`route_id`) values (131,1,3,31,NULL,8);
insert  into `address`(`id`,`country_id`,`area_low_id`,`area_high_id`,`locality_id`,`route_id`) values (132,1,22,76,NULL,80);
insert  into `address`(`id`,`country_id`,`area_low_id`,`area_high_id`,`locality_id`,`route_id`) values (133,1,37,77,NULL,81);
insert  into `address`(`id`,`country_id`,`area_low_id`,`area_high_id`,`locality_id`,`route_id`) values (134,1,23,78,NULL,49);
insert  into `address`(`id`,`country_id`,`area_low_id`,`area_high_id`,`locality_id`,`route_id`) values (135,1,23,79,32,82);
insert  into `address`(`id`,`country_id`,`area_low_id`,`area_high_id`,`locality_id`,`route_id`) values (136,1,NULL,NULL,NULL,83);
insert  into `address`(`id`,`country_id`,`area_low_id`,`area_high_id`,`locality_id`,`route_id`) values (137,1,NULL,NULL,NULL,83);
insert  into `address`(`id`,`country_id`,`area_low_id`,`area_high_id`,`locality_id`,`route_id`) values (138,1,25,52,27,84);
insert  into `address`(`id`,`country_id`,`area_low_id`,`area_high_id`,`locality_id`,`route_id`) values (139,1,25,80,NULL,85);
insert  into `address`(`id`,`country_id`,`area_low_id`,`area_high_id`,`locality_id`,`route_id`) values (140,1,25,81,34,86);
insert  into `address`(`id`,`country_id`,`area_low_id`,`area_high_id`,`locality_id`,`route_id`) values (141,1,25,52,27,70);
insert  into `address`(`id`,`country_id`,`area_low_id`,`area_high_id`,`locality_id`,`route_id`) values (142,1,3,NULL,NULL,27);
insert  into `address`(`id`,`country_id`,`area_low_id`,`area_high_id`,`locality_id`,`route_id`) values (143,1,19,42,23,87);
insert  into `address`(`id`,`country_id`,`area_low_id`,`area_high_id`,`locality_id`,`route_id`) values (144,1,12,NULL,22,88);
insert  into `address`(`id`,`country_id`,`area_low_id`,`area_high_id`,`locality_id`,`route_id`) values (145,1,12,NULL,22,89);
insert  into `address`(`id`,`country_id`,`area_low_id`,`area_high_id`,`locality_id`,`route_id`) values (146,1,12,NULL,22,90);
insert  into `address`(`id`,`country_id`,`area_low_id`,`area_high_id`,`locality_id`,`route_id`) values (147,1,19,82,23,91);
insert  into `address`(`id`,`country_id`,`area_low_id`,`area_high_id`,`locality_id`,`route_id`) values (148,1,19,83,23,92);
insert  into `address`(`id`,`country_id`,`area_low_id`,`area_high_id`,`locality_id`,`route_id`) values (149,1,NULL,NULL,NULL,93);
insert  into `address`(`id`,`country_id`,`area_low_id`,`area_high_id`,`locality_id`,`route_id`) values (150,1,31,NULL,NULL,94);
insert  into `address`(`id`,`country_id`,`area_low_id`,`area_high_id`,`locality_id`,`route_id`) values (151,1,38,16,NULL,NULL);
insert  into `address`(`id`,`country_id`,`area_low_id`,`area_high_id`,`locality_id`,`route_id`) values (152,1,3,14,NULL,78);
insert  into `address`(`id`,`country_id`,`area_low_id`,`area_high_id`,`locality_id`,`route_id`) values (153,1,3,4,NULL,73);
insert  into `address`(`id`,`country_id`,`area_low_id`,`area_high_id`,`locality_id`,`route_id`) values (154,1,23,NULL,NULL,95);
insert  into `address`(`id`,`country_id`,`area_low_id`,`area_high_id`,`locality_id`,`route_id`) values (155,1,23,79,32,96);
insert  into `address`(`id`,`country_id`,`area_low_id`,`area_high_id`,`locality_id`,`route_id`) values (156,1,23,84,NULL,97);
insert  into `address`(`id`,`country_id`,`area_low_id`,`area_high_id`,`locality_id`,`route_id`) values (157,1,23,71,NULL,97);
insert  into `address`(`id`,`country_id`,`area_low_id`,`area_high_id`,`locality_id`,`route_id`) values (158,1,3,85,NULL,98);
insert  into `address`(`id`,`country_id`,`area_low_id`,`area_high_id`,`locality_id`,`route_id`) values (159,1,24,49,NULL,50);
insert  into `address`(`id`,`country_id`,`area_low_id`,`area_high_id`,`locality_id`,`route_id`) values (160,1,24,49,NULL,50);
insert  into `address`(`id`,`country_id`,`area_low_id`,`area_high_id`,`locality_id`,`route_id`) values (161,1,3,86,NULL,99);
insert  into `address`(`id`,`country_id`,`area_low_id`,`area_high_id`,`locality_id`,`route_id`) values (162,1,3,86,NULL,99);
insert  into `address`(`id`,`country_id`,`area_low_id`,`area_high_id`,`locality_id`,`route_id`) values (163,1,31,87,NULL,100);
insert  into `address`(`id`,`country_id`,`area_low_id`,`area_high_id`,`locality_id`,`route_id`) values (164,1,3,18,NULL,77);
insert  into `address`(`id`,`country_id`,`area_low_id`,`area_high_id`,`locality_id`,`route_id`) values (165,1,39,88,NULL,NULL);
insert  into `address`(`id`,`country_id`,`area_low_id`,`area_high_id`,`locality_id`,`route_id`) values (166,1,3,NULL,NULL,27);
insert  into `address`(`id`,`country_id`,`area_low_id`,`area_high_id`,`locality_id`,`route_id`) values (167,1,23,71,NULL,97);
insert  into `address`(`id`,`country_id`,`area_low_id`,`area_high_id`,`locality_id`,`route_id`) values (168,1,23,NULL,NULL,101);
insert  into `address`(`id`,`country_id`,`area_low_id`,`area_high_id`,`locality_id`,`route_id`) values (169,1,23,NULL,NULL,49);
insert  into `address`(`id`,`country_id`,`area_low_id`,`area_high_id`,`locality_id`,`route_id`) values (170,1,3,89,35,102);
insert  into `address`(`id`,`country_id`,`area_low_id`,`area_high_id`,`locality_id`,`route_id`) values (171,1,40,90,NULL,48);
insert  into `address`(`id`,`country_id`,`area_low_id`,`area_high_id`,`locality_id`,`route_id`) values (172,1,3,19,NULL,3);
insert  into `address`(`id`,`country_id`,`area_low_id`,`area_high_id`,`locality_id`,`route_id`) values (173,1,21,91,NULL,NULL);
insert  into `address`(`id`,`country_id`,`area_low_id`,`area_high_id`,`locality_id`,`route_id`) values (174,1,6,92,NULL,NULL);
insert  into `address`(`id`,`country_id`,`area_low_id`,`area_high_id`,`locality_id`,`route_id`) values (175,1,3,NULL,NULL,103);
insert  into `address`(`id`,`country_id`,`area_low_id`,`area_high_id`,`locality_id`,`route_id`) values (176,1,27,NULL,36,104);
insert  into `address`(`id`,`country_id`,`area_low_id`,`area_high_id`,`locality_id`,`route_id`) values (177,1,NULL,NULL,NULL,5);
insert  into `address`(`id`,`country_id`,`area_low_id`,`area_high_id`,`locality_id`,`route_id`) values (178,1,24,57,NULL,58);
insert  into `address`(`id`,`country_id`,`area_low_id`,`area_high_id`,`locality_id`,`route_id`) values (179,1,6,NULL,NULL,5);
insert  into `address`(`id`,`country_id`,`area_low_id`,`area_high_id`,`locality_id`,`route_id`) values (180,1,41,93,NULL,48);
insert  into `address`(`id`,`country_id`,`area_low_id`,`area_high_id`,`locality_id`,`route_id`) values (181,1,21,91,NULL,105);
insert  into `address`(`id`,`country_id`,`area_low_id`,`area_high_id`,`locality_id`,`route_id`) values (182,1,21,94,NULL,106);
insert  into `address`(`id`,`country_id`,`area_low_id`,`area_high_id`,`locality_id`,`route_id`) values (183,1,35,NULL,NULL,107);
insert  into `address`(`id`,`country_id`,`area_low_id`,`area_high_id`,`locality_id`,`route_id`) values (184,1,4,NULL,NULL,108);
insert  into `address`(`id`,`country_id`,`area_low_id`,`area_high_id`,`locality_id`,`route_id`) values (185,1,3,95,NULL,109);
insert  into `address`(`id`,`country_id`,`area_low_id`,`area_high_id`,`locality_id`,`route_id`) values (186,1,19,96,23,110);
insert  into `address`(`id`,`country_id`,`area_low_id`,`area_high_id`,`locality_id`,`route_id`) values (187,1,15,97,NULL,33);
insert  into `address`(`id`,`country_id`,`area_low_id`,`area_high_id`,`locality_id`,`route_id`) values (188,1,19,98,23,111);
insert  into `address`(`id`,`country_id`,`area_low_id`,`area_high_id`,`locality_id`,`route_id`) values (189,1,6,29,NULL,NULL);
insert  into `address`(`id`,`country_id`,`area_low_id`,`area_high_id`,`locality_id`,`route_id`) values (190,1,3,NULL,NULL,112);
insert  into `address`(`id`,`country_id`,`area_low_id`,`area_high_id`,`locality_id`,`route_id`) values (191,1,3,99,NULL,73);
insert  into `address`(`id`,`country_id`,`area_low_id`,`area_high_id`,`locality_id`,`route_id`) values (192,1,5,100,NULL,NULL);
insert  into `address`(`id`,`country_id`,`area_low_id`,`area_high_id`,`locality_id`,`route_id`) values (193,1,42,101,NULL,NULL);
insert  into `address`(`id`,`country_id`,`area_low_id`,`area_high_id`,`locality_id`,`route_id`) values (194,1,15,97,NULL,33);
insert  into `address`(`id`,`country_id`,`area_low_id`,`area_high_id`,`locality_id`,`route_id`) values (195,1,15,97,NULL,33);
insert  into `address`(`id`,`country_id`,`area_low_id`,`area_high_id`,`locality_id`,`route_id`) values (196,1,3,18,NULL,77);
insert  into `address`(`id`,`country_id`,`area_low_id`,`area_high_id`,`locality_id`,`route_id`) values (197,1,3,NULL,NULL,113);
insert  into `address`(`id`,`country_id`,`area_low_id`,`area_high_id`,`locality_id`,`route_id`) values (198,1,3,NULL,NULL,113);
insert  into `address`(`id`,`country_id`,`area_low_id`,`area_high_id`,`locality_id`,`route_id`) values (199,1,3,18,NULL,77);
insert  into `address`(`id`,`country_id`,`area_low_id`,`area_high_id`,`locality_id`,`route_id`) values (200,1,3,NULL,NULL,113);
insert  into `address`(`id`,`country_id`,`area_low_id`,`area_high_id`,`locality_id`,`route_id`) values (201,1,31,68,NULL,NULL);
insert  into `address`(`id`,`country_id`,`area_low_id`,`area_high_id`,`locality_id`,`route_id`) values (202,1,3,NULL,NULL,112);
insert  into `address`(`id`,`country_id`,`area_low_id`,`area_high_id`,`locality_id`,`route_id`) values (203,1,5,100,NULL,NULL);
insert  into `address`(`id`,`country_id`,`area_low_id`,`area_high_id`,`locality_id`,`route_id`) values (204,1,5,102,NULL,NULL);
insert  into `address`(`id`,`country_id`,`area_low_id`,`area_high_id`,`locality_id`,`route_id`) values (205,1,4,103,NULL,114);
insert  into `address`(`id`,`country_id`,`area_low_id`,`area_high_id`,`locality_id`,`route_id`) values (206,1,3,104,NULL,115);
insert  into `address`(`id`,`country_id`,`area_low_id`,`area_high_id`,`locality_id`,`route_id`) values (207,1,5,102,NULL,112);
insert  into `address`(`id`,`country_id`,`area_low_id`,`area_high_id`,`locality_id`,`route_id`) values (208,1,3,105,37,3);
insert  into `address`(`id`,`country_id`,`area_low_id`,`area_high_id`,`locality_id`,`route_id`) values (209,1,3,86,NULL,14);
insert  into `address`(`id`,`country_id`,`area_low_id`,`area_high_id`,`locality_id`,`route_id`) values (210,1,43,NULL,NULL,116);
insert  into `address`(`id`,`country_id`,`area_low_id`,`area_high_id`,`locality_id`,`route_id`) values (211,1,3,19,NULL,3);
insert  into `address`(`id`,`country_id`,`area_low_id`,`area_high_id`,`locality_id`,`route_id`) values (212,1,3,12,NULL,3);
insert  into `address`(`id`,`country_id`,`area_low_id`,`area_high_id`,`locality_id`,`route_id`) values (213,1,3,19,NULL,17);
insert  into `address`(`id`,`country_id`,`area_low_id`,`area_high_id`,`locality_id`,`route_id`) values (214,4,9,23,NULL,18);
insert  into `address`(`id`,`country_id`,`area_low_id`,`area_high_id`,`locality_id`,`route_id`) values (215,1,3,24,12,19);
insert  into `address`(`id`,`country_id`,`area_low_id`,`area_high_id`,`locality_id`,`route_id`) values (216,1,3,19,13,20);
insert  into `address`(`id`,`country_id`,`area_low_id`,`area_high_id`,`locality_id`,`route_id`) values (217,1,3,25,NULL,NULL);
insert  into `address`(`id`,`country_id`,`area_low_id`,`area_high_id`,`locality_id`,`route_id`) values (218,1,10,26,NULL,NULL);
insert  into `address`(`id`,`country_id`,`area_low_id`,`area_high_id`,`locality_id`,`route_id`) values (219,1,6,27,NULL,5);
insert  into `address`(`id`,`country_id`,`area_low_id`,`area_high_id`,`locality_id`,`route_id`) values (220,1,11,28,14,21);
insert  into `address`(`id`,`country_id`,`area_low_id`,`area_high_id`,`locality_id`,`route_id`) values (221,1,6,NULL,NULL,5);
insert  into `address`(`id`,`country_id`,`area_low_id`,`area_high_id`,`locality_id`,`route_id`) values (222,1,6,29,NULL,NULL);
insert  into `address`(`id`,`country_id`,`area_low_id`,`area_high_id`,`locality_id`,`route_id`) values (223,1,NULL,NULL,NULL,22);
insert  into `address`(`id`,`country_id`,`area_low_id`,`area_high_id`,`locality_id`,`route_id`) values (224,1,12,NULL,NULL,NULL);
insert  into `address`(`id`,`country_id`,`area_low_id`,`area_high_id`,`locality_id`,`route_id`) values (225,1,12,NULL,NULL,NULL);
insert  into `address`(`id`,`country_id`,`area_low_id`,`area_high_id`,`locality_id`,`route_id`) values (226,1,13,NULL,NULL,23);
insert  into `address`(`id`,`country_id`,`area_low_id`,`area_high_id`,`locality_id`,`route_id`) values (227,1,14,30,NULL,24);
insert  into `address`(`id`,`country_id`,`area_low_id`,`area_high_id`,`locality_id`,`route_id`) values (228,1,3,4,NULL,25);
insert  into `address`(`id`,`country_id`,`area_low_id`,`area_high_id`,`locality_id`,`route_id`) values (229,1,3,31,15,26);
insert  into `address`(`id`,`country_id`,`area_low_id`,`area_high_id`,`locality_id`,`route_id`) values (230,1,3,25,NULL,27);
insert  into `address`(`id`,`country_id`,`area_low_id`,`area_high_id`,`locality_id`,`route_id`) values (231,1,3,32,16,28);
insert  into `address`(`id`,`country_id`,`area_low_id`,`area_high_id`,`locality_id`,`route_id`) values (232,1,3,33,17,29);
insert  into `address`(`id`,`country_id`,`area_low_id`,`area_high_id`,`locality_id`,`route_id`) values (233,1,3,33,17,30);
insert  into `address`(`id`,`country_id`,`area_low_id`,`area_high_id`,`locality_id`,`route_id`) values (234,1,3,33,17,31);
insert  into `address`(`id`,`country_id`,`area_low_id`,`area_high_id`,`locality_id`,`route_id`) values (235,1,3,33,17,32);
insert  into `address`(`id`,`country_id`,`area_low_id`,`area_high_id`,`locality_id`,`route_id`) values (236,1,15,34,NULL,33);
insert  into `address`(`id`,`country_id`,`area_low_id`,`area_high_id`,`locality_id`,`route_id`) values (237,5,16,35,NULL,34);
insert  into `address`(`id`,`country_id`,`area_low_id`,`area_high_id`,`locality_id`,`route_id`) values (238,1,13,36,NULL,35);
insert  into `address`(`id`,`country_id`,`area_low_id`,`area_high_id`,`locality_id`,`route_id`) values (239,1,13,36,NULL,35);
insert  into `address`(`id`,`country_id`,`area_low_id`,`area_high_id`,`locality_id`,`route_id`) values (240,1,13,36,NULL,35);
insert  into `address`(`id`,`country_id`,`area_low_id`,`area_high_id`,`locality_id`,`route_id`) values (241,1,13,36,NULL,35);
insert  into `address`(`id`,`country_id`,`area_low_id`,`area_high_id`,`locality_id`,`route_id`) values (242,1,13,36,NULL,35);
insert  into `address`(`id`,`country_id`,`area_low_id`,`area_high_id`,`locality_id`,`route_id`) values (243,6,NULL,37,18,36);
insert  into `address`(`id`,`country_id`,`area_low_id`,`area_high_id`,`locality_id`,`route_id`) values (244,4,17,NULL,19,37);
insert  into `address`(`id`,`country_id`,`area_low_id`,`area_high_id`,`locality_id`,`route_id`) values (245,4,17,38,20,38);
insert  into `address`(`id`,`country_id`,`area_low_id`,`area_high_id`,`locality_id`,`route_id`) values (246,4,18,39,NULL,39);
insert  into `address`(`id`,`country_id`,`area_low_id`,`area_high_id`,`locality_id`,`route_id`) values (247,4,9,NULL,NULL,NULL);
insert  into `address`(`id`,`country_id`,`area_low_id`,`area_high_id`,`locality_id`,`route_id`) values (248,1,11,40,14,40);
insert  into `address`(`id`,`country_id`,`area_low_id`,`area_high_id`,`locality_id`,`route_id`) values (249,1,3,41,21,41);
insert  into `address`(`id`,`country_id`,`area_low_id`,`area_high_id`,`locality_id`,`route_id`) values (250,1,3,41,NULL,41);
insert  into `address`(`id`,`country_id`,`area_low_id`,`area_high_id`,`locality_id`,`route_id`) values (251,1,12,NULL,22,42);
insert  into `address`(`id`,`country_id`,`area_low_id`,`area_high_id`,`locality_id`,`route_id`) values (252,1,19,42,23,43);
insert  into `address`(`id`,`country_id`,`area_low_id`,`area_high_id`,`locality_id`,`route_id`) values (253,1,3,43,24,44);
insert  into `address`(`id`,`country_id`,`area_low_id`,`area_high_id`,`locality_id`,`route_id`) values (254,1,3,44,NULL,45);
insert  into `address`(`id`,`country_id`,`area_low_id`,`area_high_id`,`locality_id`,`route_id`) values (255,1,20,45,NULL,NULL);
insert  into `address`(`id`,`country_id`,`area_low_id`,`area_high_id`,`locality_id`,`route_id`) values (256,1,3,18,NULL,14);
insert  into `address`(`id`,`country_id`,`area_low_id`,`area_high_id`,`locality_id`,`route_id`) values (257,1,21,46,NULL,46);
insert  into `address`(`id`,`country_id`,`area_low_id`,`area_high_id`,`locality_id`,`route_id`) values (258,1,19,47,23,47);
insert  into `address`(`id`,`country_id`,`area_low_id`,`area_high_id`,`locality_id`,`route_id`) values (259,1,22,NULL,NULL,48);
insert  into `address`(`id`,`country_id`,`area_low_id`,`area_high_id`,`locality_id`,`route_id`) values (260,1,23,48,NULL,49);
insert  into `address`(`id`,`country_id`,`area_low_id`,`area_high_id`,`locality_id`,`route_id`) values (261,1,24,49,NULL,50);
insert  into `address`(`id`,`country_id`,`area_low_id`,`area_high_id`,`locality_id`,`route_id`) values (262,1,22,50,25,51);
insert  into `address`(`id`,`country_id`,`area_low_id`,`area_high_id`,`locality_id`,`route_id`) values (263,1,25,51,26,52);
insert  into `address`(`id`,`country_id`,`area_low_id`,`area_high_id`,`locality_id`,`route_id`) values (264,1,25,52,27,53);
insert  into `address`(`id`,`country_id`,`area_low_id`,`area_high_id`,`locality_id`,`route_id`) values (265,1,12,NULL,22,54);
insert  into `address`(`id`,`country_id`,`area_low_id`,`area_high_id`,`locality_id`,`route_id`) values (266,1,26,53,NULL,NULL);
insert  into `address`(`id`,`country_id`,`area_low_id`,`area_high_id`,`locality_id`,`route_id`) values (267,1,3,12,NULL,3);
insert  into `address`(`id`,`country_id`,`area_low_id`,`area_high_id`,`locality_id`,`route_id`) values (268,1,3,19,NULL,17);
insert  into `address`(`id`,`country_id`,`area_low_id`,`area_high_id`,`locality_id`,`route_id`) values (269,4,9,23,NULL,18);
insert  into `address`(`id`,`country_id`,`area_low_id`,`area_high_id`,`locality_id`,`route_id`) values (270,1,3,24,12,19);
insert  into `address`(`id`,`country_id`,`area_low_id`,`area_high_id`,`locality_id`,`route_id`) values (271,1,3,19,13,20);
insert  into `address`(`id`,`country_id`,`area_low_id`,`area_high_id`,`locality_id`,`route_id`) values (272,1,3,25,NULL,NULL);
insert  into `address`(`id`,`country_id`,`area_low_id`,`area_high_id`,`locality_id`,`route_id`) values (273,1,10,26,NULL,NULL);
insert  into `address`(`id`,`country_id`,`area_low_id`,`area_high_id`,`locality_id`,`route_id`) values (274,1,6,27,NULL,5);
insert  into `address`(`id`,`country_id`,`area_low_id`,`area_high_id`,`locality_id`,`route_id`) values (275,1,11,28,14,21);
insert  into `address`(`id`,`country_id`,`area_low_id`,`area_high_id`,`locality_id`,`route_id`) values (276,1,6,NULL,NULL,5);
insert  into `address`(`id`,`country_id`,`area_low_id`,`area_high_id`,`locality_id`,`route_id`) values (277,1,6,29,NULL,NULL);
insert  into `address`(`id`,`country_id`,`area_low_id`,`area_high_id`,`locality_id`,`route_id`) values (278,1,NULL,NULL,NULL,22);
insert  into `address`(`id`,`country_id`,`area_low_id`,`area_high_id`,`locality_id`,`route_id`) values (279,1,12,NULL,NULL,NULL);
insert  into `address`(`id`,`country_id`,`area_low_id`,`area_high_id`,`locality_id`,`route_id`) values (280,1,12,NULL,NULL,NULL);
insert  into `address`(`id`,`country_id`,`area_low_id`,`area_high_id`,`locality_id`,`route_id`) values (281,1,13,NULL,NULL,23);
insert  into `address`(`id`,`country_id`,`area_low_id`,`area_high_id`,`locality_id`,`route_id`) values (282,1,14,30,NULL,24);
insert  into `address`(`id`,`country_id`,`area_low_id`,`area_high_id`,`locality_id`,`route_id`) values (283,1,3,4,NULL,25);
insert  into `address`(`id`,`country_id`,`area_low_id`,`area_high_id`,`locality_id`,`route_id`) values (284,1,3,31,15,26);
insert  into `address`(`id`,`country_id`,`area_low_id`,`area_high_id`,`locality_id`,`route_id`) values (285,1,3,25,NULL,27);
insert  into `address`(`id`,`country_id`,`area_low_id`,`area_high_id`,`locality_id`,`route_id`) values (286,1,3,32,16,28);
insert  into `address`(`id`,`country_id`,`area_low_id`,`area_high_id`,`locality_id`,`route_id`) values (287,1,3,33,17,29);
insert  into `address`(`id`,`country_id`,`area_low_id`,`area_high_id`,`locality_id`,`route_id`) values (288,1,3,33,17,30);
insert  into `address`(`id`,`country_id`,`area_low_id`,`area_high_id`,`locality_id`,`route_id`) values (289,1,3,33,17,31);
insert  into `address`(`id`,`country_id`,`area_low_id`,`area_high_id`,`locality_id`,`route_id`) values (290,1,3,33,17,32);
insert  into `address`(`id`,`country_id`,`area_low_id`,`area_high_id`,`locality_id`,`route_id`) values (291,1,15,34,NULL,33);
insert  into `address`(`id`,`country_id`,`area_low_id`,`area_high_id`,`locality_id`,`route_id`) values (292,5,16,35,NULL,34);
insert  into `address`(`id`,`country_id`,`area_low_id`,`area_high_id`,`locality_id`,`route_id`) values (293,1,13,36,NULL,35);
insert  into `address`(`id`,`country_id`,`area_low_id`,`area_high_id`,`locality_id`,`route_id`) values (294,1,13,36,NULL,35);
insert  into `address`(`id`,`country_id`,`area_low_id`,`area_high_id`,`locality_id`,`route_id`) values (295,1,13,36,NULL,35);
insert  into `address`(`id`,`country_id`,`area_low_id`,`area_high_id`,`locality_id`,`route_id`) values (296,1,13,36,NULL,35);
insert  into `address`(`id`,`country_id`,`area_low_id`,`area_high_id`,`locality_id`,`route_id`) values (297,1,13,36,NULL,35);
insert  into `address`(`id`,`country_id`,`area_low_id`,`area_high_id`,`locality_id`,`route_id`) values (298,6,NULL,37,18,36);
insert  into `address`(`id`,`country_id`,`area_low_id`,`area_high_id`,`locality_id`,`route_id`) values (299,4,17,NULL,19,37);
insert  into `address`(`id`,`country_id`,`area_low_id`,`area_high_id`,`locality_id`,`route_id`) values (300,4,17,38,20,38);
insert  into `address`(`id`,`country_id`,`area_low_id`,`area_high_id`,`locality_id`,`route_id`) values (301,4,18,39,NULL,39);
insert  into `address`(`id`,`country_id`,`area_low_id`,`area_high_id`,`locality_id`,`route_id`) values (302,4,9,NULL,NULL,NULL);
insert  into `address`(`id`,`country_id`,`area_low_id`,`area_high_id`,`locality_id`,`route_id`) values (303,1,11,40,14,40);
insert  into `address`(`id`,`country_id`,`area_low_id`,`area_high_id`,`locality_id`,`route_id`) values (304,1,3,41,21,41);
insert  into `address`(`id`,`country_id`,`area_low_id`,`area_high_id`,`locality_id`,`route_id`) values (305,1,3,41,NULL,41);
insert  into `address`(`id`,`country_id`,`area_low_id`,`area_high_id`,`locality_id`,`route_id`) values (306,1,12,NULL,22,42);
insert  into `address`(`id`,`country_id`,`area_low_id`,`area_high_id`,`locality_id`,`route_id`) values (307,1,19,42,23,43);
insert  into `address`(`id`,`country_id`,`area_low_id`,`area_high_id`,`locality_id`,`route_id`) values (308,1,3,43,24,44);
insert  into `address`(`id`,`country_id`,`area_low_id`,`area_high_id`,`locality_id`,`route_id`) values (309,1,3,44,NULL,45);
insert  into `address`(`id`,`country_id`,`area_low_id`,`area_high_id`,`locality_id`,`route_id`) values (310,1,20,45,NULL,NULL);
insert  into `address`(`id`,`country_id`,`area_low_id`,`area_high_id`,`locality_id`,`route_id`) values (311,1,3,18,NULL,14);
insert  into `address`(`id`,`country_id`,`area_low_id`,`area_high_id`,`locality_id`,`route_id`) values (312,1,21,46,NULL,46);
insert  into `address`(`id`,`country_id`,`area_low_id`,`area_high_id`,`locality_id`,`route_id`) values (313,1,19,47,23,47);
insert  into `address`(`id`,`country_id`,`area_low_id`,`area_high_id`,`locality_id`,`route_id`) values (314,1,22,NULL,NULL,48);
insert  into `address`(`id`,`country_id`,`area_low_id`,`area_high_id`,`locality_id`,`route_id`) values (315,1,23,48,NULL,49);
insert  into `address`(`id`,`country_id`,`area_low_id`,`area_high_id`,`locality_id`,`route_id`) values (316,1,24,49,NULL,50);
insert  into `address`(`id`,`country_id`,`area_low_id`,`area_high_id`,`locality_id`,`route_id`) values (317,1,22,50,25,51);
insert  into `address`(`id`,`country_id`,`area_low_id`,`area_high_id`,`locality_id`,`route_id`) values (318,1,25,51,26,52);
insert  into `address`(`id`,`country_id`,`area_low_id`,`area_high_id`,`locality_id`,`route_id`) values (319,1,25,52,27,53);
insert  into `address`(`id`,`country_id`,`area_low_id`,`area_high_id`,`locality_id`,`route_id`) values (320,1,12,NULL,22,54);
insert  into `address`(`id`,`country_id`,`area_low_id`,`area_high_id`,`locality_id`,`route_id`) values (321,1,26,53,NULL,NULL);
insert  into `address`(`id`,`country_id`,`area_low_id`,`area_high_id`,`locality_id`,`route_id`) values (322,1,27,54,NULL,NULL);
insert  into `address`(`id`,`country_id`,`area_low_id`,`area_high_id`,`locality_id`,`route_id`) values (323,1,3,21,NULL,16);
insert  into `address`(`id`,`country_id`,`area_low_id`,`area_high_id`,`locality_id`,`route_id`) values (324,6,NULL,55,28,55);
insert  into `address`(`id`,`country_id`,`area_low_id`,`area_high_id`,`locality_id`,`route_id`) values (325,6,NULL,55,28,56);
insert  into `address`(`id`,`country_id`,`area_low_id`,`area_high_id`,`locality_id`,`route_id`) values (326,5,28,56,NULL,57);
insert  into `address`(`id`,`country_id`,`area_low_id`,`area_high_id`,`locality_id`,`route_id`) values (327,1,24,57,NULL,58);
insert  into `address`(`id`,`country_id`,`area_low_id`,`area_high_id`,`locality_id`,`route_id`) values (328,1,29,58,NULL,59);
insert  into `address`(`id`,`country_id`,`area_low_id`,`area_high_id`,`locality_id`,`route_id`) values (329,1,30,59,NULL,60);
insert  into `address`(`id`,`country_id`,`area_low_id`,`area_high_id`,`locality_id`,`route_id`) values (330,1,24,60,29,61);
insert  into `address`(`id`,`country_id`,`area_low_id`,`area_high_id`,`locality_id`,`route_id`) values (331,1,20,61,NULL,NULL);
insert  into `address`(`id`,`country_id`,`area_low_id`,`area_high_id`,`locality_id`,`route_id`) values (332,1,22,62,NULL,48);
insert  into `address`(`id`,`country_id`,`area_low_id`,`area_high_id`,`locality_id`,`route_id`) values (333,1,25,52,27,62);
insert  into `address`(`id`,`country_id`,`area_low_id`,`area_high_id`,`locality_id`,`route_id`) values (334,1,22,50,25,63);
insert  into `address`(`id`,`country_id`,`area_low_id`,`area_high_id`,`locality_id`,`route_id`) values (335,1,3,63,30,64);
insert  into `address`(`id`,`country_id`,`area_low_id`,`area_high_id`,`locality_id`,`route_id`) values (336,1,11,64,14,65);
insert  into `address`(`id`,`country_id`,`area_low_id`,`area_high_id`,`locality_id`,`route_id`) values (337,1,19,65,23,66);
insert  into `address`(`id`,`country_id`,`area_low_id`,`area_high_id`,`locality_id`,`route_id`) values (338,1,11,66,31,67);
insert  into `address`(`id`,`country_id`,`area_low_id`,`area_high_id`,`locality_id`,`route_id`) values (339,1,11,67,14,68);
insert  into `address`(`id`,`country_id`,`area_low_id`,`area_high_id`,`locality_id`,`route_id`) values (340,1,31,68,NULL,NULL);
insert  into `address`(`id`,`country_id`,`area_low_id`,`area_high_id`,`locality_id`,`route_id`) values (341,5,32,69,NULL,69);
insert  into `address`(`id`,`country_id`,`area_low_id`,`area_high_id`,`locality_id`,`route_id`) values (342,1,25,52,27,70);
insert  into `address`(`id`,`country_id`,`area_low_id`,`area_high_id`,`locality_id`,`route_id`) values (343,1,11,70,14,68);
insert  into `address`(`id`,`country_id`,`area_low_id`,`area_high_id`,`locality_id`,`route_id`) values (344,1,23,71,32,71);
insert  into `address`(`id`,`country_id`,`area_low_id`,`area_high_id`,`locality_id`,`route_id`) values (345,1,19,42,23,27);
insert  into `address`(`id`,`country_id`,`area_low_id`,`area_high_id`,`locality_id`,`route_id`) values (346,1,22,72,NULL,48);
insert  into `address`(`id`,`country_id`,`area_low_id`,`area_high_id`,`locality_id`,`route_id`) values (347,1,22,72,NULL,48);
insert  into `address`(`id`,`country_id`,`area_low_id`,`area_high_id`,`locality_id`,`route_id`) values (348,1,22,72,NULL,48);
insert  into `address`(`id`,`country_id`,`area_low_id`,`area_high_id`,`locality_id`,`route_id`) values (349,1,22,72,NULL,48);
insert  into `address`(`id`,`country_id`,`area_low_id`,`area_high_id`,`locality_id`,`route_id`) values (350,1,22,72,NULL,48);
insert  into `address`(`id`,`country_id`,`area_low_id`,`area_high_id`,`locality_id`,`route_id`) values (351,1,6,29,NULL,NULL);
insert  into `address`(`id`,`country_id`,`area_low_id`,`area_high_id`,`locality_id`,`route_id`) values (352,1,33,NULL,33,72);
insert  into `address`(`id`,`country_id`,`area_low_id`,`area_high_id`,`locality_id`,`route_id`) values (353,1,3,4,NULL,73);
insert  into `address`(`id`,`country_id`,`area_low_id`,`area_high_id`,`locality_id`,`route_id`) values (354,1,3,4,NULL,73);
insert  into `address`(`id`,`country_id`,`area_low_id`,`area_high_id`,`locality_id`,`route_id`) values (355,1,7,73,NULL,74);
insert  into `address`(`id`,`country_id`,`area_low_id`,`area_high_id`,`locality_id`,`route_id`) values (356,1,25,52,27,75);
insert  into `address`(`id`,`country_id`,`area_low_id`,`area_high_id`,`locality_id`,`route_id`) values (357,5,34,74,NULL,76);
insert  into `address`(`id`,`country_id`,`area_low_id`,`area_high_id`,`locality_id`,`route_id`) values (358,1,22,72,NULL,48);
insert  into `address`(`id`,`country_id`,`area_low_id`,`area_high_id`,`locality_id`,`route_id`) values (359,1,35,75,NULL,49);
insert  into `address`(`id`,`country_id`,`area_low_id`,`area_high_id`,`locality_id`,`route_id`) values (360,1,3,16,NULL,77);
insert  into `address`(`id`,`country_id`,`area_low_id`,`area_high_id`,`locality_id`,`route_id`) values (361,1,3,14,NULL,78);
insert  into `address`(`id`,`country_id`,`area_low_id`,`area_high_id`,`locality_id`,`route_id`) values (362,1,22,72,NULL,48);
insert  into `address`(`id`,`country_id`,`area_low_id`,`area_high_id`,`locality_id`,`route_id`) values (363,1,36,NULL,NULL,79);
insert  into `address`(`id`,`country_id`,`area_low_id`,`area_high_id`,`locality_id`,`route_id`) values (364,1,3,31,NULL,8);
insert  into `address`(`id`,`country_id`,`area_low_id`,`area_high_id`,`locality_id`,`route_id`) values (365,1,22,76,NULL,80);
insert  into `address`(`id`,`country_id`,`area_low_id`,`area_high_id`,`locality_id`,`route_id`) values (366,1,37,77,NULL,81);
insert  into `address`(`id`,`country_id`,`area_low_id`,`area_high_id`,`locality_id`,`route_id`) values (367,1,23,78,NULL,49);
insert  into `address`(`id`,`country_id`,`area_low_id`,`area_high_id`,`locality_id`,`route_id`) values (368,1,23,79,32,82);
insert  into `address`(`id`,`country_id`,`area_low_id`,`area_high_id`,`locality_id`,`route_id`) values (369,1,NULL,NULL,NULL,83);
insert  into `address`(`id`,`country_id`,`area_low_id`,`area_high_id`,`locality_id`,`route_id`) values (370,1,NULL,NULL,NULL,83);
insert  into `address`(`id`,`country_id`,`area_low_id`,`area_high_id`,`locality_id`,`route_id`) values (371,1,25,52,27,84);
insert  into `address`(`id`,`country_id`,`area_low_id`,`area_high_id`,`locality_id`,`route_id`) values (372,1,25,80,NULL,85);
insert  into `address`(`id`,`country_id`,`area_low_id`,`area_high_id`,`locality_id`,`route_id`) values (373,1,25,81,34,86);
insert  into `address`(`id`,`country_id`,`area_low_id`,`area_high_id`,`locality_id`,`route_id`) values (374,1,25,52,27,70);
insert  into `address`(`id`,`country_id`,`area_low_id`,`area_high_id`,`locality_id`,`route_id`) values (375,1,3,NULL,NULL,27);
insert  into `address`(`id`,`country_id`,`area_low_id`,`area_high_id`,`locality_id`,`route_id`) values (376,1,19,42,23,87);
insert  into `address`(`id`,`country_id`,`area_low_id`,`area_high_id`,`locality_id`,`route_id`) values (377,1,12,NULL,22,88);
insert  into `address`(`id`,`country_id`,`area_low_id`,`area_high_id`,`locality_id`,`route_id`) values (378,1,12,NULL,22,89);
insert  into `address`(`id`,`country_id`,`area_low_id`,`area_high_id`,`locality_id`,`route_id`) values (379,1,12,NULL,22,90);
insert  into `address`(`id`,`country_id`,`area_low_id`,`area_high_id`,`locality_id`,`route_id`) values (380,1,19,82,23,91);
insert  into `address`(`id`,`country_id`,`area_low_id`,`area_high_id`,`locality_id`,`route_id`) values (381,1,19,83,23,92);
insert  into `address`(`id`,`country_id`,`area_low_id`,`area_high_id`,`locality_id`,`route_id`) values (382,1,NULL,NULL,NULL,93);
insert  into `address`(`id`,`country_id`,`area_low_id`,`area_high_id`,`locality_id`,`route_id`) values (383,1,31,NULL,NULL,94);
insert  into `address`(`id`,`country_id`,`area_low_id`,`area_high_id`,`locality_id`,`route_id`) values (384,1,38,16,NULL,NULL);
insert  into `address`(`id`,`country_id`,`area_low_id`,`area_high_id`,`locality_id`,`route_id`) values (385,1,3,14,NULL,78);
insert  into `address`(`id`,`country_id`,`area_low_id`,`area_high_id`,`locality_id`,`route_id`) values (386,1,3,4,NULL,73);
insert  into `address`(`id`,`country_id`,`area_low_id`,`area_high_id`,`locality_id`,`route_id`) values (387,1,23,NULL,NULL,95);
insert  into `address`(`id`,`country_id`,`area_low_id`,`area_high_id`,`locality_id`,`route_id`) values (388,1,23,79,32,96);
insert  into `address`(`id`,`country_id`,`area_low_id`,`area_high_id`,`locality_id`,`route_id`) values (389,1,23,84,NULL,97);
insert  into `address`(`id`,`country_id`,`area_low_id`,`area_high_id`,`locality_id`,`route_id`) values (390,1,23,71,NULL,97);
insert  into `address`(`id`,`country_id`,`area_low_id`,`area_high_id`,`locality_id`,`route_id`) values (391,1,3,85,NULL,98);
insert  into `address`(`id`,`country_id`,`area_low_id`,`area_high_id`,`locality_id`,`route_id`) values (392,1,24,49,NULL,50);
insert  into `address`(`id`,`country_id`,`area_low_id`,`area_high_id`,`locality_id`,`route_id`) values (393,1,24,49,NULL,50);
insert  into `address`(`id`,`country_id`,`area_low_id`,`area_high_id`,`locality_id`,`route_id`) values (394,1,3,86,NULL,99);
insert  into `address`(`id`,`country_id`,`area_low_id`,`area_high_id`,`locality_id`,`route_id`) values (395,1,3,86,NULL,99);
insert  into `address`(`id`,`country_id`,`area_low_id`,`area_high_id`,`locality_id`,`route_id`) values (396,1,31,87,NULL,100);
insert  into `address`(`id`,`country_id`,`area_low_id`,`area_high_id`,`locality_id`,`route_id`) values (397,1,3,18,NULL,77);
insert  into `address`(`id`,`country_id`,`area_low_id`,`area_high_id`,`locality_id`,`route_id`) values (398,1,39,88,NULL,NULL);
insert  into `address`(`id`,`country_id`,`area_low_id`,`area_high_id`,`locality_id`,`route_id`) values (399,1,3,NULL,NULL,27);
insert  into `address`(`id`,`country_id`,`area_low_id`,`area_high_id`,`locality_id`,`route_id`) values (400,1,23,71,NULL,97);
insert  into `address`(`id`,`country_id`,`area_low_id`,`area_high_id`,`locality_id`,`route_id`) values (401,1,23,NULL,NULL,101);
insert  into `address`(`id`,`country_id`,`area_low_id`,`area_high_id`,`locality_id`,`route_id`) values (402,1,23,NULL,NULL,49);
insert  into `address`(`id`,`country_id`,`area_low_id`,`area_high_id`,`locality_id`,`route_id`) values (403,1,3,89,35,102);
insert  into `address`(`id`,`country_id`,`area_low_id`,`area_high_id`,`locality_id`,`route_id`) values (404,1,40,90,NULL,48);
insert  into `address`(`id`,`country_id`,`area_low_id`,`area_high_id`,`locality_id`,`route_id`) values (405,1,3,19,NULL,3);
insert  into `address`(`id`,`country_id`,`area_low_id`,`area_high_id`,`locality_id`,`route_id`) values (406,1,21,91,NULL,NULL);
insert  into `address`(`id`,`country_id`,`area_low_id`,`area_high_id`,`locality_id`,`route_id`) values (407,1,6,92,NULL,NULL);
insert  into `address`(`id`,`country_id`,`area_low_id`,`area_high_id`,`locality_id`,`route_id`) values (408,1,3,NULL,NULL,103);
insert  into `address`(`id`,`country_id`,`area_low_id`,`area_high_id`,`locality_id`,`route_id`) values (409,1,27,NULL,36,104);
insert  into `address`(`id`,`country_id`,`area_low_id`,`area_high_id`,`locality_id`,`route_id`) values (410,1,NULL,NULL,NULL,5);
insert  into `address`(`id`,`country_id`,`area_low_id`,`area_high_id`,`locality_id`,`route_id`) values (411,1,24,57,NULL,58);
insert  into `address`(`id`,`country_id`,`area_low_id`,`area_high_id`,`locality_id`,`route_id`) values (412,1,6,NULL,NULL,5);
insert  into `address`(`id`,`country_id`,`area_low_id`,`area_high_id`,`locality_id`,`route_id`) values (413,1,41,93,NULL,48);
insert  into `address`(`id`,`country_id`,`area_low_id`,`area_high_id`,`locality_id`,`route_id`) values (414,1,21,91,NULL,105);
insert  into `address`(`id`,`country_id`,`area_low_id`,`area_high_id`,`locality_id`,`route_id`) values (415,1,21,94,NULL,106);
insert  into `address`(`id`,`country_id`,`area_low_id`,`area_high_id`,`locality_id`,`route_id`) values (416,1,35,NULL,NULL,107);
insert  into `address`(`id`,`country_id`,`area_low_id`,`area_high_id`,`locality_id`,`route_id`) values (417,1,4,NULL,NULL,108);
insert  into `address`(`id`,`country_id`,`area_low_id`,`area_high_id`,`locality_id`,`route_id`) values (418,1,3,95,NULL,109);
insert  into `address`(`id`,`country_id`,`area_low_id`,`area_high_id`,`locality_id`,`route_id`) values (419,1,19,96,23,110);
insert  into `address`(`id`,`country_id`,`area_low_id`,`area_high_id`,`locality_id`,`route_id`) values (420,1,15,97,NULL,33);
insert  into `address`(`id`,`country_id`,`area_low_id`,`area_high_id`,`locality_id`,`route_id`) values (421,1,19,98,23,111);
insert  into `address`(`id`,`country_id`,`area_low_id`,`area_high_id`,`locality_id`,`route_id`) values (422,1,6,29,NULL,NULL);
insert  into `address`(`id`,`country_id`,`area_low_id`,`area_high_id`,`locality_id`,`route_id`) values (423,1,3,NULL,NULL,112);
insert  into `address`(`id`,`country_id`,`area_low_id`,`area_high_id`,`locality_id`,`route_id`) values (424,1,3,99,NULL,73);
insert  into `address`(`id`,`country_id`,`area_low_id`,`area_high_id`,`locality_id`,`route_id`) values (425,1,5,100,NULL,NULL);
insert  into `address`(`id`,`country_id`,`area_low_id`,`area_high_id`,`locality_id`,`route_id`) values (426,1,42,101,NULL,NULL);
insert  into `address`(`id`,`country_id`,`area_low_id`,`area_high_id`,`locality_id`,`route_id`) values (427,1,15,97,NULL,33);
insert  into `address`(`id`,`country_id`,`area_low_id`,`area_high_id`,`locality_id`,`route_id`) values (428,1,15,97,NULL,33);
insert  into `address`(`id`,`country_id`,`area_low_id`,`area_high_id`,`locality_id`,`route_id`) values (429,1,3,18,NULL,77);
insert  into `address`(`id`,`country_id`,`area_low_id`,`area_high_id`,`locality_id`,`route_id`) values (430,1,3,NULL,NULL,113);
insert  into `address`(`id`,`country_id`,`area_low_id`,`area_high_id`,`locality_id`,`route_id`) values (431,1,3,NULL,NULL,113);
insert  into `address`(`id`,`country_id`,`area_low_id`,`area_high_id`,`locality_id`,`route_id`) values (432,1,3,18,NULL,77);
insert  into `address`(`id`,`country_id`,`area_low_id`,`area_high_id`,`locality_id`,`route_id`) values (433,1,3,NULL,NULL,113);
insert  into `address`(`id`,`country_id`,`area_low_id`,`area_high_id`,`locality_id`,`route_id`) values (434,1,31,68,NULL,NULL);
insert  into `address`(`id`,`country_id`,`area_low_id`,`area_high_id`,`locality_id`,`route_id`) values (435,1,3,NULL,NULL,112);
insert  into `address`(`id`,`country_id`,`area_low_id`,`area_high_id`,`locality_id`,`route_id`) values (436,1,5,100,NULL,NULL);
insert  into `address`(`id`,`country_id`,`area_low_id`,`area_high_id`,`locality_id`,`route_id`) values (437,1,5,102,NULL,NULL);
insert  into `address`(`id`,`country_id`,`area_low_id`,`area_high_id`,`locality_id`,`route_id`) values (438,1,4,103,NULL,114);
insert  into `address`(`id`,`country_id`,`area_low_id`,`area_high_id`,`locality_id`,`route_id`) values (439,1,3,104,NULL,115);
insert  into `address`(`id`,`country_id`,`area_low_id`,`area_high_id`,`locality_id`,`route_id`) values (440,1,5,102,NULL,112);
insert  into `address`(`id`,`country_id`,`area_low_id`,`area_high_id`,`locality_id`,`route_id`) values (441,1,3,105,37,3);
insert  into `address`(`id`,`country_id`,`area_low_id`,`area_high_id`,`locality_id`,`route_id`) values (442,1,3,86,NULL,14);
insert  into `address`(`id`,`country_id`,`area_low_id`,`area_high_id`,`locality_id`,`route_id`) values (443,1,43,NULL,NULL,116);
insert  into `address`(`id`,`country_id`,`area_low_id`,`area_high_id`,`locality_id`,`route_id`) values (444,1,3,19,NULL,3);
insert  into `address`(`id`,`country_id`,`area_low_id`,`area_high_id`,`locality_id`,`route_id`) values (445,1,3,86,NULL,14);
insert  into `address`(`id`,`country_id`,`area_low_id`,`area_high_id`,`locality_id`,`route_id`) values (446,1,3,NULL,NULL,112);
insert  into `address`(`id`,`country_id`,`area_low_id`,`area_high_id`,`locality_id`,`route_id`) values (447,1,6,29,NULL,NULL);
insert  into `address`(`id`,`country_id`,`area_low_id`,`area_high_id`,`locality_id`,`route_id`) values (448,1,3,86,NULL,117);
insert  into `address`(`id`,`country_id`,`area_low_id`,`area_high_id`,`locality_id`,`route_id`) values (449,1,3,19,38,118);
insert  into `address`(`id`,`country_id`,`area_low_id`,`area_high_id`,`locality_id`,`route_id`) values (450,6,NULL,106,39,119);
insert  into `address`(`id`,`country_id`,`area_low_id`,`area_high_id`,`locality_id`,`route_id`) values (451,6,NULL,106,39,120);
insert  into `address`(`id`,`country_id`,`area_low_id`,`area_high_id`,`locality_id`,`route_id`) values (452,6,NULL,106,39,121);
insert  into `address`(`id`,`country_id`,`area_low_id`,`area_high_id`,`locality_id`,`route_id`) values (453,1,3,18,40,122);
insert  into `address`(`id`,`country_id`,`area_low_id`,`area_high_id`,`locality_id`,`route_id`) values (454,1,3,14,NULL,78);
insert  into `address`(`id`,`country_id`,`area_low_id`,`area_high_id`,`locality_id`,`route_id`) values (455,1,3,63,NULL,112);
insert  into `address`(`id`,`country_id`,`area_low_id`,`area_high_id`,`locality_id`,`route_id`) values (456,1,3,14,NULL,7);
insert  into `address`(`id`,`country_id`,`area_low_id`,`area_high_id`,`locality_id`,`route_id`) values (457,1,3,107,NULL,123);
insert  into `address`(`id`,`country_id`,`area_low_id`,`area_high_id`,`locality_id`,`route_id`) values (458,1,21,108,NULL,NULL);
insert  into `address`(`id`,`country_id`,`area_low_id`,`area_high_id`,`locality_id`,`route_id`) values (459,1,3,25,41,124);
insert  into `address`(`id`,`country_id`,`area_low_id`,`area_high_id`,`locality_id`,`route_id`) values (460,1,3,25,NULL,27);
insert  into `address`(`id`,`country_id`,`area_low_id`,`area_high_id`,`locality_id`,`route_id`) values (461,1,3,86,NULL,117);
insert  into `address`(`id`,`country_id`,`area_low_id`,`area_high_id`,`locality_id`,`route_id`) values (462,1,3,86,42,125);
insert  into `address`(`id`,`country_id`,`area_low_id`,`area_high_id`,`locality_id`,`route_id`) values (463,1,44,109,NULL,NULL);
insert  into `address`(`id`,`country_id`,`area_low_id`,`area_high_id`,`locality_id`,`route_id`) values (464,1,19,98,23,126);
insert  into `address`(`id`,`country_id`,`area_low_id`,`area_high_id`,`locality_id`,`route_id`) values (465,1,3,19,NULL,31);
insert  into `address`(`id`,`country_id`,`area_low_id`,`area_high_id`,`locality_id`,`route_id`) values (466,7,NULL,110,43,127);
insert  into `address`(`id`,`country_id`,`area_low_id`,`area_high_id`,`locality_id`,`route_id`) values (467,1,3,41,NULL,78);
insert  into `address`(`id`,`country_id`,`area_low_id`,`area_high_id`,`locality_id`,`route_id`) values (468,1,3,NULL,NULL,6);
insert  into `address`(`id`,`country_id`,`area_low_id`,`area_high_id`,`locality_id`,`route_id`) values (469,1,3,4,NULL,25);
insert  into `address`(`id`,`country_id`,`area_low_id`,`area_high_id`,`locality_id`,`route_id`) values (470,1,3,14,NULL,78);
insert  into `address`(`id`,`country_id`,`area_low_id`,`area_high_id`,`locality_id`,`route_id`) values (471,1,3,NULL,NULL,14);
insert  into `address`(`id`,`country_id`,`area_low_id`,`area_high_id`,`locality_id`,`route_id`) values (472,1,3,111,NULL,112);
insert  into `address`(`id`,`country_id`,`area_low_id`,`area_high_id`,`locality_id`,`route_id`) values (473,1,19,96,23,128);
insert  into `address`(`id`,`country_id`,`area_low_id`,`area_high_id`,`locality_id`,`route_id`) values (474,1,3,20,11,15);
insert  into `address`(`id`,`country_id`,`area_low_id`,`area_high_id`,`locality_id`,`route_id`) values (475,1,3,16,NULL,77);
insert  into `address`(`id`,`country_id`,`area_low_id`,`area_high_id`,`locality_id`,`route_id`) values (476,1,3,16,9,129);
insert  into `address`(`id`,`country_id`,`area_low_id`,`area_high_id`,`locality_id`,`route_id`) values (477,1,3,19,NULL,3);
insert  into `address`(`id`,`country_id`,`area_low_id`,`area_high_id`,`locality_id`,`route_id`) values (478,1,3,19,NULL,118);
insert  into `address`(`id`,`country_id`,`area_low_id`,`area_high_id`,`locality_id`,`route_id`) values (479,1,3,25,41,130);
insert  into `address`(`id`,`country_id`,`area_low_id`,`area_high_id`,`locality_id`,`route_id`) values (480,1,3,112,44,4);
insert  into `address`(`id`,`country_id`,`area_low_id`,`area_high_id`,`locality_id`,`route_id`) values (481,1,3,9,45,6);
insert  into `address`(`id`,`country_id`,`area_low_id`,`area_high_id`,`locality_id`,`route_id`) values (482,1,3,113,NULL,131);
insert  into `address`(`id`,`country_id`,`area_low_id`,`area_high_id`,`locality_id`,`route_id`) values (483,1,6,NULL,NULL,5);
insert  into `address`(`id`,`country_id`,`area_low_id`,`area_high_id`,`locality_id`,`route_id`) values (484,1,3,63,NULL,112);
insert  into `address`(`id`,`country_id`,`area_low_id`,`area_high_id`,`locality_id`,`route_id`) values (485,1,3,19,NULL,14);
insert  into `address`(`id`,`country_id`,`area_low_id`,`area_high_id`,`locality_id`,`route_id`) values (486,1,3,18,NULL,14);
insert  into `address`(`id`,`country_id`,`area_low_id`,`area_high_id`,`locality_id`,`route_id`) values (487,1,19,96,23,132);
insert  into `address`(`id`,`country_id`,`area_low_id`,`area_high_id`,`locality_id`,`route_id`) values (488,1,3,NULL,NULL,14);
insert  into `address`(`id`,`country_id`,`area_low_id`,`area_high_id`,`locality_id`,`route_id`) values (489,1,15,NULL,NULL,93);
insert  into `address`(`id`,`country_id`,`area_low_id`,`area_high_id`,`locality_id`,`route_id`) values (490,1,15,NULL,NULL,133);
insert  into `address`(`id`,`country_id`,`area_low_id`,`area_high_id`,`locality_id`,`route_id`) values (491,1,3,16,9,134);
insert  into `address`(`id`,`country_id`,`area_low_id`,`area_high_id`,`locality_id`,`route_id`) values (492,1,3,86,NULL,135);
insert  into `address`(`id`,`country_id`,`area_low_id`,`area_high_id`,`locality_id`,`route_id`) values (493,1,3,NULL,NULL,117);
insert  into `address`(`id`,`country_id`,`area_low_id`,`area_high_id`,`locality_id`,`route_id`) values (494,1,19,47,23,136);
insert  into `address`(`id`,`country_id`,`area_low_id`,`area_high_id`,`locality_id`,`route_id`) values (495,1,19,98,23,137);
insert  into `address`(`id`,`country_id`,`area_low_id`,`area_high_id`,`locality_id`,`route_id`) values (496,3,NULL,17,10,138);
insert  into `address`(`id`,`country_id`,`area_low_id`,`area_high_id`,`locality_id`,`route_id`) values (497,3,NULL,17,10,139);
insert  into `address`(`id`,`country_id`,`area_low_id`,`area_high_id`,`locality_id`,`route_id`) values (498,3,NULL,17,10,13);
insert  into `address`(`id`,`country_id`,`area_low_id`,`area_high_id`,`locality_id`,`route_id`) values (499,3,NULL,17,10,139);
insert  into `address`(`id`,`country_id`,`area_low_id`,`area_high_id`,`locality_id`,`route_id`) values (500,1,30,114,NULL,140);
insert  into `address`(`id`,`country_id`,`area_low_id`,`area_high_id`,`locality_id`,`route_id`) values (501,1,24,115,NULL,141);
insert  into `address`(`id`,`country_id`,`area_low_id`,`area_high_id`,`locality_id`,`route_id`) values (502,1,24,57,NULL,58);
insert  into `address`(`id`,`country_id`,`area_low_id`,`area_high_id`,`locality_id`,`route_id`) values (503,1,15,NULL,NULL,133);
insert  into `address`(`id`,`country_id`,`area_low_id`,`area_high_id`,`locality_id`,`route_id`) values (504,1,15,NULL,NULL,133);
insert  into `address`(`id`,`country_id`,`area_low_id`,`area_high_id`,`locality_id`,`route_id`) values (505,1,45,116,NULL,NULL);
insert  into `address`(`id`,`country_id`,`area_low_id`,`area_high_id`,`locality_id`,`route_id`) values (506,1,3,NULL,NULL,115);
insert  into `address`(`id`,`country_id`,`area_low_id`,`area_high_id`,`locality_id`,`route_id`) values (507,1,3,NULL,NULL,113);
insert  into `address`(`id`,`country_id`,`area_low_id`,`area_high_id`,`locality_id`,`route_id`) values (508,1,44,NULL,NULL,142);
insert  into `address`(`id`,`country_id`,`area_low_id`,`area_high_id`,`locality_id`,`route_id`) values (509,1,42,117,NULL,NULL);
insert  into `address`(`id`,`country_id`,`area_low_id`,`area_high_id`,`locality_id`,`route_id`) values (510,1,42,117,NULL,NULL);
insert  into `address`(`id`,`country_id`,`area_low_id`,`area_high_id`,`locality_id`,`route_id`) values (511,1,42,117,NULL,NULL);
insert  into `address`(`id`,`country_id`,`area_low_id`,`area_high_id`,`locality_id`,`route_id`) values (512,1,3,16,9,12);
insert  into `address`(`id`,`country_id`,`area_low_id`,`area_high_id`,`locality_id`,`route_id`) values (513,1,44,118,NULL,118);
insert  into `address`(`id`,`country_id`,`area_low_id`,`area_high_id`,`locality_id`,`route_id`) values (514,1,46,119,NULL,NULL);
insert  into `address`(`id`,`country_id`,`area_low_id`,`area_high_id`,`locality_id`,`route_id`) values (515,1,3,120,NULL,NULL);
insert  into `address`(`id`,`country_id`,`area_low_id`,`area_high_id`,`locality_id`,`route_id`) values (516,1,3,121,46,3);
insert  into `address`(`id`,`country_id`,`area_low_id`,`area_high_id`,`locality_id`,`route_id`) values (517,1,3,NULL,NULL,3);
insert  into `address`(`id`,`country_id`,`area_low_id`,`area_high_id`,`locality_id`,`route_id`) values (518,1,3,111,NULL,27);
insert  into `address`(`id`,`country_id`,`area_low_id`,`area_high_id`,`locality_id`,`route_id`) values (519,1,20,122,NULL,NULL);
insert  into `address`(`id`,`country_id`,`area_low_id`,`area_high_id`,`locality_id`,`route_id`) values (520,1,6,123,NULL,NULL);
insert  into `address`(`id`,`country_id`,`area_low_id`,`area_high_id`,`locality_id`,`route_id`) values (521,1,20,122,NULL,NULL);
insert  into `address`(`id`,`country_id`,`area_low_id`,`area_high_id`,`locality_id`,`route_id`) values (522,1,5,100,NULL,NULL);
insert  into `address`(`id`,`country_id`,`area_low_id`,`area_high_id`,`locality_id`,`route_id`) values (523,1,3,16,NULL,11);
insert  into `address`(`id`,`country_id`,`area_low_id`,`area_high_id`,`locality_id`,`route_id`) values (524,1,44,124,NULL,142);
insert  into `address`(`id`,`country_id`,`area_low_id`,`area_high_id`,`locality_id`,`route_id`) values (525,1,19,98,23,143);
insert  into `address`(`id`,`country_id`,`area_low_id`,`area_high_id`,`locality_id`,`route_id`) values (526,1,19,96,47,144);
insert  into `address`(`id`,`country_id`,`area_low_id`,`area_high_id`,`locality_id`,`route_id`) values (527,1,19,98,23,145);
insert  into `address`(`id`,`country_id`,`area_low_id`,`area_high_id`,`locality_id`,`route_id`) values (528,1,3,3,5,131);
insert  into `address`(`id`,`country_id`,`area_low_id`,`area_high_id`,`locality_id`,`route_id`) values (529,1,3,31,48,146);
insert  into `address`(`id`,`country_id`,`area_low_id`,`area_high_id`,`locality_id`,`route_id`) values (530,1,19,82,23,147);
insert  into `address`(`id`,`country_id`,`area_low_id`,`area_high_id`,`locality_id`,`route_id`) values (531,5,47,125,NULL,148);
insert  into `address`(`id`,`country_id`,`area_low_id`,`area_high_id`,`locality_id`,`route_id`) values (532,5,47,125,NULL,148);
insert  into `address`(`id`,`country_id`,`area_low_id`,`area_high_id`,`locality_id`,`route_id`) values (533,5,48,NULL,49,149);
insert  into `address`(`id`,`country_id`,`area_low_id`,`area_high_id`,`locality_id`,`route_id`) values (534,1,NULL,NULL,NULL,NULL);
insert  into `address`(`id`,`country_id`,`area_low_id`,`area_high_id`,`locality_id`,`route_id`) values (535,5,49,NULL,50,150);
insert  into `address`(`id`,`country_id`,`area_low_id`,`area_high_id`,`locality_id`,`route_id`) values (536,8,50,NULL,51,151);
insert  into `address`(`id`,`country_id`,`area_low_id`,`area_high_id`,`locality_id`,`route_id`) values (537,1,19,42,23,43);
insert  into `address`(`id`,`country_id`,`area_low_id`,`area_high_id`,`locality_id`,`route_id`) values (538,1,3,21,NULL,14);
insert  into `address`(`id`,`country_id`,`area_low_id`,`area_high_id`,`locality_id`,`route_id`) values (539,6,NULL,126,52,NULL);
insert  into `address`(`id`,`country_id`,`area_low_id`,`area_high_id`,`locality_id`,`route_id`) values (540,3,NULL,127,53,152);
insert  into `address`(`id`,`country_id`,`area_low_id`,`area_high_id`,`locality_id`,`route_id`) values (541,1,13,128,NULL,NULL);
insert  into `address`(`id`,`country_id`,`area_low_id`,`area_high_id`,`locality_id`,`route_id`) values (542,1,3,86,NULL,14);
insert  into `address`(`id`,`country_id`,`area_low_id`,`area_high_id`,`locality_id`,`route_id`) values (543,1,51,NULL,NULL,153);
insert  into `address`(`id`,`country_id`,`area_low_id`,`area_high_id`,`locality_id`,`route_id`) values (544,1,19,83,23,154);
insert  into `address`(`id`,`country_id`,`area_low_id`,`area_high_id`,`locality_id`,`route_id`) values (545,1,19,129,23,155);
insert  into `address`(`id`,`country_id`,`area_low_id`,`area_high_id`,`locality_id`,`route_id`) values (546,1,19,98,23,156);
insert  into `address`(`id`,`country_id`,`area_low_id`,`area_high_id`,`locality_id`,`route_id`) values (547,1,22,50,25,157);
insert  into `address`(`id`,`country_id`,`area_low_id`,`area_high_id`,`locality_id`,`route_id`) values (548,1,22,50,25,158);
insert  into `address`(`id`,`country_id`,`area_low_id`,`area_high_id`,`locality_id`,`route_id`) values (549,1,22,50,25,158);
insert  into `address`(`id`,`country_id`,`area_low_id`,`area_high_id`,`locality_id`,`route_id`) values (550,1,22,50,25,159);
insert  into `address`(`id`,`country_id`,`area_low_id`,`area_high_id`,`locality_id`,`route_id`) values (551,1,22,50,25,160);
insert  into `address`(`id`,`country_id`,`area_low_id`,`area_high_id`,`locality_id`,`route_id`) values (552,1,24,NULL,NULL,161);
insert  into `address`(`id`,`country_id`,`area_low_id`,`area_high_id`,`locality_id`,`route_id`) values (553,1,22,50,25,162);
insert  into `address`(`id`,`country_id`,`area_low_id`,`area_high_id`,`locality_id`,`route_id`) values (554,1,22,50,25,163);
insert  into `address`(`id`,`country_id`,`area_low_id`,`area_high_id`,`locality_id`,`route_id`) values (555,1,19,82,23,164);
insert  into `address`(`id`,`country_id`,`area_low_id`,`area_high_id`,`locality_id`,`route_id`) values (556,1,19,129,23,165);
insert  into `address`(`id`,`country_id`,`area_low_id`,`area_high_id`,`locality_id`,`route_id`) values (557,1,19,130,23,166);
insert  into `address`(`id`,`country_id`,`area_low_id`,`area_high_id`,`locality_id`,`route_id`) values (558,1,22,50,25,167);
insert  into `address`(`id`,`country_id`,`area_low_id`,`area_high_id`,`locality_id`,`route_id`) values (559,1,19,82,23,168);
insert  into `address`(`id`,`country_id`,`area_low_id`,`area_high_id`,`locality_id`,`route_id`) values (560,1,22,50,25,169);
insert  into `address`(`id`,`country_id`,`area_low_id`,`area_high_id`,`locality_id`,`route_id`) values (561,1,22,50,25,170);
insert  into `address`(`id`,`country_id`,`area_low_id`,`area_high_id`,`locality_id`,`route_id`) values (562,1,22,50,25,171);
insert  into `address`(`id`,`country_id`,`area_low_id`,`area_high_id`,`locality_id`,`route_id`) values (563,1,22,50,25,172);
insert  into `address`(`id`,`country_id`,`area_low_id`,`area_high_id`,`locality_id`,`route_id`) values (564,1,22,50,25,173);
insert  into `address`(`id`,`country_id`,`area_low_id`,`area_high_id`,`locality_id`,`route_id`) values (565,1,22,50,25,174);
insert  into `address`(`id`,`country_id`,`area_low_id`,`area_high_id`,`locality_id`,`route_id`) values (566,1,22,50,25,175);
insert  into `address`(`id`,`country_id`,`area_low_id`,`area_high_id`,`locality_id`,`route_id`) values (567,1,22,50,25,175);
insert  into `address`(`id`,`country_id`,`area_low_id`,`area_high_id`,`locality_id`,`route_id`) values (568,1,19,129,23,176);
insert  into `address`(`id`,`country_id`,`area_low_id`,`area_high_id`,`locality_id`,`route_id`) values (569,1,19,98,23,177);
insert  into `address`(`id`,`country_id`,`area_low_id`,`area_high_id`,`locality_id`,`route_id`) values (570,1,3,14,NULL,178);
insert  into `address`(`id`,`country_id`,`area_low_id`,`area_high_id`,`locality_id`,`route_id`) values (571,1,3,14,NULL,7);
insert  into `address`(`id`,`country_id`,`area_low_id`,`area_high_id`,`locality_id`,`route_id`) values (572,1,19,98,23,179);
insert  into `address`(`id`,`country_id`,`area_low_id`,`area_high_id`,`locality_id`,`route_id`) values (573,1,3,16,NULL,77);
insert  into `address`(`id`,`country_id`,`area_low_id`,`area_high_id`,`locality_id`,`route_id`) values (574,2,8,NULL,NULL,10);
insert  into `address`(`id`,`country_id`,`area_low_id`,`area_high_id`,`locality_id`,`route_id`) values (575,5,52,NULL,NULL,180);
insert  into `address`(`id`,`country_id`,`area_low_id`,`area_high_id`,`locality_id`,`route_id`) values (576,1,7,15,NULL,9);
insert  into `address`(`id`,`country_id`,`area_low_id`,`area_high_id`,`locality_id`,`route_id`) values (577,1,7,NULL,NULL,9);
insert  into `address`(`id`,`country_id`,`area_low_id`,`area_high_id`,`locality_id`,`route_id`) values (578,1,3,4,NULL,181);
insert  into `address`(`id`,`country_id`,`area_low_id`,`area_high_id`,`locality_id`,`route_id`) values (579,1,3,25,NULL,14);
insert  into `address`(`id`,`country_id`,`area_low_id`,`area_high_id`,`locality_id`,`route_id`) values (580,1,3,20,NULL,15);
insert  into `address`(`id`,`country_id`,`area_low_id`,`area_high_id`,`locality_id`,`route_id`) values (581,9,53,131,NULL,182);
insert  into `address`(`id`,`country_id`,`area_low_id`,`area_high_id`,`locality_id`,`route_id`) values (582,1,3,132,54,26);
insert  into `address`(`id`,`country_id`,`area_low_id`,`area_high_id`,`locality_id`,`route_id`) values (583,1,3,86,NULL,117);
insert  into `address`(`id`,`country_id`,`area_low_id`,`area_high_id`,`locality_id`,`route_id`) values (584,1,3,132,NULL,100);
insert  into `address`(`id`,`country_id`,`area_low_id`,`area_high_id`,`locality_id`,`route_id`) values (585,1,3,25,NULL,NULL);
insert  into `address`(`id`,`country_id`,`area_low_id`,`area_high_id`,`locality_id`,`route_id`) values (586,1,24,NULL,NULL,183);
insert  into `address`(`id`,`country_id`,`area_low_id`,`area_high_id`,`locality_id`,`route_id`) values (587,1,24,NULL,NULL,183);
insert  into `address`(`id`,`country_id`,`area_low_id`,`area_high_id`,`locality_id`,`route_id`) values (588,1,7,15,NULL,9);
insert  into `address`(`id`,`country_id`,`area_low_id`,`area_high_id`,`locality_id`,`route_id`) values (589,1,3,14,NULL,78);
insert  into `address`(`id`,`country_id`,`area_low_id`,`area_high_id`,`locality_id`,`route_id`) values (590,1,22,50,25,175);
insert  into `address`(`id`,`country_id`,`area_low_id`,`area_high_id`,`locality_id`,`route_id`) values (591,1,22,NULL,NULL,48);
insert  into `address`(`id`,`country_id`,`area_low_id`,`area_high_id`,`locality_id`,`route_id`) values (592,1,30,133,NULL,60);
insert  into `address`(`id`,`country_id`,`area_low_id`,`area_high_id`,`locality_id`,`route_id`) values (593,1,3,132,NULL,112);
insert  into `address`(`id`,`country_id`,`area_low_id`,`area_high_id`,`locality_id`,`route_id`) values (594,1,3,104,NULL,115);
insert  into `address`(`id`,`country_id`,`area_low_id`,`area_high_id`,`locality_id`,`route_id`) values (595,1,24,134,NULL,NULL);
insert  into `address`(`id`,`country_id`,`area_low_id`,`area_high_id`,`locality_id`,`route_id`) values (596,1,3,89,NULL,184);
insert  into `address`(`id`,`country_id`,`area_low_id`,`area_high_id`,`locality_id`,`route_id`) values (597,1,3,63,NULL,113);
insert  into `address`(`id`,`country_id`,`area_low_id`,`area_high_id`,`locality_id`,`route_id`) values (598,1,3,NULL,NULL,8);
insert  into `address`(`id`,`country_id`,`area_low_id`,`area_high_id`,`locality_id`,`route_id`) values (599,1,3,25,41,185);
insert  into `address`(`id`,`country_id`,`area_low_id`,`area_high_id`,`locality_id`,`route_id`) values (600,1,3,21,NULL,16);
insert  into `address`(`id`,`country_id`,`area_low_id`,`area_high_id`,`locality_id`,`route_id`) values (601,6,NULL,135,55,186);
insert  into `address`(`id`,`country_id`,`area_low_id`,`area_high_id`,`locality_id`,`route_id`) values (602,1,39,NULL,56,NULL);
insert  into `address`(`id`,`country_id`,`area_low_id`,`area_high_id`,`locality_id`,`route_id`) values (603,1,5,22,NULL,1);
insert  into `address`(`id`,`country_id`,`area_low_id`,`area_high_id`,`locality_id`,`route_id`) values (604,1,3,136,57,187);
insert  into `address`(`id`,`country_id`,`area_low_id`,`area_high_id`,`locality_id`,`route_id`) values (605,1,5,22,NULL,1);
insert  into `address`(`id`,`country_id`,`area_low_id`,`area_high_id`,`locality_id`,`route_id`) values (606,1,44,137,58,188);
insert  into `address`(`id`,`country_id`,`area_low_id`,`area_high_id`,`locality_id`,`route_id`) values (607,1,3,18,NULL,14);
insert  into `address`(`id`,`country_id`,`area_low_id`,`area_high_id`,`locality_id`,`route_id`) values (608,1,3,7,NULL,189);
insert  into `address`(`id`,`country_id`,`area_low_id`,`area_high_id`,`locality_id`,`route_id`) values (609,1,3,14,NULL,78);
insert  into `address`(`id`,`country_id`,`area_low_id`,`area_high_id`,`locality_id`,`route_id`) values (610,1,3,7,NULL,190);
insert  into `address`(`id`,`country_id`,`area_low_id`,`area_high_id`,`locality_id`,`route_id`) values (611,1,19,96,23,191);
insert  into `address`(`id`,`country_id`,`area_low_id`,`area_high_id`,`locality_id`,`route_id`) values (612,5,54,138,59,192);
insert  into `address`(`id`,`country_id`,`area_low_id`,`area_high_id`,`locality_id`,`route_id`) values (613,1,55,139,NULL,NULL);
insert  into `address`(`id`,`country_id`,`area_low_id`,`area_high_id`,`locality_id`,`route_id`) values (614,1,3,86,NULL,117);
insert  into `address`(`id`,`country_id`,`area_low_id`,`area_high_id`,`locality_id`,`route_id`) values (615,1,3,14,NULL,7);
insert  into `address`(`id`,`country_id`,`area_low_id`,`area_high_id`,`locality_id`,`route_id`) values (616,1,3,21,NULL,16);
insert  into `address`(`id`,`country_id`,`area_low_id`,`area_high_id`,`locality_id`,`route_id`) values (617,1,3,14,NULL,7);
insert  into `address`(`id`,`country_id`,`area_low_id`,`area_high_id`,`locality_id`,`route_id`) values (618,1,3,14,NULL,7);
insert  into `address`(`id`,`country_id`,`area_low_id`,`area_high_id`,`locality_id`,`route_id`) values (619,1,3,14,NULL,7);
insert  into `address`(`id`,`country_id`,`area_low_id`,`area_high_id`,`locality_id`,`route_id`) values (620,1,3,14,NULL,7);
insert  into `address`(`id`,`country_id`,`area_low_id`,`area_high_id`,`locality_id`,`route_id`) values (621,1,3,132,NULL,106);
insert  into `address`(`id`,`country_id`,`area_low_id`,`area_high_id`,`locality_id`,`route_id`) values (622,1,3,21,NULL,16);
insert  into `address`(`id`,`country_id`,`area_low_id`,`area_high_id`,`locality_id`,`route_id`) values (623,1,3,32,NULL,28);
insert  into `address`(`id`,`country_id`,`area_low_id`,`area_high_id`,`locality_id`,`route_id`) values (624,1,3,140,NULL,131);
insert  into `address`(`id`,`country_id`,`area_low_id`,`area_high_id`,`locality_id`,`route_id`) values (625,1,3,132,NULL,112);
insert  into `address`(`id`,`country_id`,`area_low_id`,`area_high_id`,`locality_id`,`route_id`) values (626,1,3,7,NULL,6);
insert  into `address`(`id`,`country_id`,`area_low_id`,`area_high_id`,`locality_id`,`route_id`) values (627,1,31,141,NULL,NULL);
insert  into `address`(`id`,`country_id`,`area_low_id`,`area_high_id`,`locality_id`,`route_id`) values (628,1,3,16,60,77);
insert  into `address`(`id`,`country_id`,`area_low_id`,`area_high_id`,`locality_id`,`route_id`) values (629,1,3,16,NULL,77);
insert  into `address`(`id`,`country_id`,`area_low_id`,`area_high_id`,`locality_id`,`route_id`) values (630,1,6,27,NULL,5);
insert  into `address`(`id`,`country_id`,`area_low_id`,`area_high_id`,`locality_id`,`route_id`) values (631,1,6,NULL,NULL,5);
insert  into `address`(`id`,`country_id`,`area_low_id`,`area_high_id`,`locality_id`,`route_id`) values (632,1,3,14,NULL,178);
insert  into `address`(`id`,`country_id`,`area_low_id`,`area_high_id`,`locality_id`,`route_id`) values (633,1,3,7,NULL,6);
insert  into `address`(`id`,`country_id`,`area_low_id`,`area_high_id`,`locality_id`,`route_id`) values (634,1,3,113,NULL,193);
insert  into `address`(`id`,`country_id`,`area_low_id`,`area_high_id`,`locality_id`,`route_id`) values (635,1,3,142,61,194);
insert  into `address`(`id`,`country_id`,`area_low_id`,`area_high_id`,`locality_id`,`route_id`) values (636,1,19,98,23,195);
insert  into `address`(`id`,`country_id`,`area_low_id`,`area_high_id`,`locality_id`,`route_id`) values (637,1,3,13,8,4);
insert  into `address`(`id`,`country_id`,`area_low_id`,`area_high_id`,`locality_id`,`route_id`) values (638,1,5,22,NULL,NULL);
insert  into `address`(`id`,`country_id`,`area_low_id`,`area_high_id`,`locality_id`,`route_id`) values (639,1,5,6,NULL,15);
insert  into `address`(`id`,`country_id`,`area_low_id`,`area_high_id`,`locality_id`,`route_id`) values (640,1,5,22,NULL,77);
insert  into `address`(`id`,`country_id`,`area_low_id`,`area_high_id`,`locality_id`,`route_id`) values (641,1,5,6,NULL,77);
insert  into `address`(`id`,`country_id`,`area_low_id`,`area_high_id`,`locality_id`,`route_id`) values (642,1,5,146,64,15);
insert  into `address`(`id`,`country_id`,`area_low_id`,`area_high_id`,`locality_id`,`route_id`) values (643,1,5,102,NULL,112);
insert  into `address`(`id`,`country_id`,`area_low_id`,`area_high_id`,`locality_id`,`route_id`) values (644,1,6,NULL,NULL,NULL);
insert  into `address`(`id`,`country_id`,`area_low_id`,`area_high_id`,`locality_id`,`route_id`) values (645,1,3,33,17,196);
insert  into `address`(`id`,`country_id`,`area_low_id`,`area_high_id`,`locality_id`,`route_id`) values (646,1,3,33,17,197);
insert  into `address`(`id`,`country_id`,`area_low_id`,`area_high_id`,`locality_id`,`route_id`) values (647,1,5,102,NULL,112);
insert  into `address`(`id`,`country_id`,`area_low_id`,`area_high_id`,`locality_id`,`route_id`) values (648,1,5,6,NULL,NULL);
insert  into `address`(`id`,`country_id`,`area_low_id`,`area_high_id`,`locality_id`,`route_id`) values (649,1,5,102,NULL,15);
insert  into `address`(`id`,`country_id`,`area_low_id`,`area_high_id`,`locality_id`,`route_id`) values (650,1,3,147,65,198);
insert  into `address`(`id`,`country_id`,`area_low_id`,`area_high_id`,`locality_id`,`route_id`) values (651,1,3,147,65,198);
insert  into `address`(`id`,`country_id`,`area_low_id`,`area_high_id`,`locality_id`,`route_id`) values (652,1,5,148,64,NULL);
insert  into `address`(`id`,`country_id`,`area_low_id`,`area_high_id`,`locality_id`,`route_id`) values (653,1,5,22,NULL,1);
insert  into `address`(`id`,`country_id`,`area_low_id`,`area_high_id`,`locality_id`,`route_id`) values (654,1,5,22,NULL,77);
insert  into `address`(`id`,`country_id`,`area_low_id`,`area_high_id`,`locality_id`,`route_id`) values (655,1,19,98,23,199);
insert  into `address`(`id`,`country_id`,`area_low_id`,`area_high_id`,`locality_id`,`route_id`) values (656,1,3,25,NULL,27);
insert  into `address`(`id`,`country_id`,`area_low_id`,`area_high_id`,`locality_id`,`route_id`) values (657,1,22,149,NULL,48);
insert  into `address`(`id`,`country_id`,`area_low_id`,`area_high_id`,`locality_id`,`route_id`) values (658,1,5,NULL,NULL,200);
insert  into `address`(`id`,`country_id`,`area_low_id`,`area_high_id`,`locality_id`,`route_id`) values (659,1,35,NULL,NULL,97);
insert  into `address`(`id`,`country_id`,`area_low_id`,`area_high_id`,`locality_id`,`route_id`) values (660,1,22,NULL,NULL,48);
insert  into `address`(`id`,`country_id`,`area_low_id`,`area_high_id`,`locality_id`,`route_id`) values (661,5,56,NULL,NULL,201);
insert  into `address`(`id`,`country_id`,`area_low_id`,`area_high_id`,`locality_id`,`route_id`) values (662,5,47,150,NULL,202);
insert  into `address`(`id`,`country_id`,`area_low_id`,`area_high_id`,`locality_id`,`route_id`) values (663,1,35,NULL,NULL,97);
insert  into `address`(`id`,`country_id`,`area_low_id`,`area_high_id`,`locality_id`,`route_id`) values (664,1,22,151,NULL,203);
insert  into `address`(`id`,`country_id`,`area_low_id`,`area_high_id`,`locality_id`,`route_id`) values (665,1,22,50,66,204);
insert  into `address`(`id`,`country_id`,`area_low_id`,`area_high_id`,`locality_id`,`route_id`) values (666,1,22,50,66,205);
insert  into `address`(`id`,`country_id`,`area_low_id`,`area_high_id`,`locality_id`,`route_id`) values (667,1,22,50,67,206);
insert  into `address`(`id`,`country_id`,`area_low_id`,`area_high_id`,`locality_id`,`route_id`) values (668,1,22,50,67,206);
insert  into `address`(`id`,`country_id`,`area_low_id`,`area_high_id`,`locality_id`,`route_id`) values (669,5,57,152,59,207);
insert  into `address`(`id`,`country_id`,`area_low_id`,`area_high_id`,`locality_id`,`route_id`) values (670,1,35,NULL,NULL,97);
insert  into `address`(`id`,`country_id`,`area_low_id`,`area_high_id`,`locality_id`,`route_id`) values (671,5,58,153,NULL,208);
insert  into `address`(`id`,`country_id`,`area_low_id`,`area_high_id`,`locality_id`,`route_id`) values (672,5,58,153,NULL,209);
insert  into `address`(`id`,`country_id`,`area_low_id`,`area_high_id`,`locality_id`,`route_id`) values (673,5,58,153,NULL,209);
insert  into `address`(`id`,`country_id`,`area_low_id`,`area_high_id`,`locality_id`,`route_id`) values (674,5,58,153,NULL,209);
insert  into `address`(`id`,`country_id`,`area_low_id`,`area_high_id`,`locality_id`,`route_id`) values (675,5,58,153,NULL,209);
insert  into `address`(`id`,`country_id`,`area_low_id`,`area_high_id`,`locality_id`,`route_id`) values (676,1,22,NULL,NULL,48);
insert  into `address`(`id`,`country_id`,`area_low_id`,`area_high_id`,`locality_id`,`route_id`) values (677,5,56,NULL,NULL,201);
insert  into `address`(`id`,`country_id`,`area_low_id`,`area_high_id`,`locality_id`,`route_id`) values (678,5,47,150,NULL,202);
insert  into `address`(`id`,`country_id`,`area_low_id`,`area_high_id`,`locality_id`,`route_id`) values (679,1,35,NULL,NULL,97);
insert  into `address`(`id`,`country_id`,`area_low_id`,`area_high_id`,`locality_id`,`route_id`) values (680,1,22,151,NULL,203);
insert  into `address`(`id`,`country_id`,`area_low_id`,`area_high_id`,`locality_id`,`route_id`) values (681,1,22,50,66,204);
insert  into `address`(`id`,`country_id`,`area_low_id`,`area_high_id`,`locality_id`,`route_id`) values (682,1,22,50,66,205);
insert  into `address`(`id`,`country_id`,`area_low_id`,`area_high_id`,`locality_id`,`route_id`) values (683,1,22,50,67,206);
insert  into `address`(`id`,`country_id`,`area_low_id`,`area_high_id`,`locality_id`,`route_id`) values (684,1,22,50,67,206);
insert  into `address`(`id`,`country_id`,`area_low_id`,`area_high_id`,`locality_id`,`route_id`) values (685,5,57,152,59,207);
insert  into `address`(`id`,`country_id`,`area_low_id`,`area_high_id`,`locality_id`,`route_id`) values (686,1,35,NULL,NULL,97);
insert  into `address`(`id`,`country_id`,`area_low_id`,`area_high_id`,`locality_id`,`route_id`) values (687,5,58,153,NULL,208);
insert  into `address`(`id`,`country_id`,`area_low_id`,`area_high_id`,`locality_id`,`route_id`) values (688,5,58,153,NULL,209);
insert  into `address`(`id`,`country_id`,`area_low_id`,`area_high_id`,`locality_id`,`route_id`) values (689,5,58,153,NULL,209);
insert  into `address`(`id`,`country_id`,`area_low_id`,`area_high_id`,`locality_id`,`route_id`) values (690,5,58,153,NULL,209);
insert  into `address`(`id`,`country_id`,`area_low_id`,`area_high_id`,`locality_id`,`route_id`) values (691,5,58,153,NULL,209);
insert  into `address`(`id`,`country_id`,`area_low_id`,`area_high_id`,`locality_id`,`route_id`) values (692,1,39,154,NULL,NULL);
insert  into `address`(`id`,`country_id`,`area_low_id`,`area_high_id`,`locality_id`,`route_id`) values (693,1,59,155,68,210);
insert  into `address`(`id`,`country_id`,`area_low_id`,`area_high_id`,`locality_id`,`route_id`) values (694,4,9,156,NULL,NULL);
insert  into `address`(`id`,`country_id`,`area_low_id`,`area_high_id`,`locality_id`,`route_id`) values (695,4,9,156,NULL,NULL);
insert  into `address`(`id`,`country_id`,`area_low_id`,`area_high_id`,`locality_id`,`route_id`) values (696,1,NULL,NULL,NULL,NULL);
insert  into `address`(`id`,`country_id`,`area_low_id`,`area_high_id`,`locality_id`,`route_id`) values (697,1,5,102,NULL,NULL);
insert  into `address`(`id`,`country_id`,`area_low_id`,`area_high_id`,`locality_id`,`route_id`) values (698,1,3,136,57,187);
insert  into `address`(`id`,`country_id`,`area_low_id`,`area_high_id`,`locality_id`,`route_id`) values (699,1,3,NULL,NULL,27);
insert  into `address`(`id`,`country_id`,`area_low_id`,`area_high_id`,`locality_id`,`route_id`) values (700,1,20,45,NULL,NULL);
insert  into `address`(`id`,`country_id`,`area_low_id`,`area_high_id`,`locality_id`,`route_id`) values (701,1,22,50,25,211);
insert  into `address`(`id`,`country_id`,`area_low_id`,`area_high_id`,`locality_id`,`route_id`) values (702,1,3,19,NULL,3);
insert  into `address`(`id`,`country_id`,`area_low_id`,`area_high_id`,`locality_id`,`route_id`) values (703,1,12,NULL,69,NULL);
insert  into `address`(`id`,`country_id`,`area_low_id`,`area_high_id`,`locality_id`,`route_id`) values (704,1,3,24,12,212);
insert  into `address`(`id`,`country_id`,`area_low_id`,`area_high_id`,`locality_id`,`route_id`) values (705,1,6,123,NULL,NULL);
insert  into `address`(`id`,`country_id`,`area_low_id`,`area_high_id`,`locality_id`,`route_id`) values (706,1,3,136,57,187);

/*Table structure for table `area_high` */

DROP TABLE IF EXISTS `area_high`;

CREATE TABLE `area_high` (
  `id` int(11) NOT NULL AUTO_INCREMENT,
  `name` varchar(255) NOT NULL,
  `area_low_id` int(11) DEFAULT NULL,
  PRIMARY KEY (`id`),
  UNIQUE KEY `name` (`name`),
  KEY `area_low_id_idx` (`area_low_id`),
  CONSTRAINT `area_high_area_low_id_area_low_id` FOREIGN KEY (`area_low_id`) REFERENCES `area_low` (`id`)
) ENGINE=InnoDB AUTO_INCREMENT=157 DEFAULT CHARSET=cp1251;

/*Data for the table `area_high` */

insert  into `area_high`(`id`,`name`,`area_low_id`) values (1,' -',1);
insert  into `area_high`(`id`,`name`,`area_low_id`) values (2,' -',2);
insert  into `area_high`(`id`,`name`,`area_low_id`) values (3,'   ',3);
insert  into `area_high`(`id`,`name`,`area_low_id`) values (4,' ',3);
insert  into `area_high`(`id`,`name`,`area_low_id`) values (5,' ',4);
insert  into `area_high`(`id`,`name`,`area_low_id`) values (6,' ',5);
insert  into `area_high`(`id`,`name`,`area_low_id`) values (7,' ',3);
insert  into `area_high`(`id`,`name`,`area_low_id`) values (8,' ',3);
insert  into `area_high`(`id`,`name`,`area_low_id`) values (9,' ',3);
insert  into `area_high`(`id`,`name`,`area_low_id`) values (10,' ',5);
insert  into `area_high`(`id`,`name`,`area_low_id`) values (11,' ',5);
insert  into `area_high`(`id`,`name`,`area_low_id`) values (12,' ',3);
insert  into `area_high`(`id`,`name`,`area_low_id`) values (13,' ',3);
insert  into `area_high`(`id`,`name`,`area_low_id`) values (14,' ',3);
insert  into `area_high`(`id`,`name`,`area_low_id`) values (15,' ',7);
insert  into `area_high`(`id`,`name`,`area_low_id`) values (16,' ',3);
insert  into `area_high`(`id`,`name`,`area_low_id`) values (17,'',NULL);
insert  into `area_high`(`id`,`name`,`area_low_id`) values (18,' ',3);
insert  into `area_high`(`id`,`name`,`area_low_id`) values (19,' ',3);
insert  into `area_high`(`id`,`name`,`area_low_id`) values (20,'- ',3);
insert  into `area_high`(`id`,`name`,`area_low_id`) values (21,' ',3);
insert  into `area_high`(`id`,`name`,`area_low_id`) values (22,' ',5);
insert  into `area_high`(`id`,`name`,`area_low_id`) values (23,' ',9);
insert  into `area_high`(`id`,`name`,`area_low_id`) values (24,'   ',3);
insert  into `area_high`(`id`,`name`,`area_low_id`) values (25,'   ',3);
insert  into `area_high`(`id`,`name`,`area_low_id`) values (26,' ',10);
insert  into `area_high`(`id`,`name`,`area_low_id`) values (27,' ',6);
insert  into `area_high`(`id`,`name`,`area_low_id`) values (28,' . ',11);
insert  into `area_high`(`id`,`name`,`area_low_id`) values (29,' ',6);
insert  into `area_high`(`id`,`name`,`area_low_id`) values (30,' ',14);
insert  into `area_high`(`id`,`name`,`area_low_id`) values (31,' ',3);
insert  into `area_high`(`id`,`name`,`area_low_id`) values (32,'- ',3);
insert  into `area_high`(`id`,`name`,`area_low_id`) values (33,'   ',3);
insert  into `area_high`(`id`,`name`,`area_low_id`) values (34,' ',15);
insert  into `area_high`(`id`,`name`,`area_low_id`) values (35,'-',16);
insert  into `area_high`(`id`,`name`,`area_low_id`) values (36,' ',13);
insert  into `area_high`(`id`,`name`,`area_low_id`) values (37,' ',NULL);
insert  into `area_high`(`id`,`name`,`area_low_id`) values (38,'Enbekshilder',17);
insert  into `area_high`(`id`,`name`,`area_low_id`) values (39,'',18);
insert  into `area_high`(`id`,`name`,`area_low_id`) values (40,' . ',11);
insert  into `area_high`(`id`,`name`,`area_low_id`) values (41,' ',3);
insert  into `area_high`(`id`,`name`,`area_low_id`) values (42,' ',19);
insert  into `area_high`(`id`,`name`,`area_low_id`) values (43,'   ',3);
insert  into `area_high`(`id`,`name`,`area_low_id`) values (44,'- ',3);
insert  into `area_high`(`id`,`name`,`area_low_id`) values (45,' ',20);
insert  into `area_high`(`id`,`name`,`area_low_id`) values (46,' ',21);
insert  into `area_high`(`id`,`name`,`area_low_id`) values (47,' -',19);
insert  into `area_high`(`id`,`name`,`area_low_id`) values (48,' ',23);
insert  into `area_high`(`id`,`name`,`area_low_id`) values (49,' ',24);
insert  into `area_high`(`id`,`name`,`area_low_id`) values (50,'   ',22);
insert  into `area_high`(`id`,`name`,`area_low_id`) values (51,' ',25);
insert  into `area_high`(`id`,`name`,`area_low_id`) values (52,'',25);
insert  into `area_high`(`id`,`name`,`area_low_id`) values (53,' ',26);
insert  into `area_high`(`id`,`name`,`area_low_id`) values (54,' ',27);
insert  into `area_high`(`id`,`name`,`area_low_id`) values (55,'Lapland',NULL);
insert  into `area_high`(`id`,`name`,`area_low_id`) values (56,'',28);
insert  into `area_high`(`id`,`name`,`area_low_id`) values (57,' ',24);
insert  into `area_high`(`id`,`name`,`area_low_id`) values (58,' ',29);
insert  into `area_high`(`id`,`name`,`area_low_id`) values (59,' ',30);
insert  into `area_high`(`id`,`name`,`area_low_id`) values (60,'   ',24);
insert  into `area_high`(`id`,`name`,`area_low_id`) values (61,' ',20);
insert  into `area_high`(`id`,`name`,`area_low_id`) values (62,' ',22);
insert  into `area_high`(`id`,`name`,`area_low_id`) values (63,' ',3);
insert  into `area_high`(`id`,`name`,`area_low_id`) values (64,' . ',11);
insert  into `area_high`(`id`,`name`,`area_low_id`) values (65,' ',19);
insert  into `area_high`(`id`,`name`,`area_low_id`) values (66,' . ',11);
insert  into `area_high`(`id`,`name`,`area_low_id`) values (67,' . ',11);
insert  into `area_high`(`id`,`name`,`area_low_id`) values (68,' ',31);
insert  into `area_high`(`id`,`name`,`area_low_id`) values (69,'',32);
insert  into `area_high`(`id`,`name`,`area_low_id`) values (70,' . ',11);
insert  into `area_high`(`id`,`name`,`area_low_id`) values (71,' ',23);
insert  into `area_high`(`id`,`name`,`area_low_id`) values (72,' ',22);
insert  into `area_high`(`id`,`name`,`area_low_id`) values (73,' ',7);
insert  into `area_high`(`id`,`name`,`area_low_id`) values (74,'',34);
insert  into `area_high`(`id`,`name`,`area_low_id`) values (75,' ',35);
insert  into `area_high`(`id`,`name`,`area_low_id`) values (76,' ',22);
insert  into `area_high`(`id`,`name`,`area_low_id`) values (77,' ',37);
insert  into `area_high`(`id`,`name`,`area_low_id`) values (78,'- ',23);
insert  into `area_high`(`id`,`name`,`area_low_id`) values (79,' ',23);
insert  into `area_high`(`id`,`name`,`area_low_id`) values (80,' ',25);
insert  into `area_high`(`id`,`name`,`area_low_id`) values (81,' ',25);
insert  into `area_high`(`id`,`name`,`area_low_id`) values (82,' ',19);
insert  into `area_high`(`id`,`name`,`area_low_id`) values (83,' ',19);
insert  into `area_high`(`id`,`name`,`area_low_id`) values (84,' ',23);
insert  into `area_high`(`id`,`name`,`area_low_id`) values (85,'- ',3);
insert  into `area_high`(`id`,`name`,`area_low_id`) values (86,' ',3);
insert  into `area_high`(`id`,`name`,`area_low_id`) values (87,' ',31);
insert  into `area_high`(`id`,`name`,`area_low_id`) values (88,' ',39);
insert  into `area_high`(`id`,`name`,`area_low_id`) values (89,'   ',3);
insert  into `area_high`(`id`,`name`,`area_low_id`) values (90,' ',40);
insert  into `area_high`(`id`,`name`,`area_low_id`) values (91,' ',21);
insert  into `area_high`(`id`,`name`,`area_low_id`) values (92,' ',6);
insert  into `area_high`(`id`,`name`,`area_low_id`) values (93,' ',41);
insert  into `area_high`(`id`,`name`,`area_low_id`) values (94,' ',21);
insert  into `area_high`(`id`,`name`,`area_low_id`) values (95,' ',3);
insert  into `area_high`(`id`,`name`,`area_low_id`) values (96,' -',19);
insert  into `area_high`(`id`,`name`,`area_low_id`) values (97,' ',15);
insert  into `area_high`(`id`,`name`,`area_low_id`) values (98,' -',19);
insert  into `area_high`(`id`,`name`,`area_low_id`) values (99,' ',3);
insert  into `area_high`(`id`,`name`,`area_low_id`) values (100,' ',5);
insert  into `area_high`(`id`,`name`,`area_low_id`) values (101,' ',42);
insert  into `area_high`(`id`,`name`,`area_low_id`) values (102,' ',5);
insert  into `area_high`(`id`,`name`,`area_low_id`) values (103,' ',4);
insert  into `area_high`(`id`,`name`,`area_low_id`) values (104,' ',3);
insert  into `area_high`(`id`,`name`,`area_low_id`) values (105,' ',3);
insert  into `area_high`(`id`,`name`,`area_low_id`) values (106,'Kymenlaakso',NULL);
insert  into `area_high`(`id`,`name`,`area_low_id`) values (107,' ',3);
insert  into `area_high`(`id`,`name`,`area_low_id`) values (108,'- ',21);
insert  into `area_high`(`id`,`name`,`area_low_id`) values (109,' ',44);
insert  into `area_high`(`id`,`name`,`area_low_id`) values (110,'L??ne-Virumaa',NULL);
insert  into `area_high`(`id`,`name`,`area_low_id`) values (111,' ',3);
insert  into `area_high`(`id`,`name`,`area_low_id`) values (112,'   ',3);
insert  into `area_high`(`id`,`name`,`area_low_id`) values (113,' ',3);
insert  into `area_high`(`id`,`name`,`area_low_id`) values (114,' ',30);
insert  into `area_high`(`id`,`name`,`area_low_id`) values (115,' ',24);
insert  into `area_high`(`id`,`name`,`area_low_id`) values (116,' ',45);
insert  into `area_high`(`id`,`name`,`area_low_id`) values (117,' ',42);
insert  into `area_high`(`id`,`name`,`area_low_id`) values (118,' ',44);
insert  into `area_high`(`id`,`name`,`area_low_id`) values (119,' ',46);
insert  into `area_high`(`id`,`name`,`area_low_id`) values (120,' ',3);
insert  into `area_high`(`id`,`name`,`area_low_id`) values (121,' ',3);
insert  into `area_high`(`id`,`name`,`area_low_id`) values (122,' ',20);
insert  into `area_high`(`id`,`name`,`area_low_id`) values (123,' ',6);
insert  into `area_high`(`id`,`name`,`area_low_id`) values (124,' ',44);
insert  into `area_high`(`id`,`name`,`area_low_id`) values (125,'',47);
insert  into `area_high`(`id`,`name`,`area_low_id`) values (126,'?land',NULL);
insert  into `area_high`(`id`,`name`,`area_low_id`) values (127,'Aizkraukles District',NULL);
insert  into `area_high`(`id`,`name`,`area_low_id`) values (128,'- ',13);
insert  into `area_high`(`id`,`name`,`area_low_id`) values (129,' ',19);
insert  into `area_high`(`id`,`name`,`area_low_id`) values (130,' -',19);
insert  into `area_high`(`id`,`name`,`area_low_id`) values (131,'',53);
insert  into `area_high`(`id`,`name`,`area_low_id`) values (132,'- ',3);
insert  into `area_high`(`id`,`name`,`area_low_id`) values (133,' ',30);
insert  into `area_high`(`id`,`name`,`area_low_id`) values (134,' ',24);
insert  into `area_high`(`id`,`name`,`area_low_id`) values (135,'',NULL);
insert  into `area_high`(`id`,`name`,`area_low_id`) values (136,'   ',3);
insert  into `area_high`(`id`,`name`,`area_low_id`) values (137,'   ',44);
insert  into `area_high`(`id`,`name`,`area_low_id`) values (138,'',54);
insert  into `area_high`(`id`,`name`,`area_low_id`) values (139,' ',55);
insert  into `area_high`(`id`,`name`,`area_low_id`) values (140,'   ',3);
insert  into `area_high`(`id`,`name`,`area_low_id`) values (141,' ',31);
insert  into `area_high`(`id`,`name`,`area_low_id`) values (142,'   ',3);
insert  into `area_high`(`id`,`name`,`area_low_id`) values (146,'   ',5);
insert  into `area_high`(`id`,`name`,`area_low_id`) values (147,' ',3);
insert  into `area_high`(`id`,`name`,`area_low_id`) values (148,' ',5);
insert  into `area_high`(`id`,`name`,`area_low_id`) values (149,' ',22);
insert  into `area_high`(`id`,`name`,`area_low_id`) values (150,' ',47);
insert  into `area_high`(`id`,`name`,`area_low_id`) values (151,' ',22);
insert  into `area_high`(`id`,`name`,`area_low_id`) values (152,' ',57);
insert  into `area_high`(`id`,`name`,`area_low_id`) values (153,'- ',58);
insert  into `area_high`(`id`,`name`,`area_low_id`) values (154,' ',39);
insert  into `area_high`(`id`,`name`,`area_low_id`) values (155,' ',59);
insert  into `area_high`(`id`,`name`,`area_low_id`) values (156,' ',9);

/*Table structure for table `area_low` */

DROP TABLE IF EXISTS `area_low`;

CREATE TABLE `area_low` (
  `id` int(11) NOT NULL AUTO_INCREMENT,
  `name` varchar(255) NOT NULL,
  `country_id` int(11) DEFAULT NULL,
  PRIMARY KEY (`id`),
  UNIQUE KEY `name` (`name`),
  KEY `country_id_idx` (`country_id`),
  CONSTRAINT `area_low_country_id_country_id` FOREIGN KEY (`country_id`) REFERENCES `country` (`id`)
) ENGINE=InnoDB AUTO_INCREMENT=60 DEFAULT CHARSET=cp1251;

/*Data for the table `area_low` */

insert  into `area_low`(`id`,`name`,`country_id`) values (1,' ',1);
insert  into `area_low`(`id`,`name`,`country_id`) values (2,' ',1);
insert  into `area_low`(`id`,`name`,`country_id`) values (3,' ',1);
insert  into `area_low`(`id`,`name`,`country_id`) values (4,' ',1);
insert  into `area_low`(`id`,`name`,`country_id`) values (5,' ',1);
insert  into `area_low`(`id`,`name`,`country_id`) values (6,' ',1);
insert  into `area_low`(`id`,`name`,`country_id`) values (7,' ',1);
insert  into `area_low`(`id`,`name`,`country_id`) values (8,' ',2);
insert  into `area_low`(`id`,`name`,`country_id`) values (9,' ',4);
insert  into `area_low`(`id`,`name`,`country_id`) values (10,' ',1);
insert  into `area_low`(`id`,`name`,`country_id`) values (11,' -',1);
insert  into `area_low`(`id`,`name`,`country_id`) values (12,' ',1);
insert  into `area_low`(`id`,`name`,`country_id`) values (13,' ',1);
insert  into `area_low`(`id`,`name`,`country_id`) values (14,' ',1);
insert  into `area_low`(`id`,`name`,`country_id`) values (15,' ',1);
insert  into `area_low`(`id`,`name`,`country_id`) values (16,' ',5);
insert  into `area_low`(`id`,`name`,`country_id`) values (17,' ',4);
insert  into `area_low`(`id`,`name`,`country_id`) values (18,' ',4);
insert  into `area_low`(`id`,`name`,`country_id`) values (19,'',1);
insert  into `area_low`(`id`,`name`,`country_id`) values (20,' ',1);
insert  into `area_low`(`id`,`name`,`country_id`) values (21,' ',1);
insert  into `area_low`(`id`,`name`,`country_id`) values (22,' ',1);
insert  into `area_low`(`id`,`name`,`country_id`) values (23,' ',1);
insert  into `area_low`(`id`,`name`,`country_id`) values (24,' ',1);
insert  into `area_low`(`id`,`name`,`country_id`) values (25,' ',1);
insert  into `area_low`(`id`,`name`,`country_id`) values (26,' ',1);
insert  into `area_low`(`id`,`name`,`country_id`) values (27,' ',1);
insert  into `area_low`(`id`,`name`,`country_id`) values (28,' ',5);
insert  into `area_low`(`id`,`name`,`country_id`) values (29,' ',1);
insert  into `area_low`(`id`,`name`,`country_id`) values (30,' ',1);
insert  into `area_low`(`id`,`name`,`country_id`) values (31,' ',1);
insert  into `area_low`(`id`,`name`,`country_id`) values (32,' ',5);
insert  into `area_low`(`id`,`name`,`country_id`) values (33,' ',1);
insert  into `area_low`(`id`,`name`,`country_id`) values (34,' ',5);
insert  into `area_low`(`id`,`name`,`country_id`) values (35,' ',1);
insert  into `area_low`(`id`,`name`,`country_id`) values (36,' ',1);
insert  into `area_low`(`id`,`name`,`country_id`) values (37,' ',1);
insert  into `area_low`(`id`,`name`,`country_id`) values (38,' ',1);
insert  into `area_low`(`id`,`name`,`country_id`) values (39,' ',1);
insert  into `area_low`(`id`,`name`,`country_id`) values (40,' ',1);
insert  into `area_low`(`id`,`name`,`country_id`) values (41,' ',1);
insert  into `area_low`(`id`,`name`,`country_id`) values (42,' ',1);
insert  into `area_low`(`id`,`name`,`country_id`) values (43,' ',1);
insert  into `area_low`(`id`,`name`,`country_id`) values (44,' ',1);
insert  into `area_low`(`id`,`name`,`country_id`) values (45,' ',1);
insert  into `area_low`(`id`,`name`,`country_id`) values (46,' ',1);
insert  into `area_low`(`id`,`name`,`country_id`) values (47,' ',5);
insert  into `area_low`(`id`,`name`,`country_id`) values (48,' ',5);
insert  into `area_low`(`id`,`name`,`country_id`) values (49,' P ',5);
insert  into `area_low`(`id`,`name`,`country_id`) values (50,'Maputo City',8);
insert  into `area_low`(`id`,`name`,`country_id`) values (51,' ',1);
insert  into `area_low`(`id`,`name`,`country_id`) values (52,' ',5);
insert  into `area_low`(`id`,`name`,`country_id`) values (53,'',9);
insert  into `area_low`(`id`,`name`,`country_id`) values (54,'',5);
insert  into `area_low`(`id`,`name`,`country_id`) values (55,' ',1);
insert  into `area_low`(`id`,`name`,`country_id`) values (56,'',5);
insert  into `area_low`(`id`,`name`,`country_id`) values (57,' ',5);
insert  into `area_low`(`id`,`name`,`country_id`) values (58,' ',5);
insert  into `area_low`(`id`,`name`,`country_id`) values (59,' ',1);

/*Table structure for table `country` */

DROP TABLE IF EXISTS `country`;

CREATE TABLE `country` (
  `id` int(11) NOT NULL AUTO_INCREMENT,
  `name` varchar(255) NOT NULL,
  PRIMARY KEY (`id`),
  UNIQUE KEY `name` (`name`)
) ENGINE=InnoDB AUTO_INCREMENT=10 DEFAULT CHARSET=cp1251;

/*Data for the table `country` */

insert  into `country`(`id`,`name`) values (2,'');
insert  into `country`(`id`,`name`) values (4,'');
insert  into `country`(`id`,`name`) values (3,'');
insert  into `country`(`id`,`name`) values (8,'');
insert  into `country`(`id`,`name`) values (1,'');
insert  into `country`(`id`,`name`) values (9,'');
insert  into `country`(`id`,`name`) values (5,'');
insert  into `country`(`id`,`name`) values (6,'');
insert  into `country`(`id`,`name`) values (7,'');

/*Table structure for table `locality` */

DROP TABLE IF EXISTS `locality`;

CREATE TABLE `locality` (
  `id` int(11) NOT NULL AUTO_INCREMENT,
  `name` varchar(255) NOT NULL,
  `area_high_id` int(11) DEFAULT NULL,
  PRIMARY KEY (`id`),
  UNIQUE KEY `name` (`name`),
  KEY `area_high_id_idx` (`area_high_id`),
  CONSTRAINT `locality_area_high_id_area_high_id` FOREIGN KEY (`area_high_id`) REFERENCES `area_high` (`id`)
) ENGINE=InnoDB AUTO_INCREMENT=70 DEFAULT CHARSET=cp1251;

/*Data for the table `locality` */

insert  into `locality`(`id`,`name`,`area_high_id`) values (1,'',1);
insert  into `locality`(`id`,`name`,`area_high_id`) values (2,'',1);
insert  into `locality`(`id`,`name`,`area_high_id`) values (3,'',1);
insert  into `locality`(`id`,`name`,`area_high_id`) values (4,'',2);
insert  into `locality`(`id`,`name`,`area_high_id`) values (5,' ',3);
insert  into `locality`(`id`,`name`,`area_high_id`) values (6,' ',4);
insert  into `locality`(`id`,`name`,`area_high_id`) values (7,' -',9);
insert  into `locality`(`id`,`name`,`area_high_id`) values (8,' ',13);
insert  into `locality`(`id`,`name`,`area_high_id`) values (9,' ',16);
insert  into `locality`(`id`,`name`,`area_high_id`) values (10,'',17);
insert  into `locality`(`id`,`name`,`area_high_id`) values (11,' -',20);
insert  into `locality`(`id`,`name`,`area_high_id`) values (12,' ',24);
insert  into `locality`(`id`,`name`,`area_high_id`) values (13,' ',19);
insert  into `locality`(`id`,`name`,`area_high_id`) values (14,' -',28);
insert  into `locality`(`id`,`name`,`area_high_id`) values (15,' ',31);
insert  into `locality`(`id`,`name`,`area_high_id`) values (16,'.  ',32);
insert  into `locality`(`id`,`name`,`area_high_id`) values (17,' ',33);
insert  into `locality`(`id`,`name`,`area_high_id`) values (18,'M?ntyharju',37);
insert  into `locality`(`id`,`name`,`area_high_id`) values (19,'',NULL);
insert  into `locality`(`id`,`name`,`area_high_id`) values (20,'',38);
insert  into `locality`(`id`,`name`,`area_high_id`) values (21,' ',41);
insert  into `locality`(`id`,`name`,`area_high_id`) values (22,' ',NULL);
insert  into `locality`(`id`,`name`,`area_high_id`) values (23,' ',42);
insert  into `locality`(`id`,`name`,`area_high_id`) values (24,' ',43);
insert  into `locality`(`id`,`name`,`area_high_id`) values (25,'  ',50);
insert  into `locality`(`id`,`name`,`area_high_id`) values (26,'',51);
insert  into `locality`(`id`,`name`,`area_high_id`) values (27,'',52);
insert  into `locality`(`id`,`name`,`area_high_id`) values (28,'Kittil?',55);
insert  into `locality`(`id`,`name`,`area_high_id`) values (29,' ',60);
insert  into `locality`(`id`,`name`,`area_high_id`) values (30,'. ',63);
insert  into `locality`(`id`,`name`,`area_high_id`) values (31,'. ',66);
insert  into `locality`(`id`,`name`,`area_high_id`) values (32,' ',71);
insert  into `locality`(`id`,`name`,`area_high_id`) values (33,' ',NULL);
insert  into `locality`(`id`,`name`,`area_high_id`) values (34,'',81);
insert  into `locality`(`id`,`name`,`area_high_id`) values (35,' ',89);
insert  into `locality`(`id`,`name`,`area_high_id`) values (36,' ',NULL);
insert  into `locality`(`id`,`name`,`area_high_id`) values (37,' ',105);
insert  into `locality`(`id`,`name`,`area_high_id`) values (38,' ',19);
insert  into `locality`(`id`,`name`,`area_high_id`) values (39,'',106);
insert  into `locality`(`id`,`name`,`area_high_id`) values (40,'.  ',18);
insert  into `locality`(`id`,`name`,`area_high_id`) values (41,' ',25);
insert  into `locality`(`id`,`name`,`area_high_id`) values (42,' ',86);
insert  into `locality`(`id`,`name`,`area_high_id`) values (43,'Tapa vald',110);
insert  into `locality`(`id`,`name`,`area_high_id`) values (44,' ',112);
insert  into `locality`(`id`,`name`,`area_high_id`) values (45,' ',9);
insert  into `locality`(`id`,`name`,`area_high_id`) values (46,' ',121);
insert  into `locality`(`id`,`name`,`area_high_id`) values (47,'. ',96);
insert  into `locality`(`id`,`name`,`area_high_id`) values (48,' ',31);
insert  into `locality`(`id`,`name`,`area_high_id`) values (49,'',NULL);
insert  into `locality`(`id`,`name`,`area_high_id`) values (50,'',NULL);
insert  into `locality`(`id`,`name`,`area_high_id`) values (51,'',NULL);
insert  into `locality`(`id`,`name`,`area_high_id`) values (52,'',126);
insert  into `locality`(`id`,`name`,`area_high_id`) values (53,'Klintaine',127);
insert  into `locality`(`id`,`name`,`area_high_id`) values (54,'  ',132);
insert  into `locality`(`id`,`name`,`area_high_id`) values (55,'Suomussalmi',135);
insert  into `locality`(`id`,`name`,`area_high_id`) values (56,' ',NULL);
insert  into `locality`(`id`,`name`,`area_high_id`) values (57,' ',136);
insert  into `locality`(`id`,`name`,`area_high_id`) values (58,' ',137);
insert  into `locality`(`id`,`name`,`area_high_id`) values (59,'',138);
insert  into `locality`(`id`,`name`,`area_high_id`) values (60,' ',16);
insert  into `locality`(`id`,`name`,`area_high_id`) values (61,' ',142);
insert  into `locality`(`id`,`name`,`area_high_id`) values (62,' ',6);
insert  into `locality`(`id`,`name`,`area_high_id`) values (64,' ',146);
insert  into `locality`(`id`,`name`,`area_high_id`) values (65,' ',147);
insert  into `locality`(`id`,`name`,`area_high_id`) values (66,'. ',50);
insert  into `locality`(`id`,`name`,`area_high_id`) values (67,' ',50);
insert  into `locality`(`id`,`name`,`area_high_id`) values (68,' ',155);
insert  into `locality`(`id`,`name`,`area_high_id`) values (69,' ',NULL);

/*Table structure for table `location` */

DROP TABLE IF EXISTS `location`;

CREATE TABLE `location` (
  `id` int(11) NOT NULL AUTO_INCREMENT,
  `name` varchar(255) NOT NULL DEFAULT '',
  `description` text,
  `depth` float(18,2) DEFAULT NULL,
  `is_free` tinyint(1) DEFAULT '1',
  `price` text,
  `location_flow_id` int(11) DEFAULT NULL,
  `location_fundus_id` int(11) DEFAULT NULL,
  `location_relief_id` int(11) DEFAULT NULL,
  `location_type_id` int(11) DEFAULT NULL,
  `location_scope_id` int(11) DEFAULT NULL,
  `address_id` int(11) DEFAULT NULL,
  `created_by` int(11) NOT NULL,
  `updated_by` int(11) NOT NULL,
  `slug` varchar(255) DEFAULT NULL,
  `created_at` datetime NOT NULL,
  `updated_at` datetime NOT NULL,
  `latitude` double(18,15) DEFAULT NULL,
  `longitude` double(18,15) DEFAULT NULL,
  `version` bigint(20) DEFAULT NULL,
  PRIMARY KEY (`id`),
  UNIQUE KEY `location_sluggable_idx` (`slug`),
  KEY `location_flow_id_idx` (`location_flow_id`),
  KEY `location_fundus_id_idx` (`location_fundus_id`),
  KEY `location_relief_id_idx` (`location_relief_id`),
  KEY `location_type_id_idx` (`location_type_id`),
  KEY `location_scope_id_idx` (`location_scope_id`),
  KEY `address_id_idx` (`address_id`),
  KEY `created_by_idx` (`created_by`),
  KEY `updated_by_idx` (`updated_by`),
  CONSTRAINT `location_address_id_address_id` FOREIGN KEY (`address_id`) REFERENCES `address` (`id`),
  CONSTRAINT `location_created_by_sf_guard_user_profile_id` FOREIGN KEY (`created_by`) REFERENCES `sf_guard_user_profile` (`id`),
  CONSTRAINT `location_location_flow_id_location_flow_id` FOREIGN KEY (`location_flow_id`) REFERENCES `location_flow` (`id`),
  CONSTRAINT `location_location_fundus_id_location_fundus_id` FOREIGN KEY (`location_fundus_id`) REFERENCES `location_fundus` (`id`),
  CONSTRAINT `location_location_relief_id_location_relief_id` FOREIGN KEY (`location_relief_id`) REFERENCES `location_relief` (`id`),
  CONSTRAINT `location_location_scope_id_location_scope_id` FOREIGN KEY (`location_scope_id`) REFERENCES `location_scope` (`id`),
  CONSTRAINT `location_location_type_id_location_type_id` FOREIGN KEY (`location_type_id`) REFERENCES `location_type` (`id`),
  CONSTRAINT `location_updated_by_sf_guard_user_profile_id` FOREIGN KEY (`updated_by`) REFERENCES `sf_guard_user_profile` (`id`)
) ENGINE=InnoDB AUTO_INCREMENT=760 DEFAULT CHARSET=cp1251;

/*Data for the table `location` */

insert  into `location`(`id`,`name`,`description`,`depth`,`is_free`,`price`,`location_flow_id`,`location_fundus_id`,`location_relief_id`,`location_type_id`,`location_scope_id`,`address_id`,`created_by`,`updated_by`,`slug`,`created_at`,`updated_at`,`latitude`,`longitude`,`version`) values (305,'       ,   ?','',NULL,0,'',NULL,NULL,NULL,NULL,5,267,1,1,'','2011-05-02 19:55:04','2011-05-02 19:55:04',55.115888187800003,38.878383636499997,2);
insert  into `location`(`id`,`name`,`description`,`depth`,`is_free`,`price`,`location_flow_id`,`location_fundus_id`,`location_relief_id`,`location_type_id`,`location_scope_id`,`address_id`,`created_by`,`updated_by`,`slug`,`created_at`,`updated_at`,`latitude`,`longitude`,`version`) values (306,' ','',NULL,1,'',NULL,NULL,NULL,NULL,5,268,1,1,'1','2011-05-02 19:55:07','2011-05-02 19:55:07',55.603953962599995,38.036384582499998,2);
insert  into `location`(`id`,`name`,`description`,`depth`,`is_free`,`price`,`location_flow_id`,`location_fundus_id`,`location_relief_id`,`location_type_id`,`location_scope_id`,`address_id`,`created_by`,`updated_by`,`slug`,`created_at`,`updated_at`,`latitude`,`longitude`,`version`) values (307,' ','',NULL,1,'',NULL,NULL,NULL,NULL,5,269,1,1,'2','2011-05-02 19:55:10','2011-05-02 19:55:10',44.138855767599999,76.953735351600002,2);
insert  into `location`(`id`,`name`,`description`,`depth`,`is_free`,`price`,`location_flow_id`,`location_fundus_id`,`location_relief_id`,`location_type_id`,`location_scope_id`,`address_id`,`created_by`,`updated_by`,`slug`,`created_at`,`updated_at`,`latitude`,`longitude`,`version`) values (308,' -','',NULL,0,'',NULL,NULL,NULL,NULL,5,270,1,1,'3','2011-05-02 19:55:12','2011-05-02 19:55:13',55.606984259299999,38.058786392200027,2);
insert  into `location`(`id`,`name`,`description`,`depth`,`is_free`,`price`,`location_flow_id`,`location_fundus_id`,`location_relief_id`,`location_type_id`,`location_scope_id`,`address_id`,`created_by`,`updated_by`,`slug`,`created_at`,`updated_at`,`latitude`,`longitude`,`version`) values (309,' ','',NULL,0,'',NULL,NULL,NULL,NULL,5,271,1,1,'4','2011-05-02 19:55:15','2011-05-02 19:55:15',55.557185007200019,38.322715759300003,2);
insert  into `location`(`id`,`name`,`description`,`depth`,`is_free`,`price`,`location_flow_id`,`location_fundus_id`,`location_relief_id`,`location_type_id`,`location_scope_id`,`address_id`,`created_by`,`updated_by`,`slug`,`created_at`,`updated_at`,`latitude`,`longitude`,`version`) values (310,'','',NULL,0,'',NULL,NULL,NULL,NULL,5,272,1,1,'5','2011-05-02 19:55:18','2011-05-02 19:55:18',55.429476124799997,37.965188026400000,2);
insert  into `location`(`id`,`name`,`description`,`depth`,`is_free`,`price`,`location_flow_id`,`location_fundus_id`,`location_relief_id`,`location_type_id`,`location_scope_id`,`address_id`,`created_by`,`updated_by`,`slug`,`created_at`,`updated_at`,`latitude`,`longitude`,`version`) values (311,' . .   - ,   .','',NULL,0,'',NULL,NULL,NULL,NULL,5,273,1,1,'6','2011-05-02 19:55:21','2011-05-02 19:55:21',57.655320827499963,33.036575317400001,2);
insert  into `location`(`id`,`name`,`description`,`depth`,`is_free`,`price`,`location_flow_id`,`location_fundus_id`,`location_relief_id`,`location_type_id`,`location_scope_id`,`address_id`,`created_by`,`updated_by`,`slug`,`created_at`,`updated_at`,`latitude`,`longitude`,`version`) values (312,'  ','',NULL,1,'',NULL,NULL,NULL,NULL,5,274,1,1,'7','2011-05-02 19:55:24','2011-05-02 19:55:24',47.007884597000000,47.493553161599998,2);
insert  into `location`(`id`,`name`,`description`,`depth`,`is_free`,`price`,`location_flow_id`,`location_fundus_id`,`location_relief_id`,`location_type_id`,`location_scope_id`,`address_id`,`created_by`,`updated_by`,`slug`,`created_at`,`updated_at`,`latitude`,`longitude`,`version`) values (313,'   ','',NULL,0,'',NULL,NULL,NULL,NULL,5,275,1,1,'8','2011-05-02 19:55:26','2011-05-02 19:55:26',59.867001686800002,30.261465311099990,2);
insert  into `location`(`id`,`name`,`description`,`depth`,`is_free`,`price`,`location_flow_id`,`location_fundus_id`,`location_relief_id`,`location_type_id`,`location_scope_id`,`address_id`,`created_by`,`updated_by`,`slug`,`created_at`,`updated_at`,`latitude`,`longitude`,`version`) values (314,'\"  \"','',NULL,0,'',NULL,NULL,NULL,NULL,5,276,1,1,'9','2011-05-02 19:55:29','2011-05-02 19:55:29',46.974059485900000,47.591722011599998,2);
insert  into `location`(`id`,`name`,`description`,`depth`,`is_free`,`price`,`location_flow_id`,`location_fundus_id`,`location_relief_id`,`location_type_id`,`location_scope_id`,`address_id`,`created_by`,`updated_by`,`slug`,`created_at`,`updated_at`,`latitude`,`longitude`,`version`) values (315,'       .','',NULL,0,'',NULL,NULL,NULL,NULL,5,277,1,1,'10','2011-05-02 19:55:32','2011-05-02 19:55:32',45.819324979999998,48.102607727100001,2);
insert  into `location`(`id`,`name`,`description`,`depth`,`is_free`,`price`,`location_flow_id`,`location_fundus_id`,`location_relief_id`,`location_type_id`,`location_scope_id`,`address_id`,`created_by`,`updated_by`,`slug`,`created_at`,`updated_at`,`latitude`,`longitude`,`version`) values (316,' ','',NULL,0,'',NULL,NULL,NULL,NULL,5,278,1,1,'11','2011-05-02 19:55:35','2011-05-02 19:55:35',60.559304045200001,28.647537231399998,2);
insert  into `location`(`id`,`name`,`description`,`depth`,`is_free`,`price`,`location_flow_id`,`location_fundus_id`,`location_relief_id`,`location_type_id`,`location_scope_id`,`address_id`,`created_by`,`updated_by`,`slug`,`created_at`,`updated_at`,`latitude`,`longitude`,`version`) values (317,'  - ','',NULL,1,'',NULL,NULL,NULL,NULL,5,279,1,1,'12','2011-05-02 19:55:38','2011-05-02 19:55:38',56.780542058100004,54.070930480999998,2);
insert  into `location`(`id`,`name`,`description`,`depth`,`is_free`,`price`,`location_flow_id`,`location_fundus_id`,`location_relief_id`,`location_type_id`,`location_scope_id`,`address_id`,`created_by`,`updated_by`,`slug`,`created_at`,`updated_at`,`latitude`,`longitude`,`version`) values (318,' ','',NULL,1,'',NULL,NULL,NULL,NULL,5,280,1,1,'13','2011-05-02 19:55:40','2011-05-02 19:55:40',56.786884805600010,54.086304902999998,2);
insert  into `location`(`id`,`name`,`description`,`depth`,`is_free`,`price`,`location_flow_id`,`location_fundus_id`,`location_relief_id`,`location_type_id`,`location_scope_id`,`address_id`,`created_by`,`updated_by`,`slug`,`created_at`,`updated_at`,`latitude`,`longitude`,`version`) values (319,' ','',NULL,1,'',NULL,NULL,NULL,NULL,5,281,1,1,'14','2011-05-02 19:55:43','2011-05-02 19:55:43',46.647963159199996,38.890399932900017,2);
insert  into `location`(`id`,`name`,`description`,`depth`,`is_free`,`price`,`location_flow_id`,`location_fundus_id`,`location_relief_id`,`location_type_id`,`location_scope_id`,`address_id`,`created_by`,`updated_by`,`slug`,`created_at`,`updated_at`,`latitude`,`longitude`,`version`) values (320,' ','',NULL,1,'',NULL,NULL,NULL,NULL,5,282,1,1,'15','2011-05-02 19:55:46','2011-05-02 19:55:46',54.702407731000001,82.842407226600002,2);
insert  into `location`(`id`,`name`,`description`,`depth`,`is_free`,`price`,`location_flow_id`,`location_fundus_id`,`location_relief_id`,`location_type_id`,`location_scope_id`,`address_id`,`created_by`,`updated_by`,`slug`,`created_at`,`updated_at`,`latitude`,`longitude`,`version`) values (321,' ','',NULL,1,'',NULL,NULL,NULL,NULL,5,283,1,1,'16','2011-05-02 19:55:49','2011-05-02 19:55:49',55.582808099300003,36.735534668000000,2);
insert  into `location`(`id`,`name`,`description`,`depth`,`is_free`,`price`,`location_flow_id`,`location_fundus_id`,`location_relief_id`,`location_type_id`,`location_scope_id`,`address_id`,`created_by`,`updated_by`,`slug`,`created_at`,`updated_at`,`latitude`,`longitude`,`version`) values (322,'    ','',NULL,0,'',NULL,NULL,NULL,NULL,5,284,1,1,'17','2011-05-02 19:55:52','2011-05-02 19:55:52',55.907596860399998,36.881618499799998,2);
insert  into `location`(`id`,`name`,`description`,`depth`,`is_free`,`price`,`location_flow_id`,`location_fundus_id`,`location_relief_id`,`location_type_id`,`location_scope_id`,`address_id`,`created_by`,`updated_by`,`slug`,`created_at`,`updated_at`,`latitude`,`longitude`,`version`) values (323,'.','',NULL,0,'',NULL,NULL,NULL,NULL,5,285,1,1,'18','2011-05-02 19:55:54','2011-05-02 19:55:54',55.234387508199980,37.802238464399998,2);
insert  into `location`(`id`,`name`,`description`,`depth`,`is_free`,`price`,`location_flow_id`,`location_fundus_id`,`location_relief_id`,`location_type_id`,`location_scope_id`,`address_id`,`created_by`,`updated_by`,`slug`,`created_at`,`updated_at`,`latitude`,`longitude`,`version`) values (324,'','',NULL,0,'',NULL,NULL,NULL,NULL,5,286,1,1,'19','2011-05-02 19:55:57','2011-05-02 19:55:57',54.460998599100002,38.738479614299997,2);
insert  into `location`(`id`,`name`,`description`,`depth`,`is_free`,`price`,`location_flow_id`,`location_fundus_id`,`location_relief_id`,`location_type_id`,`location_scope_id`,`address_id`,`created_by`,`updated_by`,`slug`,`created_at`,`updated_at`,`latitude`,`longitude`,`version`) values (325,' ','',NULL,0,'',NULL,NULL,NULL,NULL,5,287,1,1,'20','2011-05-02 19:56:00','2011-05-02 19:56:00',55.081950800800001,38.802273273499999,2);
insert  into `location`(`id`,`name`,`description`,`depth`,`is_free`,`price`,`location_flow_id`,`location_fundus_id`,`location_relief_id`,`location_type_id`,`location_scope_id`,`address_id`,`created_by`,`updated_by`,`slug`,`created_at`,`updated_at`,`latitude`,`longitude`,`version`) values (326,' ','',NULL,1,'',NULL,NULL,NULL,NULL,5,288,1,1,'21','2011-05-02 19:56:03','2011-05-02 19:56:03',55.080823869000000,38.835811614999997,2);
insert  into `location`(`id`,`name`,`description`,`depth`,`is_free`,`price`,`location_flow_id`,`location_fundus_id`,`location_relief_id`,`location_type_id`,`location_scope_id`,`address_id`,`created_by`,`updated_by`,`slug`,`created_at`,`updated_at`,`latitude`,`longitude`,`version`) values (327,'','',NULL,1,'',NULL,NULL,NULL,NULL,5,289,1,1,'22','2011-05-02 19:56:06','2011-05-02 19:56:06',55.071235988599987,38.832850456200028,2);
insert  into `location`(`id`,`name`,`description`,`depth`,`is_free`,`price`,`location_flow_id`,`location_fundus_id`,`location_relief_id`,`location_type_id`,`location_scope_id`,`address_id`,`created_by`,`updated_by`,`slug`,`created_at`,`updated_at`,`latitude`,`longitude`,`version`) values (328,'','',NULL,1,'',NULL,NULL,NULL,NULL,5,290,1,1,'23','2011-05-02 19:56:08','2011-05-02 19:56:08',55.069902962300027,38.808270692799994,2);
insert  into `location`(`id`,`name`,`description`,`depth`,`is_free`,`price`,`location_flow_id`,`location_fundus_id`,`location_relief_id`,`location_type_id`,`location_scope_id`,`address_id`,`created_by`,`updated_by`,`slug`,`created_at`,`updated_at`,`latitude`,`longitude`,`version`) values (329,'2','',NULL,0,'',NULL,NULL,NULL,NULL,5,291,1,1,'2-1','2011-05-02 19:56:11','2011-05-02 19:56:11',57.044465295400002,43.179187774699997,2);
insert  into `location`(`id`,`name`,`description`,`depth`,`is_free`,`price`,`location_flow_id`,`location_fundus_id`,`location_relief_id`,`location_type_id`,`location_scope_id`,`address_id`,`created_by`,`updated_by`,`slug`,`created_at`,`updated_at`,`latitude`,`longitude`,`version`) values (330,' \"\"','',NULL,1,'',NULL,NULL,NULL,NULL,5,292,1,1,'24','2011-05-02 19:56:14','2011-05-02 19:56:14',49.458272527399998,31.047191619900001,2);
insert  into `location`(`id`,`name`,`description`,`depth`,`is_free`,`price`,`location_flow_id`,`location_fundus_id`,`location_relief_id`,`location_type_id`,`location_scope_id`,`address_id`,`created_by`,`updated_by`,`slug`,`created_at`,`updated_at`,`latitude`,`longitude`,`version`) values (331,'  1','',NULL,0,'',NULL,NULL,NULL,NULL,5,293,1,1,'1-1','2011-05-02 19:56:17','2011-05-02 19:56:17',45.368967251400001,37.506058216099980,2);
insert  into `location`(`id`,`name`,`description`,`depth`,`is_free`,`price`,`location_flow_id`,`location_fundus_id`,`location_relief_id`,`location_type_id`,`location_scope_id`,`address_id`,`created_by`,`updated_by`,`slug`,`created_at`,`updated_at`,`latitude`,`longitude`,`version`) values (332,'  1','',NULL,0,'',NULL,NULL,NULL,NULL,5,294,1,1,'1-2','2011-05-02 19:56:20','2011-05-02 19:56:20',45.315361862200000,37.386903762800010,2);
insert  into `location`(`id`,`name`,`description`,`depth`,`is_free`,`price`,`location_flow_id`,`location_fundus_id`,`location_relief_id`,`location_type_id`,`location_scope_id`,`address_id`,`created_by`,`updated_by`,`slug`,`created_at`,`updated_at`,`latitude`,`longitude`,`version`) values (333,' ','',NULL,0,'',NULL,NULL,NULL,NULL,5,295,1,1,'25','2011-05-02 19:56:22','2011-05-02 19:56:22',45.317383768600010,37.384972572300001,2);
insert  into `location`(`id`,`name`,`description`,`depth`,`is_free`,`price`,`location_flow_id`,`location_fundus_id`,`location_relief_id`,`location_type_id`,`location_scope_id`,`address_id`,`created_by`,`updated_by`,`slug`,`created_at`,`updated_at`,`latitude`,`longitude`,`version`) values (334,'  2','',NULL,0,'',NULL,NULL,NULL,NULL,5,296,1,1,'2-2','2011-05-02 19:56:25','2011-05-02 19:56:25',45.321849813600018,37.408318519599995,2);
insert  into `location`(`id`,`name`,`description`,`depth`,`is_free`,`price`,`location_flow_id`,`location_fundus_id`,`location_relief_id`,`location_type_id`,`location_scope_id`,`address_id`,`created_by`,`updated_by`,`slug`,`created_at`,`updated_at`,`latitude`,`longitude`,`version`) values (335,'','',NULL,0,'',NULL,NULL,NULL,NULL,5,297,1,1,'26','2011-05-02 19:56:28','2011-05-02 19:56:28',45.346165474899998,37.452135086100000,2);
insert  into `location`(`id`,`name`,`description`,`depth`,`is_free`,`price`,`location_flow_id`,`location_fundus_id`,`location_relief_id`,`location_type_id`,`location_scope_id`,`address_id`,`created_by`,`updated_by`,`slug`,`created_at`,`updated_at`,`latitude`,`longitude`,`version`) values (336,'Lahnavesi','',NULL,0,'',NULL,NULL,NULL,NULL,5,298,1,1,'lahnavesi','2011-05-02 19:56:31','2011-05-02 19:56:31',61.454767214999997,26.653003692600016,2);
insert  into `location`(`id`,`name`,`description`,`depth`,`is_free`,`price`,`location_flow_id`,`location_fundus_id`,`location_relief_id`,`location_type_id`,`location_scope_id`,`address_id`,`created_by`,`updated_by`,`slug`,`created_at`,`updated_at`,`latitude`,`longitude`,`version`) values (337,' 1','',NULL,1,'',NULL,NULL,NULL,NULL,5,299,1,1,'1-3','2011-05-02 19:56:33','2011-05-02 19:56:33',50.983937635700002,72.162666320800000,2);
insert  into `location`(`id`,`name`,`description`,`depth`,`is_free`,`price`,`location_flow_id`,`location_fundus_id`,`location_relief_id`,`location_type_id`,`location_scope_id`,`address_id`,`created_by`,`updated_by`,`slug`,`created_at`,`updated_at`,`latitude`,`longitude`,`version`) values (338,'','',NULL,0,'',NULL,NULL,NULL,NULL,5,300,1,1,'27','2011-05-02 19:56:36','2011-05-02 19:56:36',51.177964181200011,71.411025524099998,2);
insert  into `location`(`id`,`name`,`description`,`depth`,`is_free`,`price`,`location_flow_id`,`location_fundus_id`,`location_relief_id`,`location_type_id`,`location_scope_id`,`address_id`,`created_by`,`updated_by`,`slug`,`created_at`,`updated_at`,`latitude`,`longitude`,`version`) values (339,' 1','',NULL,1,'',NULL,NULL,NULL,NULL,5,301,1,1,'1-4','2011-05-02 19:56:39','2011-05-02 19:56:39',52.827045573700026,76.540331840500002,2);
insert  into `location`(`id`,`name`,`description`,`depth`,`is_free`,`price`,`location_flow_id`,`location_fundus_id`,`location_relief_id`,`location_type_id`,`location_scope_id`,`address_id`,`created_by`,`updated_by`,`slug`,`created_at`,`updated_at`,`latitude`,`longitude`,`version`) values (340,'1','',NULL,1,'',NULL,NULL,NULL,NULL,5,302,1,1,'1-5','2011-05-02 19:56:42','2011-05-02 19:56:42',44.811526935899998,76.234002113299994,2);
insert  into `location`(`id`,`name`,`description`,`depth`,`is_free`,`price`,`location_flow_id`,`location_fundus_id`,`location_relief_id`,`location_type_id`,`location_scope_id`,`address_id`,`created_by`,`updated_by`,`slug`,`created_at`,`updated_at`,`latitude`,`longitude`,`version`) values (341,'','',NULL,0,'',NULL,NULL,NULL,NULL,5,303,1,1,'28','2011-05-02 19:56:45','2011-05-02 19:56:45',59.921627070699998,30.353076160000001,2);
insert  into `location`(`id`,`name`,`description`,`depth`,`is_free`,`price`,`location_flow_id`,`location_fundus_id`,`location_relief_id`,`location_type_id`,`location_scope_id`,`address_id`,`created_by`,`updated_by`,`slug`,`created_at`,`updated_at`,`latitude`,`longitude`,`version`) values (342,'.  ','',NULL,0,'',NULL,NULL,NULL,NULL,5,304,1,1,'29','2011-05-02 19:56:47','2011-05-02 19:56:47',55.754167897800002,37.233524322500010,2);
insert  into `location`(`id`,`name`,`description`,`depth`,`is_free`,`price`,`location_flow_id`,`location_fundus_id`,`location_relief_id`,`location_type_id`,`location_scope_id`,`address_id`,`created_by`,`updated_by`,`slug`,`created_at`,`updated_at`,`latitude`,`longitude`,`version`) values (343,'  ','',NULL,0,'',NULL,NULL,NULL,NULL,5,305,1,1,'30','2011-05-02 19:56:50','2011-05-02 19:56:50',55.767786337799997,37.279872894299999,2);
insert  into `location`(`id`,`name`,`description`,`depth`,`is_free`,`price`,`location_flow_id`,`location_fundus_id`,`location_relief_id`,`location_type_id`,`location_scope_id`,`address_id`,`created_by`,`updated_by`,`slug`,`created_at`,`updated_at`,`latitude`,`longitude`,`version`) values (344,' ','',NULL,1,'',NULL,NULL,NULL,NULL,5,306,1,1,'31','2011-05-02 19:56:53','2011-05-02 19:56:53',58.150009779599998,56.475992202799986,2);
insert  into `location`(`id`,`name`,`description`,`depth`,`is_free`,`price`,`location_flow_id`,`location_fundus_id`,`location_relief_id`,`location_type_id`,`location_scope_id`,`address_id`,`created_by`,`updated_by`,`slug`,`created_at`,`updated_at`,`latitude`,`longitude`,`version`) values (346,' ','',NULL,1,'',NULL,NULL,NULL,NULL,5,308,1,1,'33','2011-05-02 19:56:58','2011-05-02 19:56:58',55.659286609699997,37.851676940899999,2);
insert  into `location`(`id`,`name`,`description`,`depth`,`is_free`,`price`,`location_flow_id`,`location_fundus_id`,`location_relief_id`,`location_type_id`,`location_scope_id`,`address_id`,`created_by`,`updated_by`,`slug`,`created_at`,`updated_at`,`latitude`,`longitude`,`version`) values (347,' ','',NULL,1,'',NULL,NULL,NULL,NULL,5,309,1,1,'34','2011-05-02 19:57:01','2011-05-02 19:57:01',55.750042793500000,38.639087676999999,2);
insert  into `location`(`id`,`name`,`description`,`depth`,`is_free`,`price`,`location_flow_id`,`location_fundus_id`,`location_relief_id`,`location_type_id`,`location_scope_id`,`address_id`,`created_by`,`updated_by`,`slug`,`created_at`,`updated_at`,`latitude`,`longitude`,`version`) values (348,'ruslaplandia.ru   ','',NULL,0,'',NULL,NULL,NULL,NULL,5,310,1,1,'ruslaplandia-ru','2011-05-02 19:57:04','2011-05-02 19:57:04',67.779349420900004,35.075225830100003,2);
insert  into `location`(`id`,`name`,`description`,`depth`,`is_free`,`price`,`location_flow_id`,`location_fundus_id`,`location_relief_id`,`location_type_id`,`location_scope_id`,`address_id`,`created_by`,`updated_by`,`slug`,`created_at`,`updated_at`,`latitude`,`longitude`,`version`) values (349,' ','',NULL,1,'',NULL,NULL,NULL,NULL,5,311,1,1,'35','2011-05-02 19:57:07','2011-05-02 19:57:07',55.208067354799994,37.753486633300000,2);
insert  into `location`(`id`,`name`,`description`,`depth`,`is_free`,`price`,`location_flow_id`,`location_fundus_id`,`location_relief_id`,`location_type_id`,`location_scope_id`,`address_id`,`created_by`,`updated_by`,`slug`,`created_at`,`updated_at`,`latitude`,`longitude`,`version`) values (350,'10 ','',NULL,0,'',NULL,NULL,NULL,NULL,5,312,1,1,'10-1','2011-05-02 19:57:09','2011-05-02 19:57:09',60.892877688300011,35.715007782000001,2);
insert  into `location`(`id`,`name`,`description`,`depth`,`is_free`,`price`,`location_flow_id`,`location_fundus_id`,`location_relief_id`,`location_type_id`,`location_scope_id`,`address_id`,`created_by`,`updated_by`,`slug`,`created_at`,`updated_at`,`latitude`,`longitude`,`version`) values (351,' ,  ','',NULL,1,'',NULL,NULL,NULL,NULL,5,313,1,1,'36','2011-05-02 19:57:12','2011-05-02 19:57:12',55.792902774300003,37.418231964100002,2);
insert  into `location`(`id`,`name`,`description`,`depth`,`is_free`,`price`,`location_flow_id`,`location_fundus_id`,`location_relief_id`,`location_type_id`,`location_scope_id`,`address_id`,`created_by`,`updated_by`,`slug`,`created_at`,`updated_at`,`latitude`,`longitude`,`version`) values (352,'\" \"','',NULL,0,'',NULL,NULL,NULL,NULL,5,314,1,1,'37','2011-05-02 19:57:15','2011-05-02 19:57:15',56.122591449200002,45.520477294899997,2);
insert  into `location`(`id`,`name`,`description`,`depth`,`is_free`,`price`,`location_flow_id`,`location_fundus_id`,`location_relief_id`,`location_type_id`,`location_scope_id`,`address_id`,`created_by`,`updated_by`,`slug`,`created_at`,`updated_at`,`latitude`,`longitude`,`version`) values (353,'','',NULL,1,'',NULL,NULL,NULL,NULL,5,315,1,1,'38','2011-05-02 19:57:18','2011-05-02 19:57:18',53.186441866800003,39.980964660599987,2);
insert  into `location`(`id`,`name`,`description`,`depth`,`is_free`,`price`,`location_flow_id`,`location_fundus_id`,`location_relief_id`,`location_type_id`,`location_scope_id`,`address_id`,`created_by`,`updated_by`,`slug`,`created_at`,`updated_at`,`latitude`,`longitude`,`version`) values (354,'  ','',NULL,0,'',NULL,NULL,NULL,NULL,5,316,1,1,'39','2011-05-02 19:57:20','2011-05-02 19:57:21',57.154064106199996,32.987480163599997,2);
insert  into `location`(`id`,`name`,`description`,`depth`,`is_free`,`price`,`location_flow_id`,`location_fundus_id`,`location_relief_id`,`location_type_id`,`location_scope_id`,`address_id`,`created_by`,`updated_by`,`slug`,`created_at`,`updated_at`,`latitude`,`longitude`,`version`) values (355,'','',NULL,0,'',NULL,NULL,NULL,NULL,5,317,1,1,'40','2011-05-02 19:57:23','2011-05-02 19:57:23',56.260932774899999,43.980953693399996,2);
insert  into `location`(`id`,`name`,`description`,`depth`,`is_free`,`price`,`location_flow_id`,`location_fundus_id`,`location_relief_id`,`location_type_id`,`location_scope_id`,`address_id`,`created_by`,`updated_by`,`slug`,`created_at`,`updated_at`,`latitude`,`longitude`,`version`) values (356,' ','',NULL,1,'',NULL,NULL,NULL,NULL,5,318,1,1,'41','2011-05-02 19:57:26','2011-05-02 19:57:26',54.698340739300001,20.671420097400009,2);
insert  into `location`(`id`,`name`,`description`,`depth`,`is_free`,`price`,`location_flow_id`,`location_fundus_id`,`location_relief_id`,`location_type_id`,`location_scope_id`,`address_id`,`created_by`,`updated_by`,`slug`,`created_at`,`updated_at`,`latitude`,`longitude`,`version`) values (357,' ','',NULL,1,'',NULL,NULL,NULL,NULL,5,319,1,1,'42','2011-05-02 19:57:29','2011-05-02 19:57:29',54.650696842700000,20.358180999799988,2);
insert  into `location`(`id`,`name`,`description`,`depth`,`is_free`,`price`,`location_flow_id`,`location_fundus_id`,`location_relief_id`,`location_type_id`,`location_scope_id`,`address_id`,`created_by`,`updated_by`,`slug`,`created_at`,`updated_at`,`latitude`,`longitude`,`version`) values (358,'','',NULL,1,'',NULL,NULL,NULL,NULL,5,320,1,1,'43','2011-05-02 19:57:32','2011-05-02 19:57:32',58.113281187399998,56.324501037600001,2);
insert  into `location`(`id`,`name`,`description`,`depth`,`is_free`,`price`,`location_flow_id`,`location_fundus_id`,`location_relief_id`,`location_type_id`,`location_scope_id`,`address_id`,`created_by`,`updated_by`,`slug`,`created_at`,`updated_at`,`latitude`,`longitude`,`version`) values (359,'','',NULL,1,'',NULL,NULL,NULL,NULL,5,321,1,1,'44','2011-05-02 19:57:34','2011-05-02 19:57:35',47.863299737399998,137.856445312000010,2);
insert  into `location`(`id`,`name`,`description`,`depth`,`is_free`,`price`,`location_flow_id`,`location_fundus_id`,`location_relief_id`,`location_type_id`,`location_scope_id`,`address_id`,`created_by`,`updated_by`,`slug`,`created_at`,`updated_at`,`latitude`,`longitude`,`version`) values (360,'. ','',NULL,1,'',NULL,NULL,NULL,NULL,5,322,1,1,'45','2011-05-02 19:57:37','2011-05-02 19:57:37',54.328537239699997,71.442718505900004,2);
insert  into `location`(`id`,`name`,`description`,`depth`,`is_free`,`price`,`location_flow_id`,`location_fundus_id`,`location_relief_id`,`location_type_id`,`location_scope_id`,`address_id`,`created_by`,`updated_by`,`slug`,`created_at`,`updated_at`,`latitude`,`longitude`,`version`) values (361,' ','',NULL,1,'',NULL,NULL,NULL,NULL,5,323,1,1,'46','2011-05-02 19:57:40','2011-05-02 19:57:40',56.053371407200011,37.353858947799999,2);
insert  into `location`(`id`,`name`,`description`,`depth`,`is_free`,`price`,`location_flow_id`,`location_fundus_id`,`location_relief_id`,`location_type_id`,`location_scope_id`,`address_id`,`created_by`,`updated_by`,`slug`,`created_at`,`updated_at`,`latitude`,`longitude`,`version`) values (362,'Kapsajoki river','',NULL,1,'',NULL,NULL,NULL,NULL,5,324,1,1,'kapsajoki-river','2011-05-02 19:57:43','2011-05-02 19:57:43',67.865712311799996,25.066337585399999,2);
insert  into `location`(`id`,`name`,`description`,`depth`,`is_free`,`price`,`location_flow_id`,`location_fundus_id`,`location_relief_id`,`location_type_id`,`location_scope_id`,`address_id`,`created_by`,`updated_by`,`slug`,`created_at`,`updated_at`,`latitude`,`longitude`,`version`) values (363,'Ounasjoki river','.      -          . ',NULL,1,'',NULL,NULL,NULL,NULL,5,325,1,1,'ounasjoki-river','2011-05-02 19:57:46','2011-05-02 19:57:46',67.797830755500001,24.912528991699997,2);
insert  into `location`(`id`,`name`,`description`,`depth`,`is_free`,`price`,`location_flow_id`,`location_fundus_id`,`location_relief_id`,`location_type_id`,`location_scope_id`,`address_id`,`created_by`,`updated_by`,`slug`,`created_at`,`updated_at`,`latitude`,`longitude`,`version`) values (364,'  ','      ...   (   95       2  )        +45   &nbsp;&nbsp;    .',NULL,0,'',NULL,NULL,NULL,NULL,5,326,1,1,'47','2011-05-02 19:57:49','2011-05-02 19:57:49',51.870979847299999,25.767059326200005,2);
insert  into `location`(`id`,`name`,`description`,`depth`,`is_free`,`price`,`location_flow_id`,`location_fundus_id`,`location_relief_id`,`location_type_id`,`location_scope_id`,`address_id`,`created_by`,`updated_by`,`slug`,`created_at`,`updated_at`,`latitude`,`longitude`,`version`) values (365,'-','',NULL,0,'',NULL,NULL,NULL,NULL,5,327,1,1,'48','2011-05-02 19:57:52','2011-05-02 19:57:52',58.724203014200000,37.168121337899997,2);
insert  into `location`(`id`,`name`,`description`,`depth`,`is_free`,`price`,`location_flow_id`,`location_fundus_id`,`location_relief_id`,`location_type_id`,`location_scope_id`,`address_id`,`created_by`,`updated_by`,`slug`,`created_at`,`updated_at`,`latitude`,`longitude`,`version`) values (366,' ','      800-2500          (  ).',NULL,1,'',NULL,NULL,NULL,NULL,5,328,1,1,'49','2011-05-02 19:57:55','2011-05-02 19:57:55',52.536064211800010,31.941032409700000,2);
insert  into `location`(`id`,`name`,`description`,`depth`,`is_free`,`price`,`location_flow_id`,`location_fundus_id`,`location_relief_id`,`location_type_id`,`location_scope_id`,`address_id`,`created_by`,`updated_by`,`slug`,`created_at`,`updated_at`,`latitude`,`longitude`,`version`) values (367,' ','   .     - 2500 (        4   )!',NULL,0,'',NULL,NULL,NULL,NULL,5,329,1,1,'50','2011-05-02 19:57:58','2011-05-02 19:57:58',60.388449943900000,29.702396392800001,2);
insert  into `location`(`id`,`name`,`description`,`depth`,`is_free`,`price`,`location_flow_id`,`location_fundus_id`,`location_relief_id`,`location_type_id`,`location_scope_id`,`address_id`,`created_by`,`updated_by`,`slug`,`created_at`,`updated_at`,`latitude`,`longitude`,`version`) values (368,'   www.hot-fishing.ru  ','       .   -    .   : <a href=\"http://www.VeLJo.ru\" target=\"_blank\">www.VeLJo.ru</a>',NULL,0,'',NULL,NULL,NULL,NULL,5,330,1,1,'www-hot-fishing-ru','2011-05-02 19:58:01','2011-05-02 19:58:01',56.854960576099998,35.942738056200000,2);
insert  into `location`(`id`,`name`,`description`,`depth`,`is_free`,`price`,`location_flow_id`,`location_fundus_id`,`location_relief_id`,`location_type_id`,`location_scope_id`,`address_id`,`created_by`,`updated_by`,`slug`,`created_at`,`updated_at`,`latitude`,`longitude`,`version`) values (369,'Chapoma.ru','',NULL,0,'',NULL,NULL,NULL,NULL,5,331,1,1,'chapoma-ru','2011-05-02 19:58:04','2011-05-02 19:58:04',66.372755002500000,37.441406250000000,2);
insert  into `location`(`id`,`name`,`description`,`depth`,`is_free`,`price`,`location_flow_id`,`location_fundus_id`,`location_relief_id`,`location_type_id`,`location_scope_id`,`address_id`,`created_by`,`updated_by`,`slug`,`created_at`,`updated_at`,`latitude`,`longitude`,`version`) values (370,'','  &quot; &quot;<a href=\"http://www.7nebo-baza.ru\" target=\"_blank\">www.7nebo-baza.ru</a>&nbsp;&nbsp;',NULL,1,'',NULL,NULL,NULL,NULL,5,332,1,1,'51','2011-05-02 19:58:06','2011-05-02 19:58:07',55.881040340499979,44.511537551899998,2);
insert  into `location`(`id`,`name`,`description`,`depth`,`is_free`,`price`,`location_flow_id`,`location_fundus_id`,`location_relief_id`,`location_type_id`,`location_scope_id`,`address_id`,`created_by`,`updated_by`,`slug`,`created_at`,`updated_at`,`latitude`,`longitude`,`version`) values (371,'','',NULL,1,'',NULL,NULL,NULL,NULL,5,333,1,1,'52','2011-05-02 19:58:09','2011-05-02 19:58:09',54.694943000700000,20.527160167699993,2);
insert  into `location`(`id`,`name`,`description`,`depth`,`is_free`,`price`,`location_flow_id`,`location_fundus_id`,`location_relief_id`,`location_type_id`,`location_scope_id`,`address_id`,`created_by`,`updated_by`,`slug`,`created_at`,`updated_at`,`latitude`,`longitude`,`version`) values (372,'','',NULL,0,'',NULL,NULL,NULL,NULL,5,334,1,1,'53','2011-05-02 19:58:13','2011-05-02 19:58:13',56.308967243299996,44.017345905299997,2);
insert  into `location`(`id`,`name`,`description`,`depth`,`is_free`,`price`,`location_flow_id`,`location_fundus_id`,`location_relief_id`,`location_type_id`,`location_scope_id`,`address_id`,`created_by`,`updated_by`,`slug`,`created_at`,`updated_at`,`latitude`,`longitude`,`version`) values (373,' ( )',' &quot; &quot;      140   -  20   .           .   10    .         .   &quot; &quot;           .          .             .  &quot; &quot;           .',NULL,1,'',NULL,NULL,NULL,NULL,5,335,1,1,'54','2011-05-02 19:58:15','2011-05-02 19:58:16',54.875572092799999,37.320449352299988,2);
insert  into `location`(`id`,`name`,`description`,`depth`,`is_free`,`price`,`location_flow_id`,`location_fundus_id`,`location_relief_id`,`location_type_id`,`location_scope_id`,`address_id`,`created_by`,`updated_by`,`slug`,`created_at`,`updated_at`,`latitude`,`longitude`,`version`) values (374,'','',NULL,0,'',NULL,NULL,NULL,NULL,5,336,1,1,'55','2011-05-02 19:58:18','2011-05-02 19:58:18',59.945232303700010,30.414190292399997,2);
insert  into `location`(`id`,`name`,`description`,`depth`,`is_free`,`price`,`location_flow_id`,`location_fundus_id`,`location_relief_id`,`location_type_id`,`location_scope_id`,`address_id`,`created_by`,`updated_by`,`slug`,`created_at`,`updated_at`,`latitude`,`longitude`,`version`) values (376,' ','',NULL,1,'',NULL,NULL,NULL,NULL,5,338,1,1,'57','2011-05-02 19:58:24','2011-05-02 19:58:24',59.782297656800026,30.117816925000000,2);
insert  into `location`(`id`,`name`,`description`,`depth`,`is_free`,`price`,`location_flow_id`,`location_fundus_id`,`location_relief_id`,`location_type_id`,`location_scope_id`,`address_id`,`created_by`,`updated_by`,`slug`,`created_at`,`updated_at`,`latitude`,`longitude`,`version`) values (377,'','   ',NULL,0,'',NULL,NULL,NULL,NULL,5,339,1,1,'58','2011-05-02 19:58:27','2011-05-02 19:58:27',59.909324623300002,30.306569337799999,2);
insert  into `location`(`id`,`name`,`description`,`depth`,`is_free`,`price`,`location_flow_id`,`location_fundus_id`,`location_relief_id`,`location_type_id`,`location_scope_id`,`address_id`,`created_by`,`updated_by`,`slug`,`created_at`,`updated_at`,`latitude`,`longitude`,`version`) values (378,'    ','            .     . .  .   3      5 .  .   .    -    ()    .',NULL,0,'',NULL,NULL,NULL,NULL,5,340,1,1,'59','2011-05-02 19:58:30','2011-05-02 19:58:30',58.122869166799994,38.394470214800002,2);
insert  into `location`(`id`,`name`,`description`,`depth`,`is_free`,`price`,`location_flow_id`,`location_fundus_id`,`location_relief_id`,`location_type_id`,`location_scope_id`,`address_id`,`created_by`,`updated_by`,`slug`,`created_at`,`updated_at`,`latitude`,`longitude`,`version`) values (379,'','       . 2010  150.',NULL,1,'',NULL,NULL,NULL,NULL,5,341,1,1,'60','2011-05-02 19:58:33','2011-05-02 19:58:33',50.177777596100000,36.841707229599997,2);
insert  into `location`(`id`,`name`,`description`,`depth`,`is_free`,`price`,`location_flow_id`,`location_fundus_id`,`location_relief_id`,`location_type_id`,`location_scope_id`,`address_id`,`created_by`,`updated_by`,`slug`,`created_at`,`updated_at`,`latitude`,`longitude`,`version`) values (380,'  ','   ( )   .500..',NULL,1,'',NULL,NULL,NULL,NULL,5,342,1,1,'61','2011-05-02 19:58:36','2011-05-02 19:58:36',54.720666969100002,20.462100505799999,2);
insert  into `location`(`id`,`name`,`description`,`depth`,`is_free`,`price`,`location_flow_id`,`location_fundus_id`,`location_relief_id`,`location_type_id`,`location_scope_id`,`address_id`,`created_by`,`updated_by`,`slug`,`created_at`,`updated_at`,`latitude`,`longitude`,`version`) values (381,'  ','',NULL,0,'',NULL,NULL,NULL,NULL,5,343,1,1,'62','2011-05-02 19:58:39','2011-05-02 19:58:39',59.908506987599978,30.321664810199998,2);
insert  into `location`(`id`,`name`,`description`,`depth`,`is_free`,`price`,`location_flow_id`,`location_fundus_id`,`location_relief_id`,`location_type_id`,`location_scope_id`,`address_id`,`created_by`,`updated_by`,`slug`,`created_at`,`updated_at`,`latitude`,`longitude`,`version`) values (382,'','     .',NULL,1,'',NULL,NULL,NULL,NULL,5,344,1,1,'63','2011-05-02 19:58:42','2011-05-02 19:58:42',52.506191341999994,39.541168212899997,2);
insert  into `location`(`id`,`name`,`description`,`depth`,`is_free`,`price`,`location_flow_id`,`location_fundus_id`,`location_relief_id`,`location_type_id`,`location_scope_id`,`address_id`,`created_by`,`updated_by`,`slug`,`created_at`,`updated_at`,`latitude`,`longitude`,`version`) values (384,' ()','',NULL,1,'',NULL,NULL,NULL,NULL,5,346,1,1,'65','2011-05-02 19:58:47','2011-05-02 19:58:47',56.153390360100012,45.705528259300003,2);
insert  into `location`(`id`,`name`,`description`,`depth`,`is_free`,`price`,`location_flow_id`,`location_fundus_id`,`location_relief_id`,`location_type_id`,`location_scope_id`,`address_id`,`created_by`,`updated_by`,`slug`,`created_at`,`updated_at`,`latitude`,`longitude`,`version`) values (385,'.  ()','    .       .   .  :       .',NULL,1,'',NULL,NULL,NULL,NULL,5,347,1,1,'66','2011-05-02 19:58:50','2011-05-02 19:58:50',56.190660358599999,45.631027221700002,2);
insert  into `location`(`id`,`name`,`description`,`depth`,`is_free`,`price`,`location_flow_id`,`location_fundus_id`,`location_relief_id`,`location_type_id`,`location_scope_id`,`address_id`,`created_by`,`updated_by`,`slug`,`created_at`,`updated_at`,`latitude`,`longitude`,`version`) values (386,'','   .    .',NULL,1,'',NULL,NULL,NULL,NULL,5,348,1,1,'67','2011-05-02 19:58:53','2011-05-02 19:58:53',56.179769792999998,45.680465698200003,2);
insert  into `location`(`id`,`name`,`description`,`depth`,`is_free`,`price`,`location_flow_id`,`location_fundus_id`,`location_relief_id`,`location_type_id`,`location_scope_id`,`address_id`,`created_by`,`updated_by`,`slug`,`created_at`,`updated_at`,`latitude`,`longitude`,`version`) values (387,'   ',' ',NULL,0,'',NULL,NULL,NULL,NULL,5,349,1,1,'68','2011-05-02 19:58:56','2011-05-02 19:58:56',56.185693115499987,45.682525634800001,2);
insert  into `location`(`id`,`name`,`description`,`depth`,`is_free`,`price`,`location_flow_id`,`location_fundus_id`,`location_relief_id`,`location_type_id`,`location_scope_id`,`address_id`,`created_by`,`updated_by`,`slug`,`created_at`,`updated_at`,`latitude`,`longitude`,`version`) values (388,'.  ()','          - ',NULL,1,'',NULL,NULL,NULL,NULL,5,350,1,1,'69','2011-05-02 19:58:59','2011-05-02 19:58:59',56.175183367099997,45.648536682100001,2);
insert  into `location`(`id`,`name`,`description`,`depth`,`is_free`,`price`,`location_flow_id`,`location_fundus_id`,`location_relief_id`,`location_type_id`,`location_scope_id`,`address_id`,`created_by`,`updated_by`,`slug`,`created_at`,`updated_at`,`latitude`,`longitude`,`version`) values (389,'  ()',' .  ',NULL,0,'',NULL,NULL,NULL,NULL,5,351,1,1,'70','2011-05-02 19:59:02','2011-05-02 19:59:02',45.928229509300003,48.317871093800001,2);
insert  into `location`(`id`,`name`,`description`,`depth`,`is_free`,`price`,`location_flow_id`,`location_fundus_id`,`location_relief_id`,`location_type_id`,`location_scope_id`,`address_id`,`created_by`,`updated_by`,`slug`,`created_at`,`updated_at`,`latitude`,`longitude`,`version`) values (390,' ','    . ',NULL,1,'',NULL,NULL,NULL,NULL,5,352,1,1,'71','2011-05-02 19:59:05','2011-05-02 19:59:05',53.252068805900009,50.141601562500000,2);
insert  into `location`(`id`,`name`,`description`,`depth`,`is_free`,`price`,`location_flow_id`,`location_fundus_id`,`location_relief_id`,`location_type_id`,`location_scope_id`,`address_id`,`created_by`,`updated_by`,`slug`,`created_at`,`updated_at`,`latitude`,`longitude`,`version`) values (391,' 24,  . 43','',NULL,0,'',NULL,NULL,NULL,NULL,5,353,1,1,'24-43','2011-05-02 19:59:08','2011-05-02 19:59:08',55.618933466900003,37.113597392999999,2);
insert  into `location`(`id`,`name`,`description`,`depth`,`is_free`,`price`,`location_flow_id`,`location_fundus_id`,`location_relief_id`,`location_type_id`,`location_scope_id`,`address_id`,`created_by`,`updated_by`,`slug`,`created_at`,`updated_at`,`latitude`,`longitude`,`version`) values (392,',  . 47','     . ',NULL,0,'',NULL,NULL,NULL,NULL,5,354,1,1,'47-1','2011-05-02 19:59:11','2011-05-02 19:59:11',55.603250900299997,37.002854347199971,2);
insert  into `location`(`id`,`name`,`description`,`depth`,`is_free`,`price`,`location_flow_id`,`location_fundus_id`,`location_relief_id`,`location_type_id`,`location_scope_id`,`address_id`,`created_by`,`updated_by`,`slug`,`created_at`,`updated_at`,`latitude`,`longitude`,`version`) values (393,'',' ',NULL,1,'',NULL,NULL,NULL,NULL,5,355,1,1,'72','2011-05-02 19:59:14','2011-05-02 19:59:14',51.750892616900003,37.058601379400002,2);
insert  into `location`(`id`,`name`,`description`,`depth`,`is_free`,`price`,`location_flow_id`,`location_fundus_id`,`location_relief_id`,`location_type_id`,`location_scope_id`,`address_id`,`created_by`,`updated_by`,`slug`,`created_at`,`updated_at`,`latitude`,`longitude`,`version`) values (394,' ','  ',NULL,0,'',NULL,NULL,NULL,NULL,5,356,1,1,'73','2011-05-02 19:59:17','2011-05-02 19:59:17',54.724911404799997,20.468355417300000,2);
insert  into `location`(`id`,`name`,`description`,`depth`,`is_free`,`price`,`location_flow_id`,`location_fundus_id`,`location_relief_id`,`location_type_id`,`location_scope_id`,`address_id`,`created_by`,`updated_by`,`slug`,`created_at`,`updated_at`,`latitude`,`longitude`,`version`) values (395,' ','      &quot;&quot;',NULL,0,'',NULL,NULL,NULL,NULL,5,357,1,1,'74','2011-05-02 19:59:20','2011-05-02 19:59:20',45.440380888300027,29.539146423299989,2);
insert  into `location`(`id`,`name`,`description`,`depth`,`is_free`,`price`,`location_flow_id`,`location_fundus_id`,`location_relief_id`,`location_type_id`,`location_scope_id`,`address_id`,`created_by`,`updated_by`,`slug`,`created_at`,`updated_at`,`latitude`,`longitude`,`version`) values (396,' -','   &quot; &quot;.       .   ?',NULL,0,'',NULL,NULL,NULL,NULL,5,358,1,1,'75','2011-05-02 19:59:23','2011-05-02 19:59:23',56.164288409299999,45.809211730999998,2);
insert  into `location`(`id`,`name`,`description`,`depth`,`is_free`,`price`,`location_flow_id`,`location_fundus_id`,`location_relief_id`,`location_type_id`,`location_scope_id`,`address_id`,`created_by`,`updated_by`,`slug`,`created_at`,`updated_at`,`latitude`,`longitude`,`version`) values (397,' ','',NULL,1,'',NULL,NULL,NULL,NULL,5,359,1,1,'76','2011-05-02 19:59:25','2011-05-02 19:59:26',53.132271551599999,38.140411377000000,2);
insert  into `location`(`id`,`name`,`description`,`depth`,`is_free`,`price`,`location_flow_id`,`location_fundus_id`,`location_relief_id`,`location_type_id`,`location_scope_id`,`address_id`,`created_by`,`updated_by`,`slug`,`created_at`,`updated_at`,`latitude`,`longitude`,`version`) values (398,'   ','                  . (      ).',NULL,1,'',NULL,NULL,NULL,NULL,5,360,1,1,'77','2011-05-02 19:59:28','2011-05-02 19:59:28',55.591539423999997,37.434024810799997,2);
insert  into `location`(`id`,`name`,`description`,`depth`,`is_free`,`price`,`location_flow_id`,`location_fundus_id`,`location_relief_id`,`location_type_id`,`location_scope_id`,`address_id`,`created_by`,`updated_by`,`slug`,`created_at`,`updated_at`,`latitude`,`longitude`,`version`) values (399,' .  .','  .             .',NULL,1,'',NULL,NULL,NULL,NULL,5,361,1,1,'78','2011-05-02 19:59:31','2011-05-02 19:59:31',56.095310956300011,36.790380477900001,2);
insert  into `location`(`id`,`name`,`description`,`depth`,`is_free`,`price`,`location_flow_id`,`location_fundus_id`,`location_relief_id`,`location_type_id`,`location_scope_id`,`address_id`,`created_by`,`updated_by`,`slug`,`created_at`,`updated_at`,`latitude`,`longitude`,`version`) values (400,' ','             .     - 35 .            .       .              .            .             -          .',NULL,0,'',NULL,NULL,NULL,NULL,5,362,1,1,'79','2011-05-02 19:59:34','2011-05-02 19:59:34',56.137515741900003,45.930404663099999,2);
insert  into `location`(`id`,`name`,`description`,`depth`,`is_free`,`price`,`location_flow_id`,`location_fundus_id`,`location_relief_id`,`location_type_id`,`location_scope_id`,`address_id`,`created_by`,`updated_by`,`slug`,`created_at`,`updated_at`,`latitude`,`longitude`,`version`) values (401,'. ','',NULL,1,'',NULL,NULL,NULL,NULL,5,363,1,1,'80','2011-05-02 19:59:37','2011-05-02 19:59:37',53.180629784700002,83.479099273700001,2);
insert  into `location`(`id`,`name`,`description`,`depth`,`is_free`,`price`,`location_flow_id`,`location_fundus_id`,`location_relief_id`,`location_type_id`,`location_scope_id`,`address_id`,`created_by`,`updated_by`,`slug`,`created_at`,`updated_at`,`latitude`,`longitude`,`version`) values (402,'  ','',NULL,0,'',NULL,NULL,NULL,NULL,5,364,1,1,'81','2011-05-02 19:59:40','2011-05-02 19:59:40',55.844506281999998,37.164816856400002,2);
insert  into `location`(`id`,`name`,`description`,`depth`,`is_free`,`price`,`location_flow_id`,`location_fundus_id`,`location_relief_id`,`location_type_id`,`location_scope_id`,`address_id`,`created_by`,`updated_by`,`slug`,`created_at`,`updated_at`,`latitude`,`longitude`,`version`) values (403,'  ','  ',NULL,1,'',NULL,NULL,NULL,NULL,5,365,1,1,'82','2011-05-02 19:59:43','2011-05-02 19:59:43',55.927971155100003,43.917846679699998,2);
insert  into `location`(`id`,`name`,`description`,`depth`,`is_free`,`price`,`location_flow_id`,`location_fundus_id`,`location_relief_id`,`location_type_id`,`location_scope_id`,`address_id`,`created_by`,`updated_by`,`slug`,`created_at`,`updated_at`,`latitude`,`longitude`,`version`) values (404,'.  /  ()','+7-920-028-3-028       .',NULL,1,'',NULL,NULL,NULL,NULL,5,366,1,1,'83','2011-05-02 19:59:46','2011-05-02 19:59:46',55.434857336400000,49.346466064500000,2);
insert  into `location`(`id`,`name`,`description`,`depth`,`is_free`,`price`,`location_flow_id`,`location_fundus_id`,`location_relief_id`,`location_type_id`,`location_scope_id`,`address_id`,`created_by`,`updated_by`,`slug`,`created_at`,`updated_at`,`latitude`,`longitude`,`version`) values (405,'','',NULL,0,'',NULL,NULL,NULL,NULL,5,367,1,1,'84','2011-05-02 19:59:49','2011-05-02 19:59:49',53.182378635600003,39.597816467299999,2);
insert  into `location`(`id`,`name`,`description`,`depth`,`is_free`,`price`,`location_flow_id`,`location_fundus_id`,`location_relief_id`,`location_type_id`,`location_scope_id`,`address_id`,`created_by`,`updated_by`,`slug`,`created_at`,`updated_at`,`latitude`,`longitude`,`version`) values (406,'','        .          .        .               .    : 8 495 724-3110 8 903 718-6150&nbsp;&nbsp; <a href=\"http://www.botovohotel.ru\" target=\"_blank\">www.botovohotel.ru</a>',NULL,0,'',NULL,NULL,NULL,NULL,5,368,1,1,'85','2011-05-02 19:59:52','2011-05-02 19:59:52',52.703226747699986,39.916419982900003,2);
insert  into `location`(`id`,`name`,`description`,`depth`,`is_free`,`price`,`location_flow_id`,`location_fundus_id`,`location_relief_id`,`location_type_id`,`location_scope_id`,`address_id`,`created_by`,`updated_by`,`slug`,`created_at`,`updated_at`,`latitude`,`longitude`,`version`) values (407,' .','',NULL,1,'',NULL,NULL,NULL,NULL,5,369,1,1,'86','2011-05-02 19:59:54','2011-05-02 19:59:55',52.861875632599997,39.844150543200001,2);
insert  into `location`(`id`,`name`,`description`,`depth`,`is_free`,`price`,`location_flow_id`,`location_fundus_id`,`location_relief_id`,`location_type_id`,`location_scope_id`,`address_id`,`created_by`,`updated_by`,`slug`,`created_at`,`updated_at`,`latitude`,`longitude`,`version`) values (408,'','',NULL,0,'',NULL,NULL,NULL,NULL,5,370,1,1,'87','2011-05-02 19:59:57','2011-05-02 19:59:57',52.961047854399979,39.767761230499971,2);
insert  into `location`(`id`,`name`,`description`,`depth`,`is_free`,`price`,`location_flow_id`,`location_fundus_id`,`location_relief_id`,`location_type_id`,`location_scope_id`,`address_id`,`created_by`,`updated_by`,`slug`,`created_at`,`updated_at`,`latitude`,`longitude`,`version`) values (409,'','',NULL,1,'',NULL,NULL,NULL,NULL,5,371,1,1,'88','2011-05-02 20:00:00','2011-05-02 20:00:00',54.692165075999995,20.396804809599999,2);
insert  into `location`(`id`,`name`,`description`,`depth`,`is_free`,`price`,`location_flow_id`,`location_fundus_id`,`location_relief_id`,`location_type_id`,`location_scope_id`,`address_id`,`created_by`,`updated_by`,`slug`,`created_at`,`updated_at`,`latitude`,`longitude`,`version`) values (410,' ','',NULL,1,'',NULL,NULL,NULL,NULL,5,372,1,1,'89','2011-05-02 20:00:03','2011-05-02 20:00:03',54.653080365299999,20.855827331499999,2);
insert  into `location`(`id`,`name`,`description`,`depth`,`is_free`,`price`,`location_flow_id`,`location_fundus_id`,`location_relief_id`,`location_type_id`,`location_scope_id`,`address_id`,`created_by`,`updated_by`,`slug`,`created_at`,`updated_at`,`latitude`,`longitude`,`version`) values (411,'','       .  -       ....',NULL,1,'',NULL,NULL,NULL,NULL,5,373,1,1,'90','2011-05-02 20:00:06','2011-05-02 20:00:06',54.944048845700003,20.485296249400001,2);
insert  into `location`(`id`,`name`,`description`,`depth`,`is_free`,`price`,`location_flow_id`,`location_fundus_id`,`location_relief_id`,`location_type_id`,`location_scope_id`,`address_id`,`created_by`,`updated_by`,`slug`,`created_at`,`updated_at`,`latitude`,`longitude`,`version`) values (412,' ','                ',NULL,1,'',NULL,NULL,NULL,NULL,5,374,1,1,'91','2011-05-02 20:00:09','2011-05-02 20:00:09',54.720660772499997,20.462636947600000,2);
insert  into `location`(`id`,`name`,`description`,`depth`,`is_free`,`price`,`location_flow_id`,`location_fundus_id`,`location_relief_id`,`location_type_id`,`location_scope_id`,`address_id`,`created_by`,`updated_by`,`slug`,`created_at`,`updated_at`,`latitude`,`longitude`,`version`) values (413,' ','',NULL,0,'',NULL,NULL,NULL,NULL,5,375,1,1,'92','2011-05-02 20:00:12','2011-05-02 20:00:12',55.510797737499999,37.720441818200001,2);
insert  into `location`(`id`,`name`,`description`,`depth`,`is_free`,`price`,`location_flow_id`,`location_fundus_id`,`location_relief_id`,`location_type_id`,`location_scope_id`,`address_id`,`created_by`,`updated_by`,`slug`,`created_at`,`updated_at`,`latitude`,`longitude`,`version`) values (415,'. ','',NULL,1,'',NULL,NULL,NULL,NULL,5,377,1,1,'94','2011-05-02 20:00:18','2011-05-02 20:00:18',57.985536054000001,56.127777099600003,2);
insert  into `location`(`id`,`name`,`description`,`depth`,`is_free`,`price`,`location_flow_id`,`location_fundus_id`,`location_relief_id`,`location_type_id`,`location_scope_id`,`address_id`,`created_by`,`updated_by`,`slug`,`created_at`,`updated_at`,`latitude`,`longitude`,`version`) values (416,'. ','',NULL,1,'',NULL,NULL,NULL,NULL,5,378,1,1,'95','2011-05-02 20:00:21','2011-05-02 20:00:21',58.002640611399997,56.128463745099999,2);
insert  into `location`(`id`,`name`,`description`,`depth`,`is_free`,`price`,`location_flow_id`,`location_fundus_id`,`location_relief_id`,`location_type_id`,`location_scope_id`,`address_id`,`created_by`,`updated_by`,`slug`,`created_at`,`updated_at`,`latitude`,`longitude`,`version`) values (417,'','',NULL,1,'',NULL,NULL,NULL,NULL,5,379,1,1,'96','2011-05-02 20:00:23','2011-05-02 20:00:23',58.016827553299997,56.085205078100003,2);
insert  into `location`(`id`,`name`,`description`,`depth`,`is_free`,`price`,`location_flow_id`,`location_fundus_id`,`location_relief_id`,`location_type_id`,`location_scope_id`,`address_id`,`created_by`,`updated_by`,`slug`,`created_at`,`updated_at`,`latitude`,`longitude`,`version`) values (420,' ','',NULL,1,'',NULL,NULL,NULL,NULL,5,382,1,1,'99','2011-05-02 20:00:32','2011-05-02 20:00:32',57.145325073499997,40.322721004500011,2);
insert  into `location`(`id`,`name`,`description`,`depth`,`is_free`,`price`,`location_flow_id`,`location_fundus_id`,`location_relief_id`,`location_type_id`,`location_scope_id`,`address_id`,`created_by`,`updated_by`,`slug`,`created_at`,`updated_at`,`latitude`,`longitude`,`version`) values (421,'. ','',NULL,1,'',NULL,NULL,NULL,NULL,5,383,1,1,'100','2011-05-02 20:00:35','2011-05-02 20:00:35',56.913149235999995,39.155015945400002,2);
insert  into `location`(`id`,`name`,`description`,`depth`,`is_free`,`price`,`location_flow_id`,`location_fundus_id`,`location_relief_id`,`location_type_id`,`location_scope_id`,`address_id`,`created_by`,`updated_by`,`slug`,`created_at`,`updated_at`,`latitude`,`longitude`,`version`) values (422,'  ','  ',NULL,0,'',NULL,NULL,NULL,NULL,5,384,1,1,'101','2011-05-02 20:00:41','2011-05-02 20:00:41',48.618952585599999,45.518932342500001,2);
insert  into `location`(`id`,`name`,`description`,`depth`,`is_free`,`price`,`location_flow_id`,`location_fundus_id`,`location_relief_id`,`location_type_id`,`location_scope_id`,`address_id`,`created_by`,`updated_by`,`slug`,`created_at`,`updated_at`,`latitude`,`longitude`,`version`) values (423,'','  .  .       -      :)     300-400   .',NULL,1,'',NULL,NULL,NULL,NULL,5,385,1,1,'102','2011-05-02 20:00:44','2011-05-02 20:00:44',56.033979007500001,36.817932128899997,2);
insert  into `location`(`id`,`name`,`description`,`depth`,`is_free`,`price`,`location_flow_id`,`location_fundus_id`,`location_relief_id`,`location_type_id`,`location_scope_id`,`address_id`,`created_by`,`updated_by`,`slug`,`created_at`,`updated_at`,`latitude`,`longitude`,`version`) values (424,' ','',NULL,0,'',NULL,NULL,NULL,NULL,5,386,1,1,'103','2011-05-02 20:00:46','2011-05-02 20:00:47',55.539019130600003,36.615720391300002,2);
insert  into `location`(`id`,`name`,`description`,`depth`,`is_free`,`price`,`location_flow_id`,`location_fundus_id`,`location_relief_id`,`location_type_id`,`location_scope_id`,`address_id`,`created_by`,`updated_by`,`slug`,`created_at`,`updated_at`,`latitude`,`longitude`,`version`) values (425,'','..',NULL,1,'',NULL,NULL,NULL,NULL,5,387,1,1,'104','2011-05-02 20:00:49','2011-05-02 20:00:50',52.617751637300003,38.961113691299971,2);
insert  into `location`(`id`,`name`,`description`,`depth`,`is_free`,`price`,`location_flow_id`,`location_fundus_id`,`location_relief_id`,`location_type_id`,`location_scope_id`,`address_id`,`created_by`,`updated_by`,`slug`,`created_at`,`updated_at`,`latitude`,`longitude`,`version`) values (426,'','',NULL,1,'',NULL,NULL,NULL,NULL,5,388,1,1,'105','2011-05-02 20:00:53','2011-05-02 20:00:53',52.593246399700000,39.743385314900017,2);
insert  into `location`(`id`,`name`,`description`,`depth`,`is_free`,`price`,`location_flow_id`,`location_fundus_id`,`location_relief_id`,`location_type_id`,`location_scope_id`,`address_id`,`created_by`,`updated_by`,`slug`,`created_at`,`updated_at`,`latitude`,`longitude`,`version`) values (427,'','',NULL,1,'',NULL,NULL,NULL,NULL,5,389,1,1,'106','2011-05-02 20:00:55','2011-05-02 20:00:56',52.287902570999996,39.412765502899994,2);
insert  into `location`(`id`,`name`,`description`,`depth`,`is_free`,`price`,`location_flow_id`,`location_fundus_id`,`location_relief_id`,`location_type_id`,`location_scope_id`,`address_id`,`created_by`,`updated_by`,`slug`,`created_at`,`updated_at`,`latitude`,`longitude`,`version`) values (428,'','-  .   ! .',NULL,1,'',NULL,NULL,NULL,NULL,5,390,1,1,'107','2011-05-02 20:00:58','2011-05-02 20:00:58',52.358828590099996,39.417572021500000,2);
insert  into `location`(`id`,`name`,`description`,`depth`,`is_free`,`price`,`location_flow_id`,`location_fundus_id`,`location_relief_id`,`location_type_id`,`location_scope_id`,`address_id`,`created_by`,`updated_by`,`slug`,`created_at`,`updated_at`,`latitude`,`longitude`,`version`) values (429,'','',NULL,1,'',NULL,NULL,NULL,NULL,5,391,1,1,'108','2011-05-02 20:01:01','2011-05-02 20:01:01',55.420635710099980,39.203681945800000,2);
insert  into `location`(`id`,`name`,`description`,`depth`,`is_free`,`price`,`location_flow_id`,`location_fundus_id`,`location_relief_id`,`location_type_id`,`location_scope_id`,`address_id`,`created_by`,`updated_by`,`slug`,`created_at`,`updated_at`,`latitude`,`longitude`,`version`) values (430,' ','     .   .  .        .',NULL,0,'',NULL,NULL,NULL,NULL,5,392,1,1,'109','2011-05-02 20:01:04','2011-05-02 20:01:04',57.082004442899994,32.698230743400003,2);
insert  into `location`(`id`,`name`,`description`,`depth`,`is_free`,`price`,`location_flow_id`,`location_fundus_id`,`location_relief_id`,`location_type_id`,`location_scope_id`,`address_id`,`created_by`,`updated_by`,`slug`,`created_at`,`updated_at`,`latitude`,`longitude`,`version`) values (431,' ','    ',NULL,1,'',NULL,NULL,NULL,NULL,5,393,1,1,'110','2011-05-02 20:01:07','2011-05-02 20:01:07',57.062315591299999,32.652482986499997,2);
insert  into `location`(`id`,`name`,`description`,`depth`,`is_free`,`price`,`location_flow_id`,`location_fundus_id`,`location_relief_id`,`location_type_id`,`location_scope_id`,`address_id`,`created_by`,`updated_by`,`slug`,`created_at`,`updated_at`,`latitude`,`longitude`,`version`) values (432,'','   !        . ',NULL,0,'',NULL,NULL,NULL,NULL,5,394,1,1,'111','2011-05-02 20:01:10','2011-05-02 20:01:10',55.792017325499998,38.129253387499979,2);
insert  into `location`(`id`,`name`,`description`,`depth`,`is_free`,`price`,`location_flow_id`,`location_fundus_id`,`location_relief_id`,`location_type_id`,`location_scope_id`,`address_id`,`created_by`,`updated_by`,`slug`,`created_at`,`updated_at`,`latitude`,`longitude`,`version`) values (433,'','   .   . <a href=\"http://www.komarovfish.ru\" target=\"_blank\">www.komarovfish.ru</a>',NULL,0,'',NULL,NULL,NULL,NULL,5,395,1,1,'112','2011-05-02 20:01:13','2011-05-02 20:01:13',55.792789380099997,38.119983673100002,2);
insert  into `location`(`id`,`name`,`description`,`depth`,`is_free`,`price`,`location_flow_id`,`location_fundus_id`,`location_relief_id`,`location_type_id`,`location_scope_id`,`address_id`,`created_by`,`updated_by`,`slug`,`created_at`,`updated_at`,`latitude`,`longitude`,`version`) values (434,' ',' ',NULL,1,'',NULL,NULL,NULL,NULL,5,396,1,1,'113','2011-05-02 20:01:16','2011-05-02 20:01:16',56.768079123699998,38.777618408199999,2);
insert  into `location`(`id`,`name`,`description`,`depth`,`is_free`,`price`,`location_flow_id`,`location_fundus_id`,`location_relief_id`,`location_type_id`,`location_scope_id`,`address_id`,`created_by`,`updated_by`,`slug`,`created_at`,`updated_at`,`latitude`,`longitude`,`version`) values (435,' ','',NULL,0,'',NULL,NULL,NULL,NULL,5,397,1,1,'114','2011-05-02 20:01:19','2011-05-02 20:01:19',55.417566673699987,37.248544692999978,2);
insert  into `location`(`id`,`name`,`description`,`depth`,`is_free`,`price`,`location_flow_id`,`location_fundus_id`,`location_relief_id`,`location_type_id`,`location_scope_id`,`address_id`,`created_by`,`updated_by`,`slug`,`created_at`,`updated_at`,`latitude`,`longitude`,`version`) values (436,' \" \"  \"\".','',NULL,0,'',NULL,NULL,NULL,NULL,5,398,1,1,'115','2011-05-02 20:01:22','2011-05-02 20:01:22',66.197997287400000,33.354063034100001,2);
insert  into `location`(`id`,`name`,`description`,`depth`,`is_free`,`price`,`location_flow_id`,`location_fundus_id`,`location_relief_id`,`location_type_id`,`location_scope_id`,`address_id`,`created_by`,`updated_by`,`slug`,`created_at`,`updated_at`,`latitude`,`longitude`,`version`) values (437,', ','     .    .',NULL,1,'',NULL,NULL,NULL,NULL,5,399,1,1,'116','2011-05-02 20:01:25','2011-05-02 20:01:25',55.494483625100003,37.743616104099999,2);
insert  into `location`(`id`,`name`,`description`,`depth`,`is_free`,`price`,`location_flow_id`,`location_fundus_id`,`location_relief_id`,`location_type_id`,`location_scope_id`,`address_id`,`created_by`,`updated_by`,`slug`,`created_at`,`updated_at`,`latitude`,`longitude`,`version`) values (438,'.','   ',NULL,0,'',NULL,NULL,NULL,NULL,5,400,1,1,'117','2011-05-02 20:01:27','2011-05-02 20:01:27',52.438013595299971,39.401779174799998,2);
insert  into `location`(`id`,`name`,`description`,`depth`,`is_free`,`price`,`location_flow_id`,`location_fundus_id`,`location_relief_id`,`location_type_id`,`location_scope_id`,`address_id`,`created_by`,`updated_by`,`slug`,`created_at`,`updated_at`,`latitude`,`longitude`,`version`) values (439,' ','',NULL,1,'',NULL,NULL,NULL,NULL,5,401,1,1,'118','2011-05-02 20:01:30','2011-05-02 20:01:30',52.544834202699995,39.822864532499999,2);
insert  into `location`(`id`,`name`,`description`,`depth`,`is_free`,`price`,`location_flow_id`,`location_fundus_id`,`location_relief_id`,`location_type_id`,`location_scope_id`,`address_id`,`created_by`,`updated_by`,`slug`,`created_at`,`updated_at`,`latitude`,`longitude`,`version`) values (440,'',' .     .',NULL,0,'',NULL,NULL,NULL,NULL,5,402,1,1,'119','2011-05-02 20:01:33','2011-05-02 20:01:33',53.043380391199996,39.817199706999986,2);
insert  into `location`(`id`,`name`,`description`,`depth`,`is_free`,`price`,`location_flow_id`,`location_fundus_id`,`location_relief_id`,`location_type_id`,`location_scope_id`,`address_id`,`created_by`,`updated_by`,`slug`,`created_at`,`updated_at`,`latitude`,`longitude`,`version`) values (441,' - ',' ',NULL,1,'',NULL,NULL,NULL,NULL,5,403,1,1,'120','2011-05-02 20:01:36','2011-05-02 20:01:36',54.836409621900017,37.260818481399987,2);
insert  into `location`(`id`,`name`,`description`,`depth`,`is_free`,`price`,`location_flow_id`,`location_fundus_id`,`location_relief_id`,`location_type_id`,`location_scope_id`,`address_id`,`created_by`,`updated_by`,`slug`,`created_at`,`updated_at`,`latitude`,`longitude`,`version`) values (442,'  ','',NULL,1,'',NULL,NULL,NULL,NULL,5,404,1,1,'121','2011-05-02 20:01:39','2011-05-02 20:01:39',55.818451484000001,39.854192733799998,2);
insert  into `location`(`id`,`name`,`description`,`depth`,`is_free`,`price`,`location_flow_id`,`location_fundus_id`,`location_relief_id`,`location_type_id`,`location_scope_id`,`address_id`,`created_by`,`updated_by`,`slug`,`created_at`,`updated_at`,`latitude`,`longitude`,`version`) values (443,'. , ',' ',NULL,1,'',NULL,NULL,NULL,NULL,5,405,1,1,'122','2011-05-02 20:01:42','2011-05-02 20:01:42',55.561524637900000,38.026084899899999,2);
insert  into `location`(`id`,`name`,`description`,`depth`,`is_free`,`price`,`location_flow_id`,`location_fundus_id`,`location_relief_id`,`location_type_id`,`location_scope_id`,`address_id`,`created_by`,`updated_by`,`slug`,`created_at`,`updated_at`,`latitude`,`longitude`,`version`) values (444,'  \"\"','',NULL,0,'',NULL,NULL,NULL,NULL,5,406,1,1,'123','2011-05-02 20:01:45','2011-05-02 20:01:45',59.506280713999999,38.516693115199999,2);
insert  into `location`(`id`,`name`,`description`,`depth`,`is_free`,`price`,`location_flow_id`,`location_fundus_id`,`location_relief_id`,`location_type_id`,`location_scope_id`,`address_id`,`created_by`,`updated_by`,`slug`,`created_at`,`updated_at`,`latitude`,`longitude`,`version`) values (445,'Ahtuba-club.ru',' ',NULL,0,'',NULL,NULL,NULL,NULL,5,407,1,1,'ahtuba-club-ru','2011-05-02 20:01:48','2011-05-02 20:01:48',47.112593267599998,47.398452758799998,2);
insert  into `location`(`id`,`name`,`description`,`depth`,`is_free`,`price`,`location_flow_id`,`location_fundus_id`,`location_relief_id`,`location_type_id`,`location_scope_id`,`address_id`,`created_by`,`updated_by`,`slug`,`created_at`,`updated_at`,`latitude`,`longitude`,`version`) values (446,' ','',NULL,0,'',NULL,NULL,NULL,NULL,5,408,1,1,'124','2011-05-02 20:01:51','2011-05-02 20:01:51',56.513669536799995,37.361068725599999,2);
insert  into `location`(`id`,`name`,`description`,`depth`,`is_free`,`price`,`location_flow_id`,`location_fundus_id`,`location_relief_id`,`location_type_id`,`location_scope_id`,`address_id`,`created_by`,`updated_by`,`slug`,`created_at`,`updated_at`,`latitude`,`longitude`,`version`) values (447,'\" \"','        .    .     .',NULL,0,'',NULL,NULL,NULL,NULL,5,409,1,1,'125','2011-05-02 20:01:54','2011-05-02 20:01:54',54.999816697000000,73.472968339900007,2);
insert  into `location`(`id`,`name`,`description`,`depth`,`is_free`,`price`,`location_flow_id`,`location_fundus_id`,`location_relief_id`,`location_type_id`,`location_scope_id`,`address_id`,`created_by`,`updated_by`,`slug`,`created_at`,`updated_at`,`latitude`,`longitude`,`version`) values (448,' -   \"\" ','',NULL,0,'',NULL,NULL,NULL,NULL,5,410,1,1,'126','2011-05-02 20:01:57','2011-05-02 20:01:57',47.586975945799999,46.752233505199996,2);
insert  into `location`(`id`,`name`,`description`,`depth`,`is_free`,`price`,`location_flow_id`,`location_fundus_id`,`location_relief_id`,`location_type_id`,`location_scope_id`,`address_id`,`created_by`,`updated_by`,`slug`,`created_at`,`updated_at`,`latitude`,`longitude`,`version`) values (449,'-  \"\"','',NULL,0,'',NULL,NULL,NULL,NULL,5,411,1,1,'127','2011-05-02 20:01:59','2011-05-02 20:01:59',58.649226445899998,37.279357910199998,2);
insert  into `location`(`id`,`name`,`description`,`depth`,`is_free`,`price`,`location_flow_id`,`location_fundus_id`,`location_relief_id`,`location_type_id`,`location_scope_id`,`address_id`,`created_by`,`updated_by`,`slug`,`created_at`,`updated_at`,`latitude`,`longitude`,`version`) values (450,'  \" \"','',NULL,0,'',NULL,NULL,NULL,NULL,5,412,1,1,'128','2011-05-02 20:02:02','2011-05-02 20:02:02',46.848639699000003,47.698516845699999,2);
insert  into `location`(`id`,`name`,`description`,`depth`,`is_free`,`price`,`location_flow_id`,`location_fundus_id`,`location_relief_id`,`location_type_id`,`location_scope_id`,`address_id`,`created_by`,`updated_by`,`slug`,`created_at`,`updated_at`,`latitude`,`longitude`,`version`) values (451,' ','',NULL,1,'',NULL,NULL,NULL,NULL,5,413,1,1,'129','2011-05-02 20:02:05','2011-05-02 20:02:05',56.163944307100003,47.080535888699998,2);
insert  into `location`(`id`,`name`,`description`,`depth`,`is_free`,`price`,`location_flow_id`,`location_fundus_id`,`location_relief_id`,`location_type_id`,`location_scope_id`,`address_id`,`created_by`,`updated_by`,`slug`,`created_at`,`updated_at`,`latitude`,`longitude`,`version`) values (452,' ','',NULL,1,'',NULL,NULL,NULL,NULL,5,414,1,1,'130','2011-05-02 20:02:08','2011-05-02 20:02:08',59.073124816000004,38.302803039600001,2);
insert  into `location`(`id`,`name`,`description`,`depth`,`is_free`,`price`,`location_flow_id`,`location_fundus_id`,`location_relief_id`,`location_type_id`,`location_scope_id`,`address_id`,`created_by`,`updated_by`,`slug`,`created_at`,`updated_at`,`latitude`,`longitude`,`version`) values (453,'. .','',NULL,1,'',NULL,NULL,NULL,NULL,5,415,1,1,'131','2011-05-02 20:02:11','2011-05-02 20:02:11',59.002030770300003,37.969779968299996,2);
insert  into `location`(`id`,`name`,`description`,`depth`,`is_free`,`price`,`location_flow_id`,`location_fundus_id`,`location_relief_id`,`location_type_id`,`location_scope_id`,`address_id`,`created_by`,`updated_by`,`slug`,`created_at`,`updated_at`,`latitude`,`longitude`,`version`) values (454,'','',NULL,1,'',NULL,NULL,NULL,NULL,5,416,1,1,'132','2011-05-02 20:02:14','2011-05-02 20:02:14',53.931351817400000,37.647399902299988,2);
insert  into `location`(`id`,`name`,`description`,`depth`,`is_free`,`price`,`location_flow_id`,`location_fundus_id`,`location_relief_id`,`location_type_id`,`location_scope_id`,`address_id`,`created_by`,`updated_by`,`slug`,`created_at`,`updated_at`,`latitude`,`longitude`,`version`) values (455,' ','',NULL,1,'',NULL,NULL,NULL,NULL,5,417,1,1,'133','2011-05-02 20:02:17','2011-05-02 20:02:17',55.224323672899999,32.853927612299998,2);
insert  into `location`(`id`,`name`,`description`,`depth`,`is_free`,`price`,`location_flow_id`,`location_fundus_id`,`location_relief_id`,`location_type_id`,`location_scope_id`,`address_id`,`created_by`,`updated_by`,`slug`,`created_at`,`updated_at`,`latitude`,`longitude`,`version`) values (456,'.  ()','.',NULL,1,'',NULL,NULL,NULL,NULL,5,418,1,1,'134','2011-05-02 20:02:20','2011-05-02 20:02:20',54.852856907800003,38.590807914699987,2);
insert  into `location`(`id`,`name`,`description`,`depth`,`is_free`,`price`,`location_flow_id`,`location_fundus_id`,`location_relief_id`,`location_type_id`,`location_scope_id`,`address_id`,`created_by`,`updated_by`,`slug`,`created_at`,`updated_at`,`latitude`,`longitude`,`version`) values (458,' ','  5   20 .     .      ...  25 .  2-.  .          (  14)     -.',NULL,1,'',NULL,NULL,NULL,NULL,5,420,1,1,'135','2011-05-02 20:02:26','2011-05-02 20:02:26',57.364682060400000,43.067436218299996,2);
insert  into `location`(`id`,`name`,`description`,`depth`,`is_free`,`price`,`location_flow_id`,`location_fundus_id`,`location_relief_id`,`location_type_id`,`location_scope_id`,`address_id`,`created_by`,`updated_by`,`slug`,`created_at`,`updated_at`,`latitude`,`longitude`,`version`) values (460,'   ',' ',NULL,0,'',NULL,NULL,NULL,NULL,5,422,1,1,'136','2011-05-02 20:02:31','2011-05-02 20:02:32',45.845621229000002,47.964173555400002,2);
insert  into `location`(`id`,`name`,`description`,`depth`,`is_free`,`price`,`location_flow_id`,`location_fundus_id`,`location_relief_id`,`location_type_id`,`location_scope_id`,`address_id`,`created_by`,`updated_by`,`slug`,`created_at`,`updated_at`,`latitude`,`longitude`,`version`) values (461,' ','  ',NULL,1,'',NULL,NULL,NULL,NULL,5,423,1,1,'137','2011-05-02 20:02:34','2011-05-02 20:02:34',55.866912452699999,36.488342285199998,2);
insert  into `location`(`id`,`name`,`description`,`depth`,`is_free`,`price`,`location_flow_id`,`location_fundus_id`,`location_relief_id`,`location_type_id`,`location_scope_id`,`address_id`,`created_by`,`updated_by`,`slug`,`created_at`,`updated_at`,`latitude`,`longitude`,`version`) values (462,'','    ',NULL,0,'',NULL,NULL,NULL,NULL,5,424,1,1,'138','2011-05-02 20:02:37','2011-05-02 20:02:37',55.270979598799997,35.937309265099998,2);
insert  into `location`(`id`,`name`,`description`,`depth`,`is_free`,`price`,`location_flow_id`,`location_fundus_id`,`location_relief_id`,`location_type_id`,`location_scope_id`,`address_id`,`created_by`,`updated_by`,`slug`,`created_at`,`updated_at`,`latitude`,`longitude`,`version`) values (463,'','',NULL,0,'',NULL,NULL,NULL,NULL,5,425,1,1,'139','2011-05-02 20:02:40','2011-05-02 20:02:40',55.129905302700010,36.047172546399999,2);
insert  into `location`(`id`,`name`,`description`,`depth`,`is_free`,`price`,`location_flow_id`,`location_fundus_id`,`location_relief_id`,`location_type_id`,`location_scope_id`,`address_id`,`created_by`,`updated_by`,`slug`,`created_at`,`updated_at`,`latitude`,`longitude`,`version`) values (464,' ','',NULL,1,'',NULL,NULL,NULL,NULL,5,426,1,1,'140','2011-05-02 20:02:43','2011-05-02 20:02:43',53.382017764799997,40.737304687500000,2);
insert  into `location`(`id`,`name`,`description`,`depth`,`is_free`,`price`,`location_flow_id`,`location_fundus_id`,`location_relief_id`,`location_type_id`,`location_scope_id`,`address_id`,`created_by`,`updated_by`,`slug`,`created_at`,`updated_at`,`latitude`,`longitude`,`version`) values (465,' ','  .',NULL,0,'',NULL,NULL,NULL,NULL,5,427,1,1,'141','2011-05-02 20:02:46','2011-05-02 20:02:46',57.361904697500002,42.964096069300027,2);
insert  into `location`(`id`,`name`,`description`,`depth`,`is_free`,`price`,`location_flow_id`,`location_fundus_id`,`location_relief_id`,`location_type_id`,`location_scope_id`,`address_id`,`created_by`,`updated_by`,`slug`,`created_at`,`updated_at`,`latitude`,`longitude`,`version`) values (466,'','',NULL,0,'',NULL,NULL,NULL,NULL,5,428,1,1,'142','2011-05-02 20:02:49','2011-05-02 20:02:49',57.355423366399997,42.998085021999998,2);
insert  into `location`(`id`,`name`,`description`,`depth`,`is_free`,`price`,`location_flow_id`,`location_fundus_id`,`location_relief_id`,`location_type_id`,`location_scope_id`,`address_id`,`created_by`,`updated_by`,`slug`,`created_at`,`updated_at`,`latitude`,`longitude`,`version`) values (467,'',' .  <a href=\"http://vervol.ru\" target=\"_blank\">http://vervol.ru</a>',NULL,0,'',NULL,NULL,NULL,NULL,5,429,1,1,'143','2011-05-02 20:02:52','2011-05-02 20:02:52',55.321722199000000,37.200393676799997,2);
insert  into `location`(`id`,`name`,`description`,`depth`,`is_free`,`price`,`location_flow_id`,`location_fundus_id`,`location_relief_id`,`location_type_id`,`location_scope_id`,`address_id`,`created_by`,`updated_by`,`slug`,`created_at`,`updated_at`,`latitude`,`longitude`,`version`) values (468,'',' .   .',NULL,0,'',NULL,NULL,NULL,NULL,5,430,1,1,'144','2011-05-02 20:02:55','2011-05-02 20:02:55',55.299056329999999,37.378921508799998,2);
insert  into `location`(`id`,`name`,`description`,`depth`,`is_free`,`price`,`location_flow_id`,`location_fundus_id`,`location_relief_id`,`location_type_id`,`location_scope_id`,`address_id`,`created_by`,`updated_by`,`slug`,`created_at`,`updated_at`,`latitude`,`longitude`,`version`) values (469,'','         .           -  .           .',NULL,1,'',NULL,NULL,NULL,NULL,5,431,1,1,'145','2011-05-02 20:02:58','2011-05-02 20:02:58',55.252511654000003,37.180480957000000,2);
insert  into `location`(`id`,`name`,`description`,`depth`,`is_free`,`price`,`location_flow_id`,`location_fundus_id`,`location_relief_id`,`location_type_id`,`location_scope_id`,`address_id`,`created_by`,`updated_by`,`slug`,`created_at`,`updated_at`,`latitude`,`longitude`,`version`) values (470,'','.',NULL,1,'',NULL,NULL,NULL,NULL,5,432,1,1,'146','2011-05-02 20:03:01','2011-05-02 20:03:01',55.337687994100001,37.220563888500010,2);
insert  into `location`(`id`,`name`,`description`,`depth`,`is_free`,`price`,`location_flow_id`,`location_fundus_id`,`location_relief_id`,`location_type_id`,`location_scope_id`,`address_id`,`created_by`,`updated_by`,`slug`,`created_at`,`updated_at`,`latitude`,`longitude`,`version`) values (471,'',' .  .',NULL,0,'',NULL,NULL,NULL,NULL,5,433,1,1,'147','2011-05-02 20:03:03','2011-05-02 20:03:04',55.312159172799994,37.249789237999998,2);
insert  into `location`(`id`,`name`,`description`,`depth`,`is_free`,`price`,`location_flow_id`,`location_fundus_id`,`location_relief_id`,`location_type_id`,`location_scope_id`,`address_id`,`created_by`,`updated_by`,`slug`,`created_at`,`updated_at`,`latitude`,`longitude`,`version`) values (472,'  www.big-fish.ru',' ( )',NULL,0,'',NULL,NULL,NULL,NULL,5,434,1,1,'www-big-fish-ru','2011-05-02 20:03:06','2011-05-02 20:03:06',58.111988992999997,38.358078002900001,2);
insert  into `location`(`id`,`name`,`description`,`depth`,`is_free`,`price`,`location_flow_id`,`location_fundus_id`,`location_relief_id`,`location_type_id`,`location_scope_id`,`address_id`,`created_by`,`updated_by`,`slug`,`created_at`,`updated_at`,`latitude`,`longitude`,`version`) values (473,'','47. .',NULL,1,'',NULL,NULL,NULL,NULL,5,435,1,1,'148','2011-05-02 20:03:09','2011-05-02 20:03:09',55.421824288399996,36.303291320800000,2);
insert  into `location`(`id`,`name`,`description`,`depth`,`is_free`,`price`,`location_flow_id`,`location_fundus_id`,`location_relief_id`,`location_type_id`,`location_scope_id`,`address_id`,`created_by`,`updated_by`,`slug`,`created_at`,`updated_at`,`latitude`,`longitude`,`version`) values (474,'  ','',NULL,1,'',NULL,NULL,NULL,NULL,5,436,1,1,'149','2011-05-02 20:03:12','2011-05-02 20:03:12',55.212964534999998,35.757751464800002,2);
insert  into `location`(`id`,`name`,`description`,`depth`,`is_free`,`price`,`location_flow_id`,`location_fundus_id`,`location_relief_id`,`location_type_id`,`location_scope_id`,`address_id`,`created_by`,`updated_by`,`slug`,`created_at`,`updated_at`,`latitude`,`longitude`,`version`) values (475,' ','',NULL,1,'',NULL,NULL,NULL,NULL,5,437,1,1,'150','2011-05-02 20:03:15','2011-05-02 20:03:15',55.153373933799998,36.093521118200002,2);
insert  into `location`(`id`,`name`,`description`,`depth`,`is_free`,`price`,`location_flow_id`,`location_fundus_id`,`location_relief_id`,`location_type_id`,`location_scope_id`,`address_id`,`created_by`,`updated_by`,`slug`,`created_at`,`updated_at`,`latitude`,`longitude`,`version`) values (476,'  ','120 .  5 .',NULL,0,'',NULL,NULL,NULL,NULL,5,438,1,1,'151','2011-05-02 20:03:18','2011-05-02 20:03:18',55.926393927800000,34.559898376500001,2);
insert  into `location`(`id`,`name`,`description`,`depth`,`is_free`,`price`,`location_flow_id`,`location_fundus_id`,`location_relief_id`,`location_type_id`,`location_scope_id`,`address_id`,`created_by`,`updated_by`,`slug`,`created_at`,`updated_at`,`latitude`,`longitude`,`version`) values (477,' ','',NULL,0,'',NULL,NULL,NULL,NULL,5,439,1,1,'152','2011-05-02 20:03:21','2011-05-02 20:03:21',55.931702401599999,35.419235229500003,2);
insert  into `location`(`id`,`name`,`description`,`depth`,`is_free`,`price`,`location_flow_id`,`location_fundus_id`,`location_relief_id`,`location_type_id`,`location_scope_id`,`address_id`,`created_by`,`updated_by`,`slug`,`created_at`,`updated_at`,`latitude`,`longitude`,`version`) values (478,'\" \"','300  .   .',NULL,0,'',NULL,NULL,NULL,NULL,5,440,1,1,'153','2011-05-02 20:03:24','2011-05-02 20:03:24',55.261927661999998,36.445212364200003,2);
insert  into `location`(`id`,`name`,`description`,`depth`,`is_free`,`price`,`location_flow_id`,`location_fundus_id`,`location_relief_id`,`location_type_id`,`location_scope_id`,`address_id`,`created_by`,`updated_by`,`slug`,`created_at`,`updated_at`,`latitude`,`longitude`,`version`) values (480,'','    - !      - .      ...    .',NULL,1,'',NULL,NULL,NULL,NULL,5,442,1,1,'155','2011-05-02 20:03:30','2011-05-02 20:03:30',55.739759531700003,38.454015255000002,2);
insert  into `location`(`id`,`name`,`description`,`depth`,`is_free`,`price`,`location_flow_id`,`location_fundus_id`,`location_relief_id`,`location_type_id`,`location_scope_id`,`address_id`,`created_by`,`updated_by`,`slug`,`created_at`,`updated_at`,`latitude`,`longitude`,`version`) values (481,'','',NULL,1,'',NULL,NULL,NULL,NULL,5,443,1,1,'156','2011-05-02 20:03:33','2011-05-02 20:03:33',57.100825051199998,66.207733154300001,2);
insert  into `location`(`id`,`name`,`description`,`depth`,`is_free`,`price`,`location_flow_id`,`location_fundus_id`,`location_relief_id`,`location_type_id`,`location_scope_id`,`address_id`,`created_by`,`updated_by`,`slug`,`created_at`,`updated_at`,`latitude`,`longitude`,`version`) values (482,'','   . ',NULL,0,'',NULL,NULL,NULL,NULL,5,444,1,1,'157','2011-05-02 20:03:35','2011-05-02 20:03:36',55.356282230200001,38.321084976199998,2);
insert  into `location`(`id`,`name`,`description`,`depth`,`is_free`,`price`,`location_flow_id`,`location_fundus_id`,`location_relief_id`,`location_type_id`,`location_scope_id`,`address_id`,`created_by`,`updated_by`,`slug`,`created_at`,`updated_at`,`latitude`,`longitude`,`version`) values (483,'   ','',NULL,0,'',NULL,NULL,NULL,NULL,5,445,1,1,'158','2011-05-02 20:03:38','2011-05-02 20:03:38',55.723359164900018,38.357906341600000,2);
insert  into `location`(`id`,`name`,`description`,`depth`,`is_free`,`price`,`location_flow_id`,`location_fundus_id`,`location_relief_id`,`location_type_id`,`location_scope_id`,`address_id`,`created_by`,`updated_by`,`slug`,`created_at`,`updated_at`,`latitude`,`longitude`,`version`) values (484,'','',NULL,1,'',NULL,NULL,NULL,NULL,5,446,1,1,'159','2011-05-02 20:03:41','2011-05-02 20:03:41',55.450047386500003,38.709640502900001,2);
insert  into `location`(`id`,`name`,`description`,`depth`,`is_free`,`price`,`location_flow_id`,`location_fundus_id`,`location_relief_id`,`location_type_id`,`location_scope_id`,`address_id`,`created_by`,`updated_by`,`slug`,`created_at`,`updated_at`,`latitude`,`longitude`,`version`) values (485,'-  ','',NULL,0,'<table class=\"MsoNormalTable\" width=\"100%\" border=\"1\" cellpadding=\"0\">\r\n<tbody>\r\n<tr style=\"height: 7.6pt;\">\r\n<td style=\"width: 32.66%; padding: 0.75pt; height: 7.6pt;\" width=\"32%\">\r\n<p class=\"MsoNormal\" style=\"text-align: center;\" align=\"center\"><strong><span style=\"font-size: 10pt; color: #e7993a;\"></span></strong></p>\r\n</td>\r\n<td style=\"width: 32.64%; padding: 0.75pt; height: 7.6pt;\" width=\"32%\">\r\n<p class=\"MsoNormal\" style=\"text-align: center;\" align=\"center\"><strong><span style=\"font-size: 10pt; color: #e7993a;\"></span></strong></p>\r\n</td>\r\n<td style=\"width: 33.32%; padding: 0.75pt; height: 7.6pt;\" width=\"33%\">\r\n<p class=\"MsoNormal\" style=\"text-align: center;\" align=\"center\"><strong><span style=\"font-size: 10pt; color: #e7993a;\">, .</span></strong></p>\r\n</td>\r\n</tr>\r\n<tr style=\"height: 26.25pt;\">\r\n<td style=\"width: 32.66%; padding: 0.75pt; height: 26.25pt;\" width=\"32%\">\r\n<p class=\"MsoNormal\" style=\"text-align: center;\" align=\"center\"><span style=\"font-size: 10pt;\"><a href=\"http://www.protoka.ru/foto/econom/\"><strong><span style=\"color: #e7993a;\"></span></strong></a></span></p>\r\n<p class=\"MsoNormal\" style=\"text-align: center;\" align=\"center\"><span style=\"font-size: 10pt; color: #e7993a;\">(1 )</span></p>\r\n</td>\r\n<td style=\"width: 32.64%; padding: 0.75pt; height: 26.25pt;\" width=\"32%\">\r\n<p class=\"MsoNormal\" style=\"text-align: center;\" align=\"center\"><span style=\"font-size: 10pt; color: #e7993a;\">2- </span></p>\r\n</td>\r\n<td style=\"width: 33.32%; padding: 0.75pt; height: 26.25pt;\" width=\"33%\">\r\n<p class=\"MsoNormal\" style=\"text-align: center;\" align=\"center\"><span style=\"font-size: 10pt; color: red;\">550</span></p>\r\n<p class=\"MsoNormal\" style=\"text-align: center;\" align=\"center\"><span style=\"font-size: 10pt; color: red;\">(  1 )</span></p>\r\n</td>\r\n</tr>\r\n<tr style=\"height: 26.25pt;\">\r\n<td style=\"width: 32.66%; padding: 0.75pt; height: 26.25pt;\" width=\"32%\">\r\n<p class=\"MsoNormal\" style=\"text-align: center;\" align=\"center\"><span style=\"font-size: 10pt;\"><a href=\"http://www.protoka.ru/foto/comfort/\"><strong><span style=\"color: #e7993a;\"></span></strong></a> <br />(   )</span></p>\r\n</td>\r\n<td style=\"width: 32.64%; padding: 0.75pt; height: 26.25pt;\" width=\"32%\">\r\n<p class=\"MsoNormal\" style=\"text-align: center;\" align=\"center\"><span style=\"font-size: 10pt; color: #e7993a;\"> 4- <br /> 3-  <br />  2-  </span></p>\r\n</td>\r\n<td style=\"width: 33.32%; padding: 0.75pt; height: 26.25pt;\" width=\"33%\">\r\n<p class=\"MsoNormal\" style=\"text-align: center;\" align=\"center\"><span style=\"font-size: 10pt; color: red;\">1200 <br />1100<br />1100<br />(  1 ) </span></p>\r\n</td>\r\n</tr>\r\n<tr style=\"height: 26.25pt;\">\r\n<td style=\"width: 32.66%; padding: 0.75pt; height: 26.25pt;\" width=\"32%\">\r\n<p class=\"MsoNormal\" style=\"text-align: center;\" align=\"center\"><span style=\"font-size: 10pt;\"><a href=\"http://www.protoka.ru/foto/comfort/\"><strong><span style=\"color: #e7993a;\"> - </span></strong></a></span></p>\r\n<p class=\"MsoNormal\" style=\"text-align: center;\" align=\"center\"><span style=\"font-size: 10pt; color: #e7993a;\">(3   )</span></p>\r\n</td>\r\n<td style=\"width: 32.64%; padding: 0.75pt; height: 26.25pt;\" width=\"32%\">\r\n<p class=\"MsoNormal\" style=\"text-align: center;\" align=\"center\"><span style=\"font-size: 10pt; color: #e7993a;\">4- </span></p>\r\n</td>\r\n<td style=\"width: 33.32%; padding: 0.75pt; height: 26.25pt;\" width=\"33%\">\r\n<p class=\"MsoNormal\" style=\"text-align: center;\" align=\"center\"><span style=\"font-size: 10pt; color: red;\">1300</span></p>\r\n<p class=\"MsoNormal\" style=\"text-align: center;\" align=\"center\"><span style=\"font-size: 10pt; color: red;\">(  1 )</span></p>\r\n</td>\r\n</tr>\r\n<tr style=\"height: 26.25pt;\">\r\n<td style=\"width: 32.66%; padding: 0.75pt; height: 26.25pt;\" width=\"32%\">\r\n<p class=\"MsoNormal\" style=\"text-align: center;\" align=\"center\"><strong><span style=\"font-size: 10pt; color: #e7993a;\">  </span></strong></p>\r\n<p class=\"MsoNormal\" style=\"text-align: center;\" align=\"center\"><strong><span style=\"font-size: 10pt; color: #e7993a;\">(3 ,   )</span></strong></p>\r\n</td>\r\n<td style=\"width: 32.64%; padding: 0.75pt; height: 26.25pt;\" width=\"32%\">\r\n<p class=\"MsoNormal\" style=\"text-align: center;\" align=\"center\"><span style=\"font-size: 10pt; color: #e7993a;\"> 6  ( 1  )</span></p>\r\n</td>\r\n<td style=\"width: 33.32%; padding: 0.75pt; height: 26.25pt;\" width=\"33%\">\r\n<p class=\"MsoNormal\" style=\"text-align: center;\" align=\"center\"><span style=\"font-size: 10pt; color: red;\">6500</span></p>\r\n<p class=\"MsoNormal\" style=\"text-align: center;\" align=\"center\"><span style=\"font-size: 10pt; color: red;\">(   )</span></p>\r\n</td>\r\n</tr>\r\n</tbody>\r\n</table>',NULL,NULL,NULL,1,5,447,1,1,'160','2011-05-02 20:03:44','2011-06-14 18:54:20',45.864074329600001,48.141231536900001,4);
insert  into `location`(`id`,`name`,`description`,`depth`,`is_free`,`price`,`location_flow_id`,`location_fundus_id`,`location_relief_id`,`location_type_id`,`location_scope_id`,`address_id`,`created_by`,`updated_by`,`slug`,`created_at`,`updated_at`,`latitude`,`longitude`,`version`) values (486,'. . ','',NULL,1,'',NULL,NULL,NULL,NULL,5,448,1,1,'161','2011-05-02 20:03:47','2011-05-02 20:03:47',55.734572183499999,38.300571441699987,2);
insert  into `location`(`id`,`name`,`description`,`depth`,`is_free`,`price`,`location_flow_id`,`location_fundus_id`,`location_relief_id`,`location_type_id`,`location_scope_id`,`address_id`,`created_by`,`updated_by`,`slug`,`created_at`,`updated_at`,`latitude`,`longitude`,`version`) values (487,'','',NULL,1,'',NULL,NULL,NULL,NULL,5,449,1,1,'162','2011-05-02 20:03:50','2011-05-02 20:03:50',55.726969915299996,38.326406478899997,2);
insert  into `location`(`id`,`name`,`description`,`depth`,`is_free`,`price`,`location_flow_id`,`location_fundus_id`,`location_relief_id`,`location_type_id`,`location_scope_id`,`address_id`,`created_by`,`updated_by`,`slug`,`created_at`,`updated_at`,`latitude`,`longitude`,`version`) values (488,'   K','',NULL,0,'',NULL,NULL,NULL,NULL,5,450,1,1,'k','2011-05-02 20:03:53','2011-05-02 20:03:53',60.530265872999998,26.907920837399999,2);
insert  into `location`(`id`,`name`,`description`,`depth`,`is_free`,`price`,`location_flow_id`,`location_fundus_id`,`location_relief_id`,`location_type_id`,`location_scope_id`,`address_id`,`created_by`,`updated_by`,`slug`,`created_at`,`updated_at`,`latitude`,`longitude`,`version`) values (489,'  ','',NULL,1,'',NULL,NULL,NULL,NULL,5,451,1,1,'163','2011-05-02 20:03:56','2011-05-02 20:03:56',60.460264753899978,26.948089599599989,2);
insert  into `location`(`id`,`name`,`description`,`depth`,`is_free`,`price`,`location_flow_id`,`location_fundus_id`,`location_relief_id`,`location_type_id`,`location_scope_id`,`address_id`,`created_by`,`updated_by`,`slug`,`created_at`,`updated_at`,`latitude`,`longitude`,`version`) values (490,'        .','   . 27.03.09   .  .',NULL,0,'',NULL,NULL,NULL,NULL,5,452,1,1,'164','2011-05-02 20:03:59','2011-05-02 20:03:59',60.459926217400003,26.954956054699998,2);
insert  into `location`(`id`,`name`,`description`,`depth`,`is_free`,`price`,`location_flow_id`,`location_fundus_id`,`location_relief_id`,`location_type_id`,`location_scope_id`,`address_id`,`created_by`,`updated_by`,`slug`,`created_at`,`updated_at`,`latitude`,`longitude`,`version`) values (491,',','   .     .     .',NULL,0,'',NULL,NULL,NULL,NULL,5,453,1,1,'165','2011-05-02 20:04:02','2011-05-02 20:04:02',55.476469975299999,37.477369308500002,2);
insert  into `location`(`id`,`name`,`description`,`depth`,`is_free`,`price`,`location_flow_id`,`location_fundus_id`,`location_relief_id`,`location_type_id`,`location_scope_id`,`address_id`,`created_by`,`updated_by`,`slug`,`created_at`,`updated_at`,`latitude`,`longitude`,`version`) values (492,'','    ',NULL,1,'',NULL,NULL,NULL,NULL,5,454,1,1,'166','2011-05-02 20:04:05','2011-05-02 20:04:05',55.939442620700000,37.194042205799995,2);
insert  into `location`(`id`,`name`,`description`,`depth`,`is_free`,`price`,`location_flow_id`,`location_fundus_id`,`location_relief_id`,`location_type_id`,`location_scope_id`,`address_id`,`created_by`,`updated_by`,`slug`,`created_at`,`updated_at`,`latitude`,`longitude`,`version`) values (493,'','-   .',NULL,1,'',NULL,NULL,NULL,NULL,5,455,1,1,'167','2011-05-02 20:04:08','2011-05-02 20:04:08',55.197928277400003,37.095766067500001,2);
insert  into `location`(`id`,`name`,`description`,`depth`,`is_free`,`price`,`location_flow_id`,`location_fundus_id`,`location_relief_id`,`location_type_id`,`location_scope_id`,`address_id`,`created_by`,`updated_by`,`slug`,`created_at`,`updated_at`,`latitude`,`longitude`,`version`) values (494,' ','',NULL,1,'',NULL,NULL,NULL,NULL,5,456,1,1,'168','2011-05-02 20:04:11','2011-05-02 20:04:11',56.216727837199997,36.999206543000000,2);
insert  into `location`(`id`,`name`,`description`,`depth`,`is_free`,`price`,`location_flow_id`,`location_fundus_id`,`location_relief_id`,`location_type_id`,`location_scope_id`,`address_id`,`created_by`,`updated_by`,`slug`,`created_at`,`updated_at`,`latitude`,`longitude`,`version`) values (495,' ','',NULL,0,'',NULL,NULL,NULL,NULL,5,457,1,1,'169','2011-05-02 20:04:14','2011-05-02 20:04:14',55.980483184900002,37.676239013699998,2);
insert  into `location`(`id`,`name`,`description`,`depth`,`is_free`,`price`,`location_flow_id`,`location_fundus_id`,`location_relief_id`,`location_type_id`,`location_scope_id`,`address_id`,`created_by`,`updated_by`,`slug`,`created_at`,`updated_at`,`latitude`,`longitude`,`version`) values (496,'   .','           6  3000 .    .        .      25 .   <a href=\"http://www.ahtubatur.ru\" target=\"_blank\">www.ahtubatur.ru</a>',NULL,1,'',NULL,NULL,NULL,NULL,5,458,1,1,'170','2011-05-02 20:04:17','2011-05-02 20:04:17',60.109611483899997,46.470794677699999,2);
insert  into `location`(`id`,`name`,`description`,`depth`,`is_free`,`price`,`location_flow_id`,`location_fundus_id`,`location_relief_id`,`location_type_id`,`location_scope_id`,`address_id`,`created_by`,`updated_by`,`slug`,`created_at`,`updated_at`,`latitude`,`longitude`,`version`) values (497,' ','   .',NULL,1,'',NULL,NULL,NULL,NULL,5,459,1,1,'171','2011-05-02 20:04:19','2011-05-02 20:04:20',55.493637596200003,37.848243713399995,2);
insert  into `location`(`id`,`name`,`description`,`depth`,`is_free`,`price`,`location_flow_id`,`location_fundus_id`,`location_relief_id`,`location_type_id`,`location_scope_id`,`address_id`,`created_by`,`updated_by`,`slug`,`created_at`,`updated_at`,`latitude`,`longitude`,`version`) values (498,'','   ',NULL,1,'',NULL,NULL,NULL,NULL,5,460,1,1,'172','2011-05-02 20:04:22','2011-05-02 20:04:22',55.234602855500000,37.801809310899998,2);
insert  into `location`(`id`,`name`,`description`,`depth`,`is_free`,`price`,`location_flow_id`,`location_fundus_id`,`location_relief_id`,`location_type_id`,`location_scope_id`,`address_id`,`created_by`,`updated_by`,`slug`,`created_at`,`updated_at`,`latitude`,`longitude`,`version`) values (499,'  . . ','  ',NULL,0,'',NULL,NULL,NULL,NULL,5,461,1,1,'173','2011-05-02 20:04:25','2011-05-02 20:04:25',55.728995076200000,38.299326896699995,2);
insert  into `location`(`id`,`name`,`description`,`depth`,`is_free`,`price`,`location_flow_id`,`location_fundus_id`,`location_relief_id`,`location_type_id`,`location_scope_id`,`address_id`,`created_by`,`updated_by`,`slug`,`created_at`,`updated_at`,`latitude`,`longitude`,`version`) values (500,'-','  .',NULL,0,'',NULL,NULL,NULL,NULL,5,462,1,1,'174','2011-05-02 20:04:28','2011-05-02 20:04:28',55.853901971299997,38.443855047199996,2);
insert  into `location`(`id`,`name`,`description`,`depth`,`is_free`,`price`,`location_flow_id`,`location_fundus_id`,`location_relief_id`,`location_type_id`,`location_scope_id`,`address_id`,`created_by`,`updated_by`,`slug`,`created_at`,`updated_at`,`latitude`,`longitude`,`version`) values (501,'  \"\"','',NULL,0,'',NULL,NULL,NULL,NULL,5,463,1,1,'175','2011-05-02 20:04:31','2011-05-02 20:04:31',54.611646770000000,41.040973663300001,2);
insert  into `location`(`id`,`name`,`description`,`depth`,`is_free`,`price`,`location_flow_id`,`location_fundus_id`,`location_relief_id`,`location_type_id`,`location_scope_id`,`address_id`,`created_by`,`updated_by`,`slug`,`created_at`,`updated_at`,`latitude`,`longitude`,`version`) values (503,' ','',NULL,1,'',NULL,NULL,NULL,NULL,5,465,1,1,'177','2011-05-02 20:04:37','2011-05-02 20:04:37',55.355696718099999,38.310699462899997,2);
insert  into `location`(`id`,`name`,`description`,`depth`,`is_free`,`price`,`location_flow_id`,`location_fundus_id`,`location_relief_id`,`location_type_id`,`location_scope_id`,`address_id`,`created_by`,`updated_by`,`slug`,`created_at`,`updated_at`,`latitude`,`longitude`,`version`) values (504,'V?ike-Kalaj?rv','',NULL,1,'',NULL,NULL,NULL,NULL,5,466,1,1,'v-ike-kalaj-rv','2011-05-02 20:04:40','2011-05-02 20:04:40',59.196790372899997,25.515747070300005,2);
insert  into `location`(`id`,`name`,`description`,`depth`,`is_free`,`price`,`location_flow_id`,`location_fundus_id`,`location_relief_id`,`location_type_id`,`location_scope_id`,`address_id`,`created_by`,`updated_by`,`slug`,`created_at`,`updated_at`,`latitude`,`longitude`,`version`) values (505,' ','',NULL,0,'',NULL,NULL,NULL,NULL,5,467,1,1,'178','2011-05-02 20:04:43','2011-05-02 20:04:43',55.898108287600010,37.294464111300002,2);
insert  into `location`(`id`,`name`,`description`,`depth`,`is_free`,`price`,`location_flow_id`,`location_fundus_id`,`location_relief_id`,`location_type_id`,`location_scope_id`,`address_id`,`created_by`,`updated_by`,`slug`,`created_at`,`updated_at`,`latitude`,`longitude`,`version`) values (506,' ','       ',NULL,0,'',NULL,NULL,NULL,NULL,5,468,1,1,'179','2011-05-02 20:04:46','2011-05-02 20:04:46',56.102185547099999,35.727195739700001,2);
insert  into `location`(`id`,`name`,`description`,`depth`,`is_free`,`price`,`location_flow_id`,`location_fundus_id`,`location_relief_id`,`location_type_id`,`location_scope_id`,`address_id`,`created_by`,`updated_by`,`slug`,`created_at`,`updated_at`,`latitude`,`longitude`,`version`) values (507,'','       .        .',NULL,1,'',NULL,NULL,NULL,NULL,5,469,1,1,'180','2011-05-02 20:04:49','2011-05-02 20:04:49',55.635942079599999,36.845226287800003,2);
insert  into `location`(`id`,`name`,`description`,`depth`,`is_free`,`price`,`location_flow_id`,`location_fundus_id`,`location_relief_id`,`location_type_id`,`location_scope_id`,`address_id`,`created_by`,`updated_by`,`slug`,`created_at`,`updated_at`,`latitude`,`longitude`,`version`) values (508,' ','',NULL,1,'',NULL,NULL,NULL,NULL,5,470,1,1,'181','2011-05-02 20:04:52','2011-05-02 20:04:52',56.016489927300000,36.818801164600004,2);
insert  into `location`(`id`,`name`,`description`,`depth`,`is_free`,`price`,`location_flow_id`,`location_fundus_id`,`location_relief_id`,`location_type_id`,`location_scope_id`,`address_id`,`created_by`,`updated_by`,`slug`,`created_at`,`updated_at`,`latitude`,`longitude`,`version`) values (509,'','  150.',NULL,0,'',NULL,NULL,NULL,NULL,5,471,1,1,'182','2011-05-02 20:04:55','2011-05-02 20:04:55',55.786709035599998,36.862049102800000,2);
insert  into `location`(`id`,`name`,`description`,`depth`,`is_free`,`price`,`location_flow_id`,`location_fundus_id`,`location_relief_id`,`location_type_id`,`location_scope_id`,`address_id`,`created_by`,`updated_by`,`slug`,`created_at`,`updated_at`,`latitude`,`longitude`,`version`) values (510,'','  5-6    10    .        .',NULL,1,'',NULL,NULL,NULL,NULL,5,472,1,1,'183','2011-05-02 20:04:58','2011-05-02 20:04:58',55.170142798399979,38.404598236100000,2);
insert  into `location`(`id`,`name`,`description`,`depth`,`is_free`,`price`,`location_flow_id`,`location_fundus_id`,`location_relief_id`,`location_type_id`,`location_scope_id`,`address_id`,`created_by`,`updated_by`,`slug`,`created_at`,`updated_at`,`latitude`,`longitude`,`version`) values (512,'','   - 500',NULL,1,'',NULL,NULL,NULL,NULL,5,474,1,1,'185','2011-05-02 20:05:03','2011-05-02 20:05:03',55.382036190299999,36.954574585000003,2);
insert  into `location`(`id`,`name`,`description`,`depth`,`is_free`,`price`,`location_flow_id`,`location_fundus_id`,`location_relief_id`,`location_type_id`,`location_scope_id`,`address_id`,`created_by`,`updated_by`,`slug`,`created_at`,`updated_at`,`latitude`,`longitude`,`version`) values (513,'.','   .   .  .',NULL,1,'',NULL,NULL,NULL,NULL,5,475,1,1,'186','2011-05-02 20:05:06','2011-05-02 20:05:06',55.596825782000003,37.457370758099998,2);
insert  into `location`(`id`,`name`,`description`,`depth`,`is_free`,`price`,`location_flow_id`,`location_fundus_id`,`location_relief_id`,`location_type_id`,`location_scope_id`,`address_id`,`created_by`,`updated_by`,`slug`,`created_at`,`updated_at`,`latitude`,`longitude`,`version`) values (514,'','',NULL,1,'',NULL,NULL,NULL,NULL,5,476,1,1,'187','2011-05-02 20:05:09','2011-05-02 20:05:10',55.522703354500003,37.656755447399995,2);
insert  into `location`(`id`,`name`,`description`,`depth`,`is_free`,`price`,`location_flow_id`,`location_fundus_id`,`location_relief_id`,`location_type_id`,`location_scope_id`,`address_id`,`created_by`,`updated_by`,`slug`,`created_at`,`updated_at`,`latitude`,`longitude`,`version`) values (515,'','',NULL,1,'',NULL,NULL,NULL,NULL,5,477,1,1,'188','2011-05-02 20:05:12','2011-05-02 20:05:12',55.321331517899999,38.425369262699995,2);
insert  into `location`(`id`,`name`,`description`,`depth`,`is_free`,`price`,`location_flow_id`,`location_fundus_id`,`location_relief_id`,`location_type_id`,`location_scope_id`,`address_id`,`created_by`,`updated_by`,`slug`,`created_at`,`updated_at`,`latitude`,`longitude`,`version`) values (516,'','',NULL,1,'',NULL,NULL,NULL,NULL,5,478,1,1,'189','2011-05-02 20:05:15','2011-05-02 20:05:15',55.639672326499998,38.311085701000003,2);
insert  into `location`(`id`,`name`,`description`,`depth`,`is_free`,`price`,`location_flow_id`,`location_fundus_id`,`location_relief_id`,`location_type_id`,`location_scope_id`,`address_id`,`created_by`,`updated_by`,`slug`,`created_at`,`updated_at`,`latitude`,`longitude`,`version`) values (517,' ','. . . ',NULL,0,'',NULL,NULL,NULL,NULL,5,479,1,1,'190','2011-05-02 20:05:18','2011-05-02 20:05:18',55.394468180799997,37.729969024699997,2);
insert  into `location`(`id`,`name`,`description`,`depth`,`is_free`,`price`,`location_flow_id`,`location_fundus_id`,`location_relief_id`,`location_type_id`,`location_scope_id`,`address_id`,`created_by`,`updated_by`,`slug`,`created_at`,`updated_at`,`latitude`,`longitude`,`version`) values (518,' ','1500.  ',NULL,1,'',NULL,NULL,NULL,NULL,5,480,1,1,'191','2011-05-02 20:05:21','2011-05-02 20:05:21',55.761798673399987,38.111400604200000,2);
insert  into `location`(`id`,`name`,`description`,`depth`,`is_free`,`price`,`location_flow_id`,`location_fundus_id`,`location_relief_id`,`location_type_id`,`location_scope_id`,`address_id`,`created_by`,`updated_by`,`slug`,`created_at`,`updated_at`,`latitude`,`longitude`,`version`) values (519,'','',NULL,1,'',NULL,NULL,NULL,NULL,5,481,1,1,'192','2011-05-02 20:05:24','2011-05-02 20:05:24',56.328340210300027,36.521644592299999,2);
insert  into `location`(`id`,`name`,`description`,`depth`,`is_free`,`price`,`location_flow_id`,`location_fundus_id`,`location_relief_id`,`location_type_id`,`location_scope_id`,`address_id`,`created_by`,`updated_by`,`slug`,`created_at`,`updated_at`,`latitude`,`longitude`,`version`) values (520,' ','',NULL,0,'',NULL,NULL,NULL,NULL,5,482,1,1,'193','2011-05-02 20:05:27','2011-05-02 20:05:27',55.865294208300000,37.996902465799998,2);
insert  into `location`(`id`,`name`,`description`,`depth`,`is_free`,`price`,`location_flow_id`,`location_fundus_id`,`location_relief_id`,`location_type_id`,`location_scope_id`,`address_id`,`created_by`,`updated_by`,`slug`,`created_at`,`updated_at`,`latitude`,`longitude`,`version`) values (521,' ',' ',NULL,0,'',NULL,NULL,NULL,NULL,5,483,1,1,'194','2011-05-02 20:05:30','2011-05-02 20:05:30',47.792688413400001,46.339302062999977,2);
insert  into `location`(`id`,`name`,`description`,`depth`,`is_free`,`price`,`location_flow_id`,`location_fundus_id`,`location_relief_id`,`location_type_id`,`location_scope_id`,`address_id`,`created_by`,`updated_by`,`slug`,`created_at`,`updated_at`,`latitude`,`longitude`,`version`) values (522,'','',NULL,1,'',NULL,NULL,NULL,NULL,5,484,1,1,'195','2011-05-02 20:05:33','2011-05-02 20:05:33',55.176711132800001,37.039375305200011,2);
insert  into `location`(`id`,`name`,`description`,`depth`,`is_free`,`price`,`location_flow_id`,`location_fundus_id`,`location_relief_id`,`location_type_id`,`location_scope_id`,`address_id`,`created_by`,`updated_by`,`slug`,`created_at`,`updated_at`,`latitude`,`longitude`,`version`) values (523,'','',NULL,1,'',NULL,NULL,NULL,NULL,5,485,1,1,'196','2011-05-02 20:05:36','2011-05-02 20:05:36',55.388862080700001,38.119812011699970,2);
insert  into `location`(`id`,`name`,`description`,`depth`,`is_free`,`price`,`location_flow_id`,`location_fundus_id`,`location_relief_id`,`location_type_id`,`location_scope_id`,`address_id`,`created_by`,`updated_by`,`slug`,`created_at`,`updated_at`,`latitude`,`longitude`,`version`) values (524,'','',NULL,1,'',NULL,NULL,NULL,NULL,5,486,1,1,'197','2011-05-02 20:05:39','2011-05-02 20:05:39',55.163573381700026,37.689285278299998,2);
insert  into `location`(`id`,`name`,`description`,`depth`,`is_free`,`price`,`location_flow_id`,`location_fundus_id`,`location_relief_id`,`location_type_id`,`location_scope_id`,`address_id`,`created_by`,`updated_by`,`slug`,`created_at`,`updated_at`,`latitude`,`longitude`,`version`) values (525,' ','',NULL,1,'',NULL,NULL,NULL,NULL,5,487,1,1,'198','2011-05-02 20:05:42','2011-05-02 20:05:42',55.530998710900001,37.507903575900002,2);
insert  into `location`(`id`,`name`,`description`,`depth`,`is_free`,`price`,`location_flow_id`,`location_fundus_id`,`location_relief_id`,`location_type_id`,`location_scope_id`,`address_id`,`created_by`,`updated_by`,`slug`,`created_at`,`updated_at`,`latitude`,`longitude`,`version`) values (526,'','  ?',NULL,0,'',NULL,NULL,NULL,NULL,5,488,1,1,'199','2011-05-02 20:05:45','2011-05-02 20:05:45',55.753056964199999,36.872391700699993,2);
insert  into `location`(`id`,`name`,`description`,`depth`,`is_free`,`price`,`location_flow_id`,`location_fundus_id`,`location_relief_id`,`location_type_id`,`location_scope_id`,`address_id`,`created_by`,`updated_by`,`slug`,`created_at`,`updated_at`,`latitude`,`longitude`,`version`) values (527,' ','     .',NULL,1,'',NULL,NULL,NULL,NULL,5,489,1,1,'200','2011-05-02 20:05:48','2011-05-02 20:05:48',57.089308122599995,40.420761108399979,2);
insert  into `location`(`id`,`name`,`description`,`depth`,`is_free`,`price`,`location_flow_id`,`location_fundus_id`,`location_relief_id`,`location_type_id`,`location_scope_id`,`address_id`,`created_by`,`updated_by`,`slug`,`created_at`,`updated_at`,`latitude`,`longitude`,`version`) values (528,'','    .          .',NULL,0,'',NULL,NULL,NULL,NULL,5,490,1,1,'201','2011-05-02 20:05:51','2011-05-02 20:05:51',57.056136177699997,40.188846588099999,2);
insert  into `location`(`id`,`name`,`description`,`depth`,`is_free`,`price`,`location_flow_id`,`location_fundus_id`,`location_relief_id`,`location_type_id`,`location_scope_id`,`address_id`,`created_by`,`updated_by`,`slug`,`created_at`,`updated_at`,`latitude`,`longitude`,`version`) values (529,' ','      .',NULL,1,'',NULL,NULL,NULL,NULL,5,491,1,1,'202','2011-05-02 20:05:53','2011-05-02 20:05:53',55.554078041799997,37.655296325700000,2);
insert  into `location`(`id`,`name`,`description`,`depth`,`is_free`,`price`,`location_flow_id`,`location_fundus_id`,`location_relief_id`,`location_type_id`,`location_scope_id`,`address_id`,`created_by`,`updated_by`,`slug`,`created_at`,`updated_at`,`latitude`,`longitude`,`version`) values (530,'  ','    ?',NULL,0,'',NULL,NULL,NULL,NULL,5,492,1,1,'203','2011-05-02 20:05:56','2011-05-02 20:05:56',55.929202124600010,38.540039062500000,2);
insert  into `location`(`id`,`name`,`description`,`depth`,`is_free`,`price`,`location_flow_id`,`location_fundus_id`,`location_relief_id`,`location_type_id`,`location_scope_id`,`address_id`,`created_by`,`updated_by`,`slug`,`created_at`,`updated_at`,`latitude`,`longitude`,`version`) values (531,'  ','        -         .   1981  2004 .   .      .       !',NULL,0,'',NULL,NULL,NULL,NULL,5,493,1,1,'204','2011-05-02 20:05:59','2011-05-02 20:05:59',55.857201969199998,38.256454467799998,2);
insert  into `location`(`id`,`name`,`description`,`depth`,`is_free`,`price`,`location_flow_id`,`location_fundus_id`,`location_relief_id`,`location_type_id`,`location_scope_id`,`address_id`,`created_by`,`updated_by`,`slug`,`created_at`,`updated_at`,`latitude`,`longitude`,`version`) values (532,'.  ()','     !      .       600    !         !',NULL,1,'',NULL,NULL,NULL,NULL,5,494,1,1,'205','2011-05-02 20:06:02','2011-05-02 20:06:02',55.804706032100000,37.445354461699999,2);
insert  into `location`(`id`,`name`,`description`,`depth`,`is_free`,`price`,`location_flow_id`,`location_fundus_id`,`location_relief_id`,`location_type_id`,`location_scope_id`,`address_id`,`created_by`,`updated_by`,`slug`,`created_at`,`updated_at`,`latitude`,`longitude`,`version`) values (533,'','     !       300 !',NULL,1,'',NULL,NULL,NULL,NULL,5,495,1,1,'206','2011-05-02 20:06:05','2011-05-02 20:06:05',55.640931810200001,37.746577262899997,2);
insert  into `location`(`id`,`name`,`description`,`depth`,`is_free`,`price`,`location_flow_id`,`location_fundus_id`,`location_relief_id`,`location_type_id`,`location_scope_id`,`address_id`,`created_by`,`updated_by`,`slug`,`created_at`,`updated_at`,`latitude`,`longitude`,`version`) values (534,'bullupe (pri4al torpednix katerov biv6ii )','  .  ',NULL,1,'',NULL,NULL,NULL,NULL,5,496,1,1,'bullupe-pri4al-torpednix-katerov-biv6ii','2011-05-02 20:06:08','2011-05-02 20:06:08',57.009804514300001,23.975987434399997,2);
insert  into `location`(`id`,`name`,`description`,`depth`,`is_free`,`price`,`location_flow_id`,`location_fundus_id`,`location_relief_id`,`location_type_id`,`location_scope_id`,`address_id`,`created_by`,`updated_by`,`slug`,`created_at`,`updated_at`,`latitude`,`longitude`,`version`) values (535,'bullupe (okolo mosta)','     .   .  .   ',NULL,1,'',NULL,NULL,NULL,NULL,5,497,1,1,'bullupe-okolo-mosta','2011-05-02 20:06:11','2011-05-02 20:06:11',57.038488383800001,24.038944244399993,2);
insert  into `location`(`id`,`name`,`description`,`depth`,`is_free`,`price`,`location_flow_id`,`location_fundus_id`,`location_relief_id`,`location_type_id`,`location_scope_id`,`address_id`,`created_by`,`updated_by`,`slug`,`created_at`,`updated_at`,`latitude`,`longitude`,`version`) values (536,'ziemelupe','',NULL,1,'',NULL,NULL,NULL,NULL,5,498,1,1,'ziemelupe','2011-05-02 20:06:14','2011-05-02 20:06:14',57.027687814499998,24.009504318200001,2);
insert  into `location`(`id`,`name`,`description`,`depth`,`is_free`,`price`,`location_flow_id`,`location_fundus_id`,`location_relief_id`,`location_type_id`,`location_scope_id`,`address_id`,`created_by`,`updated_by`,`slug`,`created_at`,`updated_at`,`latitude`,`longitude`,`version`) values (537,'ozer4o','',NULL,1,'',NULL,NULL,NULL,NULL,5,499,1,1,'ozer4o','2011-05-02 20:06:17','2011-05-02 20:06:17',57.044091766599998,24.013710022000001,2);
insert  into `location`(`id`,`name`,`description`,`depth`,`is_free`,`price`,`location_flow_id`,`location_fundus_id`,`location_relief_id`,`location_type_id`,`location_scope_id`,`address_id`,`created_by`,`updated_by`,`slug`,`created_at`,`updated_at`,`latitude`,`longitude`,`version`) values (538,'','  ?&quot;',NULL,1,'',NULL,NULL,NULL,NULL,5,500,1,1,'207','2011-05-02 20:06:20','2011-05-02 20:06:20',60.141504734799994,32.365722656199999,2);
insert  into `location`(`id`,`name`,`description`,`depth`,`is_free`,`price`,`location_flow_id`,`location_fundus_id`,`location_relief_id`,`location_type_id`,`location_scope_id`,`address_id`,`created_by`,`updated_by`,`slug`,`created_at`,`updated_at`,`latitude`,`longitude`,`version`) values (539,'   ','',NULL,1,'',NULL,NULL,NULL,NULL,5,501,1,1,'208','2011-05-02 20:06:23','2011-05-02 20:06:23',56.820846559200000,37.205114364600000,2);
insert  into `location`(`id`,`name`,`description`,`depth`,`is_free`,`price`,`location_flow_id`,`location_fundus_id`,`location_relief_id`,`location_type_id`,`location_scope_id`,`address_id`,`created_by`,`updated_by`,`slug`,`created_at`,`updated_at`,`latitude`,`longitude`,`version`) values (540,' \"\"','',NULL,0,'',NULL,NULL,NULL,NULL,5,502,1,1,'209','2011-05-02 20:06:25','2011-05-02 20:06:26',58.650512507299979,37.275238037100003,2);
insert  into `location`(`id`,`name`,`description`,`depth`,`is_free`,`price`,`location_flow_id`,`location_fundus_id`,`location_relief_id`,`location_type_id`,`location_scope_id`,`address_id`,`created_by`,`updated_by`,`slug`,`created_at`,`updated_at`,`latitude`,`longitude`,`version`) values (541,' ','',NULL,1,'',NULL,NULL,NULL,NULL,5,503,1,1,'210','2011-05-02 20:06:28','2011-05-02 20:06:28',57.040729838399997,40.486335754399995,2);
insert  into `location`(`id`,`name`,`description`,`depth`,`is_free`,`price`,`location_flow_id`,`location_fundus_id`,`location_relief_id`,`location_type_id`,`location_scope_id`,`address_id`,`created_by`,`updated_by`,`slug`,`created_at`,`updated_at`,`latitude`,`longitude`,`version`) values (542,' ','     :8-903-003-26-50',NULL,1,'',NULL,NULL,NULL,NULL,5,504,1,1,'211','2011-05-02 20:06:31','2011-05-02 20:06:31',57.023448463100003,40.488395690899999,2);
insert  into `location`(`id`,`name`,`description`,`depth`,`is_free`,`price`,`location_flow_id`,`location_fundus_id`,`location_relief_id`,`location_type_id`,`location_scope_id`,`address_id`,`created_by`,`updated_by`,`slug`,`created_at`,`updated_at`,`latitude`,`longitude`,`version`) values (543,'.','&nbsp;&nbsp;   .    .',NULL,0,'',NULL,NULL,NULL,NULL,5,505,1,1,'212','2011-05-02 20:06:34','2011-05-02 20:06:34',54.911356424199980,61.921691894500000,2);
insert  into `location`(`id`,`name`,`description`,`depth`,`is_free`,`price`,`location_flow_id`,`location_fundus_id`,`location_relief_id`,`location_type_id`,`location_scope_id`,`address_id`,`created_by`,`updated_by`,`slug`,`created_at`,`updated_at`,`latitude`,`longitude`,`version`) values (544,' ',' ',NULL,0,'',NULL,NULL,NULL,NULL,5,506,1,1,'213','2011-05-02 20:06:37','2011-05-02 20:06:37',56.133306912400002,35.584716796899997,2);
insert  into `location`(`id`,`name`,`description`,`depth`,`is_free`,`price`,`location_flow_id`,`location_fundus_id`,`location_relief_id`,`location_type_id`,`location_scope_id`,`address_id`,`created_by`,`updated_by`,`slug`,`created_at`,`updated_at`,`latitude`,`longitude`,`version`) values (545,' ','  ?   ?  ?',NULL,0,'',NULL,NULL,NULL,NULL,5,507,1,1,'214','2011-05-02 20:06:40','2011-05-02 20:06:40',55.385936843399996,37.617530822799999,2);
insert  into `location`(`id`,`name`,`description`,`depth`,`is_free`,`price`,`location_flow_id`,`location_fundus_id`,`location_relief_id`,`location_type_id`,`location_scope_id`,`address_id`,`created_by`,`updated_by`,`slug`,`created_at`,`updated_at`,`latitude`,`longitude`,`version`) values (546,'','',NULL,1,'',NULL,NULL,NULL,NULL,5,508,1,1,'215','2011-05-02 20:06:43','2011-05-02 20:06:43',54.255498091699998,41.546516418500019,2);
insert  into `location`(`id`,`name`,`description`,`depth`,`is_free`,`price`,`location_flow_id`,`location_fundus_id`,`location_relief_id`,`location_type_id`,`location_scope_id`,`address_id`,`created_by`,`updated_by`,`slug`,`created_at`,`updated_at`,`latitude`,`longitude`,`version`) values (547,' ','       ..',NULL,1,'',NULL,NULL,NULL,NULL,5,509,1,1,'216','2011-05-02 20:06:46','2011-05-02 20:06:46',52.976994605599998,42.274575233499995,2);
insert  into `location`(`id`,`name`,`description`,`depth`,`is_free`,`price`,`location_flow_id`,`location_fundus_id`,`location_relief_id`,`location_type_id`,`location_scope_id`,`address_id`,`created_by`,`updated_by`,`slug`,`created_at`,`updated_at`,`latitude`,`longitude`,`version`) values (548,' .  ',' .',NULL,1,'',NULL,NULL,NULL,NULL,5,510,1,1,'217','2011-05-02 20:06:49','2011-05-02 20:06:49',52.877289134999977,42.192091941800001,2);
insert  into `location`(`id`,`name`,`description`,`depth`,`is_free`,`price`,`location_flow_id`,`location_fundus_id`,`location_relief_id`,`location_type_id`,`location_scope_id`,`address_id`,`created_by`,`updated_by`,`slug`,`created_at`,`updated_at`,`latitude`,`longitude`,`version`) values (549,' .','    .    ',NULL,1,'',NULL,NULL,NULL,NULL,5,511,1,1,'218','2011-05-02 20:06:52','2011-05-02 20:06:52',52.861823813300035,42.156429290799998,2);
insert  into `location`(`id`,`name`,`description`,`depth`,`is_free`,`price`,`location_flow_id`,`location_fundus_id`,`location_relief_id`,`location_type_id`,`location_scope_id`,`address_id`,`created_by`,`updated_by`,`slug`,`created_at`,`updated_at`,`latitude`,`longitude`,`version`) values (550,'  ','  ',NULL,0,'',NULL,NULL,NULL,NULL,5,512,1,1,'219','2011-05-02 20:06:55','2011-05-02 20:06:55',55.550630964699998,37.770996093800001,2);
insert  into `location`(`id`,`name`,`description`,`depth`,`is_free`,`price`,`location_flow_id`,`location_fundus_id`,`location_relief_id`,`location_type_id`,`location_scope_id`,`address_id`,`created_by`,`updated_by`,`slug`,`created_at`,`updated_at`,`latitude`,`longitude`,`version`) values (551,'','',NULL,1,'',NULL,NULL,NULL,NULL,5,513,1,1,'220','2011-05-02 20:06:58','2011-05-02 20:06:58',55.206598083300001,40.103702545199980,2);
insert  into `location`(`id`,`name`,`description`,`depth`,`is_free`,`price`,`location_flow_id`,`location_fundus_id`,`location_relief_id`,`location_type_id`,`location_scope_id`,`address_id`,`created_by`,`updated_by`,`slug`,`created_at`,`updated_at`,`latitude`,`longitude`,`version`) values (552,'','      ?',NULL,1,'',NULL,NULL,NULL,NULL,5,514,1,1,'221','2011-05-02 20:07:01','2011-05-02 20:07:01',51.944264879000002,142.734375000000000,2);
insert  into `location`(`id`,`name`,`description`,`depth`,`is_free`,`price`,`location_flow_id`,`location_fundus_id`,`location_relief_id`,`location_type_id`,`location_scope_id`,`address_id`,`created_by`,`updated_by`,`slug`,`created_at`,`updated_at`,`latitude`,`longitude`,`version`) values (553,' ','',NULL,1,'',NULL,NULL,NULL,NULL,5,515,1,1,'222','2011-05-02 20:07:04','2011-05-02 20:07:04',54.649207069999996,39.218444824200027,2);
insert  into `location`(`id`,`name`,`description`,`depth`,`is_free`,`price`,`location_flow_id`,`location_fundus_id`,`location_relief_id`,`location_type_id`,`location_scope_id`,`address_id`,`created_by`,`updated_by`,`slug`,`created_at`,`updated_at`,`latitude`,`longitude`,`version`) values (554,' ','    05-1',NULL,0,'',NULL,NULL,NULL,NULL,5,516,1,1,'223','2011-05-02 20:07:07','2011-05-02 20:07:07',54.936610156600018,38.895721435499979,2);
insert  into `location`(`id`,`name`,`description`,`depth`,`is_free`,`price`,`location_flow_id`,`location_fundus_id`,`location_relief_id`,`location_type_id`,`location_scope_id`,`address_id`,`created_by`,`updated_by`,`slug`,`created_at`,`updated_at`,`latitude`,`longitude`,`version`) values (555,' \"\"','   . -  &quot; &quot;.      .  .',NULL,0,'',NULL,NULL,NULL,NULL,5,517,1,1,'224','2011-05-02 20:07:10','2011-05-02 20:07:10',55.176907185899978,38.530769348099980,2);
insert  into `location`(`id`,`name`,`description`,`depth`,`is_free`,`price`,`location_flow_id`,`location_fundus_id`,`location_relief_id`,`location_type_id`,`location_scope_id`,`address_id`,`created_by`,`updated_by`,`slug`,`created_at`,`updated_at`,`latitude`,`longitude`,`version`) values (556,'. ','',NULL,0,'',NULL,NULL,NULL,NULL,5,518,1,1,'225','2011-05-02 20:07:12','2011-05-02 20:07:12',55.007698986000001,37.817516326899998,2);
insert  into `location`(`id`,`name`,`description`,`depth`,`is_free`,`price`,`location_flow_id`,`location_fundus_id`,`location_relief_id`,`location_type_id`,`location_scope_id`,`address_id`,`created_by`,`updated_by`,`slug`,`created_at`,`updated_at`,`latitude`,`longitude`,`version`) values (557,'  \"\"',':   .',NULL,0,'',NULL,NULL,NULL,NULL,5,519,1,1,'226','2011-05-02 20:07:15','2011-05-02 20:07:15',67.086421938100003,33.207206726099997,2);
insert  into `location`(`id`,`name`,`description`,`depth`,`is_free`,`price`,`location_flow_id`,`location_fundus_id`,`location_relief_id`,`location_type_id`,`location_scope_id`,`address_id`,`created_by`,`updated_by`,`slug`,`created_at`,`updated_at`,`latitude`,`longitude`,`version`) values (558,'  ','.   .  :   .     .',NULL,0,'',NULL,NULL,NULL,NULL,5,520,1,1,'227','2011-05-02 20:07:18','2011-05-02 20:07:18',48.283192895500001,46.933593750000000,2);
insert  into `location`(`id`,`name`,`description`,`depth`,`is_free`,`price`,`location_flow_id`,`location_fundus_id`,`location_relief_id`,`location_type_id`,`location_scope_id`,`address_id`,`created_by`,`updated_by`,`slug`,`created_at`,`updated_at`,`latitude`,`longitude`,`version`) values (559,'   .   \"\"','    -.  .   .',NULL,0,'',NULL,NULL,NULL,NULL,5,521,1,1,'228','2011-05-02 20:07:21','2011-05-02 20:07:21',68.087787198100003,30.801029205299994,2);
insert  into `location`(`id`,`name`,`description`,`depth`,`is_free`,`price`,`location_flow_id`,`location_fundus_id`,`location_relief_id`,`location_type_id`,`location_scope_id`,`address_id`,`created_by`,`updated_by`,`slug`,`created_at`,`updated_at`,`latitude`,`longitude`,`version`) values (560,'','   ',NULL,0,'',NULL,NULL,NULL,NULL,5,522,1,1,'229','2011-05-02 20:07:24','2011-05-02 20:07:24',55.207479652699995,35.677928924600003,2);
insert  into `location`(`id`,`name`,`description`,`depth`,`is_free`,`price`,`location_flow_id`,`location_fundus_id`,`location_relief_id`,`location_type_id`,`location_scope_id`,`address_id`,`created_by`,`updated_by`,`slug`,`created_at`,`updated_at`,`latitude`,`longitude`,`version`) values (561,'','     ?',NULL,0,'',NULL,NULL,NULL,NULL,5,523,1,1,'230','2011-05-02 20:07:27','2011-05-02 20:07:27',55.574851201300000,37.814769744899998,2);
insert  into `location`(`id`,`name`,`description`,`depth`,`is_free`,`price`,`location_flow_id`,`location_fundus_id`,`location_relief_id`,`location_type_id`,`location_scope_id`,`address_id`,`created_by`,`updated_by`,`slug`,`created_at`,`updated_at`,`latitude`,`longitude`,`version`) values (562,'','        .   2.5 ..  !    !',NULL,1,'',NULL,NULL,NULL,NULL,5,524,1,1,'231','2011-05-02 20:07:30','2011-05-02 20:07:30',54.950019755199996,41.142253875700000,2);
insert  into `location`(`id`,`name`,`description`,`depth`,`is_free`,`price`,`location_flow_id`,`location_fundus_id`,`location_relief_id`,`location_type_id`,`location_scope_id`,`address_id`,`created_by`,`updated_by`,`slug`,`created_at`,`updated_at`,`latitude`,`longitude`,`version`) values (564,'  ','',NULL,1,'',NULL,NULL,NULL,NULL,5,526,1,1,'233','2011-05-02 20:07:36','2011-05-02 20:07:36',55.489844828000003,37.456684112500000,2);
insert  into `location`(`id`,`name`,`description`,`depth`,`is_free`,`price`,`location_flow_id`,`location_fundus_id`,`location_relief_id`,`location_type_id`,`location_scope_id`,`address_id`,`created_by`,`updated_by`,`slug`,`created_at`,`updated_at`,`latitude`,`longitude`,`version`) values (567,' ','',NULL,0,'',NULL,NULL,NULL,NULL,5,529,1,1,'236','2011-05-02 20:07:45','2011-05-02 20:07:45',55.896437203200001,37.151416540100001,2);
insert  into `location`(`id`,`name`,`description`,`depth`,`is_free`,`price`,`location_flow_id`,`location_fundus_id`,`location_relief_id`,`location_type_id`,`location_scope_id`,`address_id`,`created_by`,`updated_by`,`slug`,`created_at`,`updated_at`,`latitude`,`longitude`,`version`) values (569,'  ()','vsja ribatixoe mesto',NULL,1,'',NULL,NULL,NULL,NULL,5,531,1,1,'238','2011-05-02 20:07:51','2011-05-02 20:07:51',48.121814547999996,35.067329406699997,2);
insert  into `location`(`id`,`name`,`description`,`depth`,`is_free`,`price`,`location_flow_id`,`location_fundus_id`,`location_relief_id`,`location_type_id`,`location_scope_id`,`address_id`,`created_by`,`updated_by`,`slug`,`created_at`,`updated_at`,`latitude`,`longitude`,`version`) values (570,'','sudakplotvagusterale4vimbaokun....',NULL,1,'',NULL,NULL,NULL,NULL,5,532,1,1,'239','2011-05-02 20:07:54','2011-05-02 20:07:54',48.095967461900017,35.019264221199997,2);
insert  into `location`(`id`,`name`,`description`,`depth`,`is_free`,`price`,`location_flow_id`,`location_fundus_id`,`location_relief_id`,`location_type_id`,`location_scope_id`,`address_id`,`created_by`,`updated_by`,`slug`,`created_at`,`updated_at`,`latitude`,`longitude`,`version`) values (571,' ','karas 100-400 grplotva 100-350gr.s4uka =14kglin =1kg',NULL,1,'',NULL,NULL,NULL,NULL,5,533,1,1,'240','2011-05-02 20:07:56','2011-05-02 20:07:56',48.076759992400000,35.081233978299998,2);
insert  into `location`(`id`,`name`,`description`,`depth`,`is_free`,`price`,`location_flow_id`,`location_fundus_id`,`location_relief_id`,`location_type_id`,`location_scope_id`,`address_id`,`created_by`,`updated_by`,`slug`,`created_at`,`updated_at`,`latitude`,`longitude`,`version`) values (572,' ','karas 50-250 gr.',NULL,1,'',NULL,NULL,NULL,NULL,5,534,1,1,'241','2011-05-02 20:08:00','2011-05-02 20:08:00',45.854151738699997,48.398895263699998,2);
insert  into `location`(`id`,`name`,`description`,`depth`,`is_free`,`price`,`location_flow_id`,`location_fundus_id`,`location_relief_id`,`location_type_id`,`location_scope_id`,`address_id`,`created_by`,`updated_by`,`slug`,`created_at`,`updated_at`,`latitude`,`longitude`,`version`) values (573,'  ','   [censored]',NULL,1,'',NULL,NULL,NULL,NULL,5,535,1,1,'242','2011-05-02 20:08:02','2011-05-02 20:08:02',44.490597065700001,34.163875579799999,2);
insert  into `location`(`id`,`name`,`description`,`depth`,`is_free`,`price`,`location_flow_id`,`location_fundus_id`,`location_relief_id`,`location_type_id`,`location_scope_id`,`address_id`,`created_by`,`updated_by`,`slug`,`created_at`,`updated_at`,`latitude`,`longitude`,`version`) values (574,'  ','.   ',NULL,1,'',NULL,NULL,NULL,NULL,5,536,1,1,'243','2011-05-02 20:08:05','2011-05-02 20:08:05',-25.978464447199990,32.595781087900001,2);
insert  into `location`(`id`,`name`,`description`,`depth`,`is_free`,`price`,`location_flow_id`,`location_fundus_id`,`location_relief_id`,`location_type_id`,`location_scope_id`,`address_id`,`created_by`,`updated_by`,`slug`,`created_at`,`updated_at`,`latitude`,`longitude`,`version`) values (575,' ','  .     35/. 120/.  (  )     . 200 /.   .',NULL,1,'',NULL,NULL,NULL,NULL,5,537,1,1,'244','2011-05-02 20:08:08','2011-05-02 20:08:08',55.631775410000003,37.713489532499999,2);
insert  into `location`(`id`,`name`,`description`,`depth`,`is_free`,`price`,`location_flow_id`,`location_fundus_id`,`location_relief_id`,`location_type_id`,`location_scope_id`,`address_id`,`created_by`,`updated_by`,`slug`,`created_at`,`updated_at`,`latitude`,`longitude`,`version`) values (576,' . ','.  . ! !!!!  !',NULL,1,'',NULL,NULL,NULL,NULL,5,538,1,1,'245','2011-05-02 20:08:11','2011-05-02 20:08:11',56.117998193899986,37.608432769799997,2);
insert  into `location`(`id`,`name`,`description`,`depth`,`is_free`,`price`,`location_flow_id`,`location_fundus_id`,`location_relief_id`,`location_type_id`,`location_scope_id`,`address_id`,`created_by`,`updated_by`,`slug`,`created_at`,`updated_at`,`latitude`,`longitude`,`version`) values (577,'Torsholma',' .   3   1-15.     .',NULL,0,'',NULL,NULL,NULL,NULL,5,539,1,1,'torsholma','2011-05-02 20:08:14','2011-05-02 20:08:14',60.361431791599998,21.075897216800001,2);
insert  into `location`(`id`,`name`,`description`,`depth`,`is_free`,`price`,`location_flow_id`,`location_fundus_id`,`location_relief_id`,`location_type_id`,`location_scope_id`,`address_id`,`created_by`,`updated_by`,`slug`,`created_at`,`updated_at`,`latitude`,`longitude`,`version`) values (578,'.','.',NULL,1,'',NULL,NULL,NULL,NULL,5,540,1,1,'246','2011-05-02 20:08:17','2011-05-02 20:08:17',56.600799058500002,25.662431716899992,2);
insert  into `location`(`id`,`name`,`description`,`depth`,`is_free`,`price`,`location_flow_id`,`location_fundus_id`,`location_relief_id`,`location_type_id`,`location_scope_id`,`address_id`,`created_by`,`updated_by`,`slug`,`created_at`,`updated_at`,`latitude`,`longitude`,`version`) values (579,'','',NULL,0,'',NULL,NULL,NULL,NULL,5,541,1,1,'247','2011-05-02 20:08:20','2011-05-02 20:08:20',45.937728505899997,38.080565929400002,2);
insert  into `location`(`id`,`name`,`description`,`depth`,`is_free`,`price`,`location_flow_id`,`location_fundus_id`,`location_relief_id`,`location_type_id`,`location_scope_id`,`address_id`,`created_by`,`updated_by`,`slug`,`created_at`,`updated_at`,`latitude`,`longitude`,`version`) values (580,' ','',NULL,0,'',NULL,NULL,NULL,NULL,5,542,1,1,'248','2011-05-02 20:08:23','2011-05-02 20:08:23',55.727375922600018,38.492231369000002,2);
insert  into `location`(`id`,`name`,`description`,`depth`,`is_free`,`price`,`location_flow_id`,`location_fundus_id`,`location_relief_id`,`location_type_id`,`location_scope_id`,`address_id`,`created_by`,`updated_by`,`slug`,`created_at`,`updated_at`,`latitude`,`longitude`,`version`) values (581,' ','   2001    ',NULL,0,'',NULL,NULL,NULL,NULL,5,543,1,1,'249','2011-05-02 20:08:26','2011-05-02 20:08:26',57.373938418700000,60.534667968800001,2);
insert  into `location`(`id`,`name`,`description`,`depth`,`is_free`,`price`,`location_flow_id`,`location_fundus_id`,`location_relief_id`,`location_type_id`,`location_scope_id`,`address_id`,`created_by`,`updated_by`,`slug`,`created_at`,`updated_at`,`latitude`,`longitude`,`version`) values (585,'- \" \"','',NULL,0,'',NULL,NULL,NULL,NULL,5,547,1,1,'253','2011-05-02 20:08:38','2011-05-02 20:08:38',56.319868721499979,43.946170806900000,2);
insert  into `location`(`id`,`name`,`description`,`depth`,`is_free`,`price`,`location_flow_id`,`location_fundus_id`,`location_relief_id`,`location_type_id`,`location_scope_id`,`address_id`,`created_by`,`updated_by`,`slug`,`created_at`,`updated_at`,`latitude`,`longitude`,`version`) values (586,'- \"\"','   .   .          .',NULL,0,'',NULL,NULL,NULL,NULL,5,548,1,1,'254','2011-05-02 20:08:41','2011-05-02 20:08:41',56.299634248799997,43.985309600800001,2);
insert  into `location`(`id`,`name`,`description`,`depth`,`is_free`,`price`,`location_flow_id`,`location_fundus_id`,`location_relief_id`,`location_type_id`,`location_scope_id`,`address_id`,`created_by`,`updated_by`,`slug`,`created_at`,`updated_at`,`latitude`,`longitude`,`version`) values (587,'- \"\"','',NULL,0,'',NULL,NULL,NULL,NULL,5,549,1,1,'255','2011-05-02 20:08:44','2011-05-02 20:08:44',56.276911260500000,43.980331420900001,2);
insert  into `location`(`id`,`name`,`description`,`depth`,`is_free`,`price`,`location_flow_id`,`location_fundus_id`,`location_relief_id`,`location_type_id`,`location_scope_id`,`address_id`,`created_by`,`updated_by`,`slug`,`created_at`,`updated_at`,`latitude`,`longitude`,`version`) values (588,'- \"\"','',NULL,0,'',NULL,NULL,NULL,NULL,5,550,1,1,'256','2011-05-02 20:08:47','2011-05-02 20:08:47',56.310633609500002,44.021487235999999,2);
insert  into `location`(`id`,`name`,`description`,`depth`,`is_free`,`price`,`location_flow_id`,`location_fundus_id`,`location_relief_id`,`location_type_id`,`location_scope_id`,`address_id`,`created_by`,`updated_by`,`slug`,`created_at`,`updated_at`,`latitude`,`longitude`,`version`) values (589,'- \" \"','',NULL,0,'',NULL,NULL,NULL,NULL,5,551,1,1,'257','2011-05-02 20:08:50','2011-05-02 20:08:50',56.317893356900001,44.023118019100011,2);
insert  into `location`(`id`,`name`,`description`,`depth`,`is_free`,`price`,`location_flow_id`,`location_fundus_id`,`location_relief_id`,`location_type_id`,`location_scope_id`,`address_id`,`created_by`,`updated_by`,`slug`,`created_at`,`updated_at`,`latitude`,`longitude`,`version`) values (590,'','',NULL,0,'',NULL,NULL,NULL,NULL,5,552,1,1,'258','2011-05-02 20:08:53','2011-05-02 20:08:53',56.782545146999986,36.289730071999998,2);
insert  into `location`(`id`,`name`,`description`,`depth`,`is_free`,`price`,`location_flow_id`,`location_fundus_id`,`location_relief_id`,`location_type_id`,`location_scope_id`,`address_id`,`created_by`,`updated_by`,`slug`,`created_at`,`updated_at`,`latitude`,`longitude`,`version`) values (591,'- \"\"','',NULL,0,'',NULL,NULL,NULL,NULL,5,553,1,1,'259','2011-05-02 20:08:56','2011-05-02 20:08:56',56.329577461400000,43.992819786100000,2);
insert  into `location`(`id`,`name`,`description`,`depth`,`is_free`,`price`,`location_flow_id`,`location_fundus_id`,`location_relief_id`,`location_type_id`,`location_scope_id`,`address_id`,`created_by`,`updated_by`,`slug`,`created_at`,`updated_at`,`latitude`,`longitude`,`version`) values (592,'- \"\"','',NULL,0,'',NULL,NULL,NULL,NULL,5,554,1,1,'260','2011-05-02 20:08:59','2011-05-02 20:08:59',56.322438922300002,44.035177230799995,2);
insert  into `location`(`id`,`name`,`description`,`depth`,`is_free`,`price`,`location_flow_id`,`location_fundus_id`,`location_relief_id`,`location_type_id`,`location_scope_id`,`address_id`,`created_by`,`updated_by`,`slug`,`created_at`,`updated_at`,`latitude`,`longitude`,`version`) values (596,' - \"\"','',NULL,0,'',NULL,NULL,NULL,NULL,5,558,1,1,'264','2011-05-02 20:09:11','2011-05-02 20:09:11',56.327983303399996,43.984665870699978,2);
insert  into `location`(`id`,`name`,`description`,`depth`,`is_free`,`price`,`location_flow_id`,`location_fundus_id`,`location_relief_id`,`location_type_id`,`location_scope_id`,`address_id`,`created_by`,`updated_by`,`slug`,`created_at`,`updated_at`,`latitude`,`longitude`,`version`) values (598,'-   ','        .',NULL,0,'',NULL,NULL,NULL,NULL,5,560,1,1,'266','2011-05-02 20:09:16','2011-05-02 20:09:17',56.317798156100011,43.943896293600027,2);
insert  into `location`(`id`,`name`,`description`,`depth`,`is_free`,`price`,`location_flow_id`,`location_fundus_id`,`location_relief_id`,`location_type_id`,`location_scope_id`,`address_id`,`created_by`,`updated_by`,`slug`,`created_at`,`updated_at`,`latitude`,`longitude`,`version`) values (599,'- \"\"','       .    .     -  . ',NULL,0,'',NULL,NULL,NULL,NULL,5,561,1,1,'267','2011-05-02 20:09:19','2011-05-02 20:09:19',56.249311117299996,43.854761123700001,2);
insert  into `location`(`id`,`name`,`description`,`depth`,`is_free`,`price`,`location_flow_id`,`location_fundus_id`,`location_relief_id`,`location_type_id`,`location_scope_id`,`address_id`,`created_by`,`updated_by`,`slug`,`created_at`,`updated_at`,`latitude`,`longitude`,`version`) values (600,'- \"\"','       ',NULL,0,'',NULL,NULL,NULL,NULL,5,562,1,1,'268','2011-05-02 20:09:22','2011-05-02 20:09:22',56.236147564900001,43.868150711100000,2);
insert  into `location`(`id`,`name`,`description`,`depth`,`is_free`,`price`,`location_flow_id`,`location_fundus_id`,`location_relief_id`,`location_type_id`,`location_scope_id`,`address_id`,`created_by`,`updated_by`,`slug`,`created_at`,`updated_at`,`latitude`,`longitude`,`version`) values (601,'- \"-\"','    .       .            .      :)',NULL,0,'',NULL,NULL,NULL,NULL,5,563,1,1,'269','2011-05-02 20:09:25','2011-05-02 20:09:25',56.236576882500010,43.866949081400001,2);
insert  into `location`(`id`,`name`,`description`,`depth`,`is_free`,`price`,`location_flow_id`,`location_fundus_id`,`location_relief_id`,`location_type_id`,`location_scope_id`,`address_id`,`created_by`,`updated_by`,`slug`,`created_at`,`updated_at`,`latitude`,`longitude`,`version`) values (602,'- \"\"','',NULL,0,'',NULL,NULL,NULL,NULL,5,564,1,1,'270','2011-05-02 20:09:28','2011-05-02 20:09:28',56.259609871899997,43.856735229500003,2);
insert  into `location`(`id`,`name`,`description`,`depth`,`is_free`,`price`,`location_flow_id`,`location_fundus_id`,`location_relief_id`,`location_type_id`,`location_scope_id`,`address_id`,`created_by`,`updated_by`,`slug`,`created_at`,`updated_at`,`latitude`,`longitude`,`version`) values (603,'\" \"','   .                   (       -       ).          -  50 .(         ).        ( ).      .        4 .',NULL,0,'',NULL,NULL,NULL,NULL,5,565,1,1,'271','2011-05-02 20:09:31','2011-05-02 20:09:31',56.247165194700003,43.865404128999998,2);
insert  into `location`(`id`,`name`,`description`,`depth`,`is_free`,`price`,`location_flow_id`,`location_fundus_id`,`location_relief_id`,`location_type_id`,`location_scope_id`,`address_id`,`created_by`,`updated_by`,`slug`,`created_at`,`updated_at`,`latitude`,`longitude`,`version`) values (604,'- \" \"','     ?',NULL,0,'',NULL,NULL,NULL,NULL,5,566,1,1,'272','2011-05-02 20:09:34','2011-05-02 20:09:34',56.265640031899999,43.913340568500011,2);
insert  into `location`(`id`,`name`,`description`,`depth`,`is_free`,`price`,`location_flow_id`,`location_fundus_id`,`location_relief_id`,`location_type_id`,`location_scope_id`,`address_id`,`created_by`,`updated_by`,`slug`,`created_at`,`updated_at`,`latitude`,`longitude`,`version`) values (605,'- \"\"','    .',NULL,0,'',NULL,NULL,NULL,NULL,5,567,1,1,'273','2011-05-02 20:09:37','2011-05-02 20:09:37',56.265449369499997,43.913683891299996,2);
insert  into `location`(`id`,`name`,`description`,`depth`,`is_free`,`price`,`location_flow_id`,`location_fundus_id`,`location_relief_id`,`location_type_id`,`location_scope_id`,`address_id`,`created_by`,`updated_by`,`slug`,`created_at`,`updated_at`,`latitude`,`longitude`,`version`) values (608,'','',NULL,0,'',NULL,NULL,NULL,NULL,5,570,1,1,'276','2011-05-02 20:09:46','2011-05-02 20:09:46',56.235813647800001,36.948738098100002,2);
insert  into `location`(`id`,`name`,`description`,`depth`,`is_free`,`price`,`location_flow_id`,`location_fundus_id`,`location_relief_id`,`location_type_id`,`location_scope_id`,`address_id`,`created_by`,`updated_by`,`slug`,`created_at`,`updated_at`,`latitude`,`longitude`,`version`) values (609,'','',NULL,1,'',NULL,NULL,NULL,NULL,5,571,1,1,'277','2011-05-02 20:09:48','2011-05-02 20:09:48',56.211191173800010,36.989078521700002,2);
insert  into `location`(`id`,`name`,`description`,`depth`,`is_free`,`price`,`location_flow_id`,`location_fundus_id`,`location_relief_id`,`location_type_id`,`location_scope_id`,`address_id`,`created_by`,`updated_by`,`slug`,`created_at`,`updated_at`,`latitude`,`longitude`,`version`) values (611,'','     ',NULL,1,'',NULL,NULL,NULL,NULL,5,573,1,1,'279','2011-05-02 20:09:54','2011-05-02 20:09:54',55.600244560800000,37.457542419399999,2);
insert  into `location`(`id`,`name`,`description`,`depth`,`is_free`,`price`,`location_flow_id`,`location_fundus_id`,`location_relief_id`,`location_type_id`,`location_scope_id`,`address_id`,`created_by`,`updated_by`,`slug`,`created_at`,`updated_at`,`latitude`,`longitude`,`version`) values (612,'','',NULL,0,'',NULL,NULL,NULL,NULL,5,574,1,1,'280','2011-05-02 20:09:57','2011-05-02 20:09:57',53.058755129000012,25.207443237299998,2);
insert  into `location`(`id`,`name`,`description`,`depth`,`is_free`,`price`,`location_flow_id`,`location_fundus_id`,`location_relief_id`,`location_type_id`,`location_scope_id`,`address_id`,`created_by`,`updated_by`,`slug`,`created_at`,`updated_at`,`latitude`,`longitude`,`version`) values (613,'','  .  . .',NULL,1,'',NULL,NULL,NULL,NULL,5,575,1,1,'281','2011-05-02 20:10:00','2011-05-02 20:10:00',48.729813169399996,39.178276061999995,2);
insert  into `location`(`id`,`name`,`description`,`depth`,`is_free`,`price`,`location_flow_id`,`location_fundus_id`,`location_relief_id`,`location_type_id`,`location_scope_id`,`address_id`,`created_by`,`updated_by`,`slug`,`created_at`,`updated_at`,`latitude`,`longitude`,`version`) values (614,'','',NULL,1,'',NULL,NULL,NULL,NULL,5,576,1,1,'282','2011-05-02 20:10:03','2011-05-02 20:10:03',51.547829565999997,34.479217529300001,2);
insert  into `location`(`id`,`name`,`description`,`depth`,`is_free`,`price`,`location_flow_id`,`location_fundus_id`,`location_relief_id`,`location_type_id`,`location_scope_id`,`address_id`,`created_by`,`updated_by`,`slug`,`created_at`,`updated_at`,`latitude`,`longitude`,`version`) values (615,'','  3   ',NULL,1,'',NULL,NULL,NULL,NULL,5,577,1,1,'283','2011-05-02 20:10:06','2011-05-02 20:10:06',51.598400712399979,35.080032348600000,2);
insert  into `location`(`id`,`name`,`description`,`depth`,`is_free`,`price`,`location_flow_id`,`location_fundus_id`,`location_relief_id`,`location_type_id`,`location_scope_id`,`address_id`,`created_by`,`updated_by`,`slug`,`created_at`,`updated_at`,`latitude`,`longitude`,`version`) values (616,'','',NULL,1,'',NULL,NULL,NULL,NULL,5,578,1,1,'284','2011-05-02 20:10:09','2011-05-02 20:10:09',55.723696327699997,37.108082771299998,2);
insert  into `location`(`id`,`name`,`description`,`depth`,`is_free`,`price`,`location_flow_id`,`location_fundus_id`,`location_relief_id`,`location_type_id`,`location_scope_id`,`address_id`,`created_by`,`updated_by`,`slug`,`created_at`,`updated_at`,`latitude`,`longitude`,`version`) values (617,'','',NULL,1,'',NULL,NULL,NULL,NULL,5,579,1,1,'285','2011-05-02 20:10:12','2011-05-02 20:10:12',55.264165164399998,37.750815153100000,2);
insert  into `location`(`id`,`name`,`description`,`depth`,`is_free`,`price`,`location_flow_id`,`location_fundus_id`,`location_relief_id`,`location_type_id`,`location_scope_id`,`address_id`,`created_by`,`updated_by`,`slug`,`created_at`,`updated_at`,`latitude`,`longitude`,`version`) values (618,'','        ',NULL,0,'',NULL,NULL,NULL,NULL,5,580,1,1,'286','2011-05-02 20:10:15','2011-05-02 20:10:15',55.537373893999998,37.135677337600001,2);
insert  into `location`(`id`,`name`,`description`,`depth`,`is_free`,`price`,`location_flow_id`,`location_fundus_id`,`location_relief_id`,`location_type_id`,`location_scope_id`,`address_id`,`created_by`,`updated_by`,`slug`,`created_at`,`updated_at`,`latitude`,`longitude`,`version`) values (619,'Green canyon','',NULL,0,'',NULL,NULL,NULL,NULL,5,581,1,1,'green-canyon','2011-05-02 20:10:18','2011-05-02 20:10:18',36.900729348399999,31.577796935999988,2);
insert  into `location`(`id`,`name`,`description`,`depth`,`is_free`,`price`,`location_flow_id`,`location_fundus_id`,`location_relief_id`,`location_type_id`,`location_scope_id`,`address_id`,`created_by`,`updated_by`,`slug`,`created_at`,`updated_at`,`latitude`,`longitude`,`version`) values (620,' ','     .  .               .',NULL,1,'',NULL,NULL,NULL,NULL,5,582,1,1,'287','2011-05-02 20:10:21','2011-05-02 20:10:21',56.239248084200000,37.847557067899970,2);
insert  into `location`(`id`,`name`,`description`,`depth`,`is_free`,`price`,`location_flow_id`,`location_fundus_id`,`location_relief_id`,`location_type_id`,`location_scope_id`,`address_id`,`created_by`,`updated_by`,`slug`,`created_at`,`updated_at`,`latitude`,`longitude`,`version`) values (621,'  .  ','',NULL,1,'',NULL,NULL,NULL,NULL,5,583,1,1,'288','2011-05-02 20:10:24','2011-05-02 20:10:24',55.773676529499987,38.186416626000003,2);
insert  into `location`(`id`,`name`,`description`,`depth`,`is_free`,`price`,`location_flow_id`,`location_fundus_id`,`location_relief_id`,`location_type_id`,`location_scope_id`,`address_id`,`created_by`,`updated_by`,`slug`,`created_at`,`updated_at`,`latitude`,`longitude`,`version`) values (622,' ','   ',NULL,0,'',NULL,NULL,NULL,NULL,5,584,1,1,'289','2011-05-02 20:10:27','2011-05-02 20:10:27',56.237435503400000,38.065567016599978,2);
insert  into `location`(`id`,`name`,`description`,`depth`,`is_free`,`price`,`location_flow_id`,`location_fundus_id`,`location_relief_id`,`location_type_id`,`location_scope_id`,`address_id`,`created_by`,`updated_by`,`slug`,`created_at`,`updated_at`,`latitude`,`longitude`,`version`) values (623,'','',NULL,0,'',NULL,NULL,NULL,NULL,5,585,1,1,'290','2011-05-02 20:10:30','2011-05-02 20:10:30',55.444205751500000,37.962570190399987,2);
insert  into `location`(`id`,`name`,`description`,`depth`,`is_free`,`price`,`location_flow_id`,`location_fundus_id`,`location_relief_id`,`location_type_id`,`location_scope_id`,`address_id`,`created_by`,`updated_by`,`slug`,`created_at`,`updated_at`,`latitude`,`longitude`,`version`) values (624,'. ','      .      (  ).',NULL,1,'',NULL,NULL,NULL,NULL,5,586,1,1,'291','2011-05-02 20:10:33','2011-05-02 20:10:33',57.811205972899998,35.988292694099997,2);
insert  into `location`(`id`,`name`,`description`,`depth`,`is_free`,`price`,`location_flow_id`,`location_fundus_id`,`location_relief_id`,`location_type_id`,`location_scope_id`,`address_id`,`created_by`,`updated_by`,`slug`,`created_at`,`updated_at`,`latitude`,`longitude`,`version`) values (625,'. ','',NULL,1,'',NULL,NULL,NULL,NULL,5,587,1,1,'292','2011-05-02 20:10:35','2011-05-02 20:10:36',57.933763241500010,36.363458633400001,2);
insert  into `location`(`id`,`name`,`description`,`depth`,`is_free`,`price`,`location_flow_id`,`location_fundus_id`,`location_relief_id`,`location_type_id`,`location_scope_id`,`address_id`,`created_by`,`updated_by`,`slug`,`created_at`,`updated_at`,`latitude`,`longitude`,`version`) values (626,'',' .  07.07.-08.07.  300-400 .  05-07.   2- .      .  &nbsp;&nbsp;       .',NULL,1,'',NULL,NULL,NULL,NULL,5,588,1,1,'293','2011-05-02 20:10:38','2011-05-02 20:10:38',51.680858005100028,34.825973510700003,2);
insert  into `location`(`id`,`name`,`description`,`depth`,`is_free`,`price`,`location_flow_id`,`location_fundus_id`,`location_relief_id`,`location_type_id`,`location_scope_id`,`address_id`,`created_by`,`updated_by`,`slug`,`created_at`,`updated_at`,`latitude`,`longitude`,`version`) values (627,'','',NULL,0,'',NULL,NULL,NULL,NULL,5,589,1,1,'294','2011-05-02 20:10:41','2011-05-02 20:10:41',56.022324498300001,36.993713378899997,2);
insert  into `location`(`id`,`name`,`description`,`depth`,`is_free`,`price`,`location_flow_id`,`location_fundus_id`,`location_relief_id`,`location_type_id`,`location_scope_id`,`address_id`,`created_by`,`updated_by`,`slug`,`created_at`,`updated_at`,`latitude`,`longitude`,`version`) values (628,'- \" \"','',NULL,0,'',NULL,NULL,NULL,NULL,5,590,1,1,'295','2011-05-02 20:10:44','2011-05-02 20:10:44',56.264901209599998,43.912696838400002,2);
insert  into `location`(`id`,`name`,`description`,`depth`,`is_free`,`price`,`location_flow_id`,`location_fundus_id`,`location_relief_id`,`location_type_id`,`location_scope_id`,`address_id`,`created_by`,`updated_by`,`slug`,`created_at`,`updated_at`,`latitude`,`longitude`,`version`) values (629,'., ','      ',NULL,1,'',NULL,NULL,NULL,NULL,5,591,1,1,'296','2011-05-02 20:10:47','2011-05-02 20:10:47',56.062165487500010,45.041284561199980,2);
insert  into `location`(`id`,`name`,`description`,`depth`,`is_free`,`price`,`location_flow_id`,`location_fundus_id`,`location_relief_id`,`location_type_id`,`location_scope_id`,`address_id`,`created_by`,`updated_by`,`slug`,`created_at`,`updated_at`,`latitude`,`longitude`,`version`) values (630,' ','',NULL,0,'',NULL,NULL,NULL,NULL,5,592,1,1,'297','2011-05-02 20:10:50','2011-05-02 20:10:50',60.531279271199999,29.902038574199999,2);
insert  into `location`(`id`,`name`,`description`,`depth`,`is_free`,`price`,`location_flow_id`,`location_fundus_id`,`location_relief_id`,`location_type_id`,`location_scope_id`,`address_id`,`created_by`,`updated_by`,`slug`,`created_at`,`updated_at`,`latitude`,`longitude`,`version`) values (631,' \"\"','',NULL,0,'',NULL,NULL,NULL,NULL,5,593,1,1,'298','2011-05-02 20:10:53','2011-05-02 20:10:53',56.425295020999997,37.995185852100001,2);
insert  into `location`(`id`,`name`,`description`,`depth`,`is_free`,`price`,`location_flow_id`,`location_fundus_id`,`location_relief_id`,`location_type_id`,`location_scope_id`,`address_id`,`created_by`,`updated_by`,`slug`,`created_at`,`updated_at`,`latitude`,`longitude`,`version`) values (632,' . ','    .       .         . .   .   -   - .   .    -   .   .',NULL,0,'',NULL,NULL,NULL,NULL,5,594,1,1,'299','2011-05-02 20:10:56','2011-05-02 20:10:56',55.885036049299998,35.112476348900003,2);
insert  into `location`(`id`,`name`,`description`,`depth`,`is_free`,`price`,`location_flow_id`,`location_fundus_id`,`location_relief_id`,`location_type_id`,`location_scope_id`,`address_id`,`created_by`,`updated_by`,`slug`,`created_at`,`updated_at`,`latitude`,`longitude`,`version`) values (633,'.','    .    .    . ',NULL,1,'',NULL,NULL,NULL,NULL,5,595,1,1,'300','2011-05-02 20:10:59','2011-05-02 20:10:59',57.968787511300000,34.230308532700001,2);
insert  into `location`(`id`,`name`,`description`,`depth`,`is_free`,`price`,`location_flow_id`,`location_fundus_id`,`location_relief_id`,`location_type_id`,`location_scope_id`,`address_id`,`created_by`,`updated_by`,`slug`,`created_at`,`updated_at`,`latitude`,`longitude`,`version`) values (634,' ','',NULL,1,'',NULL,NULL,NULL,NULL,5,596,1,1,'301','2011-05-02 20:11:02','2011-05-02 20:11:02',54.814733252399996,37.237472534200002,2);
insert  into `location`(`id`,`name`,`description`,`depth`,`is_free`,`price`,`location_flow_id`,`location_fundus_id`,`location_relief_id`,`location_type_id`,`location_scope_id`,`address_id`,`created_by`,`updated_by`,`slug`,`created_at`,`updated_at`,`latitude`,`longitude`,`version`) values (635,' ','              :  4    ( ) .   .     .   5  7    .     .',NULL,1,'',NULL,NULL,NULL,NULL,5,597,1,1,'302','2011-05-02 20:11:05','2011-05-02 20:11:05',54.863962939899970,37.521743774399987,2);
insert  into `location`(`id`,`name`,`description`,`depth`,`is_free`,`price`,`location_flow_id`,`location_fundus_id`,`location_relief_id`,`location_type_id`,`location_scope_id`,`address_id`,`created_by`,`updated_by`,`slug`,`created_at`,`updated_at`,`latitude`,`longitude`,`version`) values (636,' ','',NULL,0,'',NULL,NULL,NULL,NULL,5,598,1,1,'303','2011-05-02 20:11:08','2011-05-02 20:11:08',55.979177017200001,36.230163574199999,2);
insert  into `location`(`id`,`name`,`description`,`depth`,`is_free`,`price`,`location_flow_id`,`location_fundus_id`,`location_relief_id`,`location_type_id`,`location_scope_id`,`address_id`,`created_by`,`updated_by`,`slug`,`created_at`,`updated_at`,`latitude`,`longitude`,`version`) values (637,' ','      (   ) --   .    .   --   ',NULL,1,'',NULL,NULL,NULL,NULL,5,599,1,1,'304','2011-05-02 20:11:11','2011-05-02 20:11:11',55.484580541400000,37.817870378499997,2);
insert  into `location`(`id`,`name`,`description`,`depth`,`is_free`,`price`,`location_flow_id`,`location_fundus_id`,`location_relief_id`,`location_type_id`,`location_scope_id`,`address_id`,`created_by`,`updated_by`,`slug`,`created_at`,`updated_at`,`latitude`,`longitude`,`version`) values (638,' ','',NULL,0,'',NULL,NULL,NULL,NULL,5,600,1,1,'305','2011-05-02 20:11:14','2011-05-02 20:11:14',56.421497518599978,37.169837951700018,2);
insert  into `location`(`id`,`name`,`description`,`depth`,`is_free`,`price`,`location_flow_id`,`location_fundus_id`,`location_relief_id`,`location_type_id`,`location_scope_id`,`address_id`,`created_by`,`updated_by`,`slug`,`created_at`,`updated_at`,`latitude`,`longitude`,`version`) values (639,'','  .         ...  .      ',NULL,1,'',NULL,NULL,NULL,NULL,5,601,1,1,'306','2011-05-02 20:11:17','2011-05-02 20:11:17',64.878395817200001,29.980316162099999,2);
insert  into `location`(`id`,`name`,`description`,`depth`,`is_free`,`price`,`location_flow_id`,`location_fundus_id`,`location_relief_id`,`location_type_id`,`location_scope_id`,`address_id`,`created_by`,`updated_by`,`slug`,`created_at`,`updated_at`,`latitude`,`longitude`,`version`) values (640,'  ','',NULL,1,'',NULL,NULL,NULL,NULL,5,602,1,1,'307','2011-05-02 20:11:20','2011-05-02 20:11:20',64.865274706100010,30.513153076199998,2);
insert  into `location`(`id`,`name`,`description`,`depth`,`is_free`,`price`,`location_flow_id`,`location_fundus_id`,`location_relief_id`,`location_type_id`,`location_scope_id`,`address_id`,`created_by`,`updated_by`,`slug`,`created_at`,`updated_at`,`latitude`,`longitude`,`version`) values (641,' ','         .     .   6- .     .     .',NULL,1,'',NULL,NULL,NULL,NULL,5,603,1,1,'308','2011-05-02 20:11:22','2011-05-02 20:11:23',54.699779112199998,35.616474151600002,2);
insert  into `location`(`id`,`name`,`description`,`depth`,`is_free`,`price`,`location_flow_id`,`location_fundus_id`,`location_relief_id`,`location_type_id`,`location_scope_id`,`address_id`,`created_by`,`updated_by`,`slug`,`created_at`,`updated_at`,`latitude`,`longitude`,`version`) values (642,'. ','           5-     .   .    .        .',NULL,1,'',NULL,NULL,NULL,NULL,5,604,1,1,'309','2011-05-02 20:11:25','2011-05-02 20:11:25',55.538636664800002,37.821292877200001,2);
insert  into `location`(`id`,`name`,`description`,`depth`,`is_free`,`price`,`location_flow_id`,`location_fundus_id`,`location_relief_id`,`location_type_id`,`location_scope_id`,`address_id`,`created_by`,`updated_by`,`slug`,`created_at`,`updated_at`,`latitude`,`longitude`,`version`) values (643,' ',' .       500  -   .   .      .',NULL,1,'',NULL,NULL,NULL,NULL,5,605,1,1,'310','2011-05-02 20:11:28','2011-05-02 20:11:28',54.694471759000002,35.586090087899997,2);
insert  into `location`(`id`,`name`,`description`,`depth`,`is_free`,`price`,`location_flow_id`,`location_fundus_id`,`location_relief_id`,`location_type_id`,`location_scope_id`,`address_id`,`created_by`,`updated_by`,`slug`,`created_at`,`updated_at`,`latitude`,`longitude`,`version`) values (644,'  ','  ',NULL,1,'',NULL,NULL,NULL,NULL,5,606,1,1,'311','2011-05-02 20:11:31','2011-05-02 20:11:31',54.658343482500001,39.842605590799998,2);
insert  into `location`(`id`,`name`,`description`,`depth`,`is_free`,`price`,`location_flow_id`,`location_fundus_id`,`location_relief_id`,`location_type_id`,`location_scope_id`,`address_id`,`created_by`,`updated_by`,`slug`,`created_at`,`updated_at`,`latitude`,`longitude`,`version`) values (645,'','',NULL,0,'',NULL,NULL,NULL,NULL,5,607,1,1,'312','2011-05-02 20:11:34','2011-05-02 20:11:34',55.405141947299988,37.371025085399999,2);
insert  into `location`(`id`,`name`,`description`,`depth`,`is_free`,`price`,`location_flow_id`,`location_fundus_id`,`location_relief_id`,`location_type_id`,`location_scope_id`,`address_id`,`created_by`,`updated_by`,`slug`,`created_at`,`updated_at`,`latitude`,`longitude`,`version`) values (646,'','       .        ',NULL,0,'',NULL,NULL,NULL,NULL,5,608,1,1,'313','2011-05-02 20:11:37','2011-05-02 20:11:37',55.917756490099997,36.050434112500000,2);
insert  into `location`(`id`,`name`,`description`,`depth`,`is_free`,`price`,`location_flow_id`,`location_fundus_id`,`location_relief_id`,`location_type_id`,`location_scope_id`,`address_id`,`created_by`,`updated_by`,`slug`,`created_at`,`updated_at`,`latitude`,`longitude`,`version`) values (647,' ','',NULL,1,'',NULL,NULL,NULL,NULL,5,609,1,1,'314','2011-05-02 20:11:40','2011-05-02 20:11:40',56.119505416299987,36.928567886399996,2);
insert  into `location`(`id`,`name`,`description`,`depth`,`is_free`,`price`,`location_flow_id`,`location_fundus_id`,`location_relief_id`,`location_type_id`,`location_scope_id`,`address_id`,`created_by`,`updated_by`,`slug`,`created_at`,`updated_at`,`latitude`,`longitude`,`version`) values (648,'','',NULL,0,'',NULL,NULL,NULL,NULL,5,610,1,1,'315','2011-05-02 20:11:43','2011-05-02 20:11:43',56.017575356100011,35.824871063200000,2);
insert  into `location`(`id`,`name`,`description`,`depth`,`is_free`,`price`,`location_flow_id`,`location_fundus_id`,`location_relief_id`,`location_type_id`,`location_scope_id`,`address_id`,`created_by`,`updated_by`,`slug`,`created_at`,`updated_at`,`latitude`,`longitude`,`version`) values (649,'','   .         .      !',NULL,0,'',NULL,NULL,NULL,NULL,5,611,1,1,'316','2011-05-02 20:11:46','2011-05-02 20:11:46',55.564174781100000,37.593240737899997,2);
insert  into `location`(`id`,`name`,`description`,`depth`,`is_free`,`price`,`location_flow_id`,`location_fundus_id`,`location_relief_id`,`location_type_id`,`location_scope_id`,`address_id`,`created_by`,`updated_by`,`slug`,`created_at`,`updated_at`,`latitude`,`longitude`,`version`) values (650,'','',NULL,1,'',NULL,NULL,NULL,NULL,5,612,1,1,'317','2011-05-02 20:11:49','2011-05-02 20:11:49',50.446027359399999,30.590744018599999,2);
insert  into `location`(`id`,`name`,`description`,`depth`,`is_free`,`price`,`location_flow_id`,`location_fundus_id`,`location_relief_id`,`location_type_id`,`location_scope_id`,`address_id`,`created_by`,`updated_by`,`slug`,`created_at`,`updated_at`,`latitude`,`longitude`,`version`) values (651,' \"\"','',NULL,0,'',NULL,NULL,NULL,NULL,5,613,1,1,'318','2011-05-02 20:11:52','2011-05-02 20:11:52',51.867694048600001,104.832057953000000,2);
insert  into `location`(`id`,`name`,`description`,`depth`,`is_free`,`price`,`location_flow_id`,`location_fundus_id`,`location_relief_id`,`location_type_id`,`location_scope_id`,`address_id`,`created_by`,`updated_by`,`slug`,`created_at`,`updated_at`,`latitude`,`longitude`,`version`) values (652,' \"\"','            ',NULL,0,'',NULL,NULL,NULL,NULL,5,614,1,1,'319','2011-05-02 20:11:55','2011-05-02 20:11:55',55.732656049099980,38.326320648199996,2);
insert  into `location`(`id`,`name`,`description`,`depth`,`is_free`,`price`,`location_flow_id`,`location_fundus_id`,`location_relief_id`,`location_type_id`,`location_scope_id`,`address_id`,`created_by`,`updated_by`,`slug`,`created_at`,`updated_at`,`latitude`,`longitude`,`version`) values (653,' ','',NULL,1,'',NULL,NULL,NULL,NULL,5,615,1,1,'320','2011-05-02 20:11:58','2011-05-02 20:11:58',56.223886130200000,37.032852172900000,2);
insert  into `location`(`id`,`name`,`description`,`depth`,`is_free`,`price`,`location_flow_id`,`location_fundus_id`,`location_relief_id`,`location_type_id`,`location_scope_id`,`address_id`,`created_by`,`updated_by`,`slug`,`created_at`,`updated_at`,`latitude`,`longitude`,`version`) values (654,'  ','       .    .   .            &nbsp;&nbsp; )',NULL,1,'',NULL,NULL,NULL,NULL,5,616,1,1,'321','2011-05-02 20:12:01','2011-05-02 20:12:01',56.337475888599997,37.031478881799998,2);
insert  into `location`(`id`,`name`,`description`,`depth`,`is_free`,`price`,`location_flow_id`,`location_fundus_id`,`location_relief_id`,`location_type_id`,`location_scope_id`,`address_id`,`created_by`,`updated_by`,`slug`,`created_at`,`updated_at`,`latitude`,`longitude`,`version`) values (655,'  ','      50                   ..   -  ',NULL,1,'',NULL,NULL,NULL,NULL,5,617,1,1,'322','2011-05-02 20:12:04','2011-05-02 20:12:04',56.279198461699998,36.987791061400003,2);
insert  into `location`(`id`,`name`,`description`,`depth`,`is_free`,`price`,`location_flow_id`,`location_fundus_id`,`location_relief_id`,`location_type_id`,`location_scope_id`,`address_id`,`created_by`,`updated_by`,`slug`,`created_at`,`updated_at`,`latitude`,`longitude`,`version`) values (656,'\"\"','',NULL,1,'',NULL,NULL,NULL,NULL,5,618,1,1,'323','2011-05-02 20:12:07','2011-05-02 20:12:07',56.241966794600003,36.973114013699998,2);
insert  into `location`(`id`,`name`,`description`,`depth`,`is_free`,`price`,`location_flow_id`,`location_fundus_id`,`location_relief_id`,`location_type_id`,`location_scope_id`,`address_id`,`created_by`,`updated_by`,`slug`,`created_at`,`updated_at`,`latitude`,`longitude`,`version`) values (657,' \"\"','',NULL,0,'',NULL,NULL,NULL,NULL,5,619,1,1,'324','2011-05-02 20:12:10','2011-05-02 20:12:10',56.221762642800002,37.010622024499995,2);
insert  into `location`(`id`,`name`,`description`,`depth`,`is_free`,`price`,`location_flow_id`,`location_fundus_id`,`location_relief_id`,`location_type_id`,`location_scope_id`,`address_id`,`created_by`,`updated_by`,`slug`,`created_at`,`updated_at`,`latitude`,`longitude`,`version`) values (658,',  ','',NULL,1,'',NULL,NULL,NULL,NULL,5,620,1,1,'325','2011-05-02 20:12:13','2011-05-02 20:12:13',56.208231594700003,37.021865844699995,2);
insert  into `location`(`id`,`name`,`description`,`depth`,`is_free`,`price`,`location_flow_id`,`location_fundus_id`,`location_relief_id`,`location_type_id`,`location_scope_id`,`address_id`,`created_by`,`updated_by`,`slug`,`created_at`,`updated_at`,`latitude`,`longitude`,`version`) values (659,'','',NULL,1,'',NULL,NULL,NULL,NULL,5,621,1,1,'326','2011-05-02 20:12:16','2011-05-02 20:12:16',56.698097106900001,38.146247863799999,2);
insert  into `location`(`id`,`name`,`description`,`depth`,`is_free`,`price`,`location_flow_id`,`location_fundus_id`,`location_relief_id`,`location_type_id`,`location_scope_id`,`address_id`,`created_by`,`updated_by`,`slug`,`created_at`,`updated_at`,`latitude`,`longitude`,`version`) values (660,' ()','     .     .       .            .      .    ()    ..    <a href=\"http://vuva.ru\" target=\"_blank\">http://vuva.ru</a>',NULL,0,'',NULL,NULL,NULL,NULL,5,622,1,1,'327','2011-05-02 20:12:19','2011-05-02 20:12:19',56.375802850500001,37.153701782200002,2);
insert  into `location`(`id`,`name`,`description`,`depth`,`is_free`,`price`,`location_flow_id`,`location_fundus_id`,`location_relief_id`,`location_type_id`,`location_scope_id`,`address_id`,`created_by`,`updated_by`,`slug`,`created_at`,`updated_at`,`latitude`,`longitude`,`version`) values (661,'. ','   ',NULL,1,'',NULL,NULL,NULL,NULL,5,623,1,1,'328','2011-05-02 20:12:22','2011-05-02 20:12:22',54.486294827899997,38.637199401899998,2);
insert  into `location`(`id`,`name`,`description`,`depth`,`is_free`,`price`,`location_flow_id`,`location_fundus_id`,`location_relief_id`,`location_type_id`,`location_scope_id`,`address_id`,`created_by`,`updated_by`,`slug`,`created_at`,`updated_at`,`latitude`,`longitude`,`version`) values (662,'','      . 500 .',NULL,0,'',NULL,NULL,NULL,NULL,5,624,1,1,'329','2011-05-02 20:12:25','2011-05-02 20:12:25',55.981385955500002,38.541927337600001,2);
insert  into `location`(`id`,`name`,`description`,`depth`,`is_free`,`price`,`location_flow_id`,`location_fundus_id`,`location_relief_id`,`location_type_id`,`location_scope_id`,`address_id`,`created_by`,`updated_by`,`slug`,`created_at`,`updated_at`,`latitude`,`longitude`,`version`) values (663,' ',' .  .      .',NULL,1,'',NULL,NULL,NULL,NULL,5,625,1,1,'330','2011-05-02 20:12:28','2011-05-02 20:12:28',56.327198096699995,38.267784118700000,2);
insert  into `location`(`id`,`name`,`description`,`depth`,`is_free`,`price`,`location_flow_id`,`location_fundus_id`,`location_relief_id`,`location_type_id`,`location_scope_id`,`address_id`,`created_by`,`updated_by`,`slug`,`created_at`,`updated_at`,`latitude`,`longitude`,`version`) values (664,'  ()','<a href=\"http://www.fisherklin.com/\" target=\"_blank\">http://www.fisherklin.com/</a>',NULL,0,'',NULL,NULL,NULL,NULL,5,626,1,1,'331','2011-05-02 20:12:31','2011-05-02 20:12:31',56.272717702900017,36.256256103500000,2);
insert  into `location`(`id`,`name`,`description`,`depth`,`is_free`,`price`,`location_flow_id`,`location_fundus_id`,`location_relief_id`,`location_type_id`,`location_scope_id`,`address_id`,`created_by`,`updated_by`,`slug`,`created_at`,`updated_at`,`latitude`,`longitude`,`version`) values (665,'\"\"','',NULL,0,'',NULL,NULL,NULL,NULL,5,627,1,1,'332','2011-05-02 20:12:34','2011-05-02 20:12:34',58.053541960899970,38.251647949199999,2);
insert  into `location`(`id`,`name`,`description`,`depth`,`is_free`,`price`,`location_flow_id`,`location_fundus_id`,`location_relief_id`,`location_type_id`,`location_scope_id`,`address_id`,`created_by`,`updated_by`,`slug`,`created_at`,`updated_at`,`latitude`,`longitude`,`version`) values (666,'','<a href=\"http://www.sosenki.ru/\" target=\"_blank\">http://www.sosenki.ru/</a>',NULL,0,'',NULL,NULL,NULL,NULL,5,628,1,1,'333','2011-05-02 20:12:37','2011-05-02 20:12:37',55.557670448300001,37.444667816199996,2);
insert  into `location`(`id`,`name`,`description`,`depth`,`is_free`,`price`,`location_flow_id`,`location_fundus_id`,`location_relief_id`,`location_type_id`,`location_scope_id`,`address_id`,`created_by`,`updated_by`,`slug`,`created_at`,`updated_at`,`latitude`,`longitude`,`version`) values (667,' ','',NULL,0,'',NULL,NULL,NULL,NULL,5,629,1,1,'334','2011-05-02 20:12:40','2011-05-02 20:12:40',55.520419699000001,37.361497878999998,2);
insert  into `location`(`id`,`name`,`description`,`depth`,`is_free`,`price`,`location_flow_id`,`location_fundus_id`,`location_relief_id`,`location_type_id`,`location_scope_id`,`address_id`,`created_by`,`updated_by`,`slug`,`created_at`,`updated_at`,`latitude`,`longitude`,`version`) values (668,'-97','',NULL,0,'',NULL,NULL,NULL,NULL,5,630,1,1,'97-1','2011-05-02 20:12:43','2011-05-02 20:12:43',46.980018122600001,47.533721923800002,2);
insert  into `location`(`id`,`name`,`description`,`depth`,`is_free`,`price`,`location_flow_id`,`location_fundus_id`,`location_relief_id`,`location_type_id`,`location_scope_id`,`address_id`,`created_by`,`updated_by`,`slug`,`created_at`,`updated_at`,`latitude`,`longitude`,`version`) values (669,' 77-99','',NULL,0,'',NULL,NULL,NULL,NULL,5,631,1,1,'77-99','2011-05-02 20:12:45','2011-05-02 20:12:46',46.831777837899999,47.681694030800003,2);
insert  into `location`(`id`,`name`,`description`,`depth`,`is_free`,`price`,`location_flow_id`,`location_fundus_id`,`location_relief_id`,`location_type_id`,`location_scope_id`,`address_id`,`created_by`,`updated_by`,`slug`,`created_at`,`updated_at`,`latitude`,`longitude`,`version`) values (670,'','',NULL,0,'',NULL,NULL,NULL,NULL,5,632,1,1,'335','2011-05-02 20:12:48','2011-05-02 20:12:48',56.044335617900003,37.147521972699998,2);
insert  into `location`(`id`,`name`,`description`,`depth`,`is_free`,`price`,`location_flow_id`,`location_fundus_id`,`location_relief_id`,`location_type_id`,`location_scope_id`,`address_id`,`created_by`,`updated_by`,`slug`,`created_at`,`updated_at`,`latitude`,`longitude`,`version`) values (671,' ','',NULL,1,'',NULL,NULL,NULL,NULL,5,633,1,1,'336','2011-05-02 20:12:51','2011-05-02 20:12:51',56.173511096300011,36.107339859000000,2);
insert  into `location`(`id`,`name`,`description`,`depth`,`is_free`,`price`,`location_flow_id`,`location_fundus_id`,`location_relief_id`,`location_type_id`,`location_scope_id`,`address_id`,`created_by`,`updated_by`,`slug`,`created_at`,`updated_at`,`latitude`,`longitude`,`version`) values (672,'','',NULL,0,'',NULL,NULL,NULL,NULL,5,634,1,1,'337','2011-05-02 20:12:54','2011-05-02 20:12:54',56.022756209499995,38.133544921899997,2);
insert  into `location`(`id`,`name`,`description`,`depth`,`is_free`,`price`,`location_flow_id`,`location_fundus_id`,`location_relief_id`,`location_type_id`,`location_scope_id`,`address_id`,`created_by`,`updated_by`,`slug`,`created_at`,`updated_at`,`latitude`,`longitude`,`version`) values (673,'  ()','',NULL,0,'',NULL,NULL,NULL,NULL,5,635,1,1,'338','2011-05-02 20:12:57','2011-05-02 20:12:57',56.043400760200001,37.465481758099997,2);
insert  into `location`(`id`,`name`,`description`,`depth`,`is_free`,`price`,`location_flow_id`,`location_fundus_id`,`location_relief_id`,`location_type_id`,`location_scope_id`,`address_id`,`created_by`,`updated_by`,`slug`,`created_at`,`updated_at`,`latitude`,`longitude`,`version`) values (674,'','',NULL,1,'',NULL,NULL,NULL,NULL,5,636,1,1,'339','2011-05-02 20:13:00','2011-05-02 20:13:00',55.647470786000000,37.769193649300000,2);
insert  into `location`(`id`,`name`,`description`,`depth`,`is_free`,`price`,`location_flow_id`,`location_fundus_id`,`location_relief_id`,`location_type_id`,`location_scope_id`,`address_id`,`created_by`,`updated_by`,`slug`,`created_at`,`updated_at`,`latitude`,`longitude`,`version`) values (675,' ','',NULL,0,'',NULL,NULL,NULL,NULL,5,637,1,1,'340','2011-05-02 20:13:03','2011-05-02 20:13:03',55.075222516499998,37.316780090300000,2);
insert  into `location`(`id`,`name`,`description`,`depth`,`is_free`,`price`,`location_flow_id`,`location_fundus_id`,`location_relief_id`,`location_type_id`,`location_scope_id`,`address_id`,`created_by`,`updated_by`,`slug`,`created_at`,`updated_at`,`latitude`,`longitude`,`version`) values (676,'  ','<p> ,  ,     </p>',1.00,1,'',3,3,1,1,5,638,7,7,'32','2011-05-03 23:03:26','2011-06-02 01:00:11',54.830381617699999,35.025039370300000,4);
insert  into `location`(`id`,`name`,`description`,`depth`,`is_free`,`price`,`location_flow_id`,`location_fundus_id`,`location_relief_id`,`location_type_id`,`location_scope_id`,`address_id`,`created_by`,`updated_by`,`slug`,`created_at`,`updated_at`,`latitude`,`longitude`,`version`) values (677,'','<p>  ,     (  ),    .  :   ,   , ,     1.,     3 .  ,   ,            .</p>',2.00,0,'<p>   , 270.-; 80.-; 100.-.</p>',1,2,1,3,5,639,8,8,'56','2011-06-02 00:44:25','2011-06-02 00:51:31',54.949169879899998,36.338653932200003,3);
insert  into `location`(`id`,`name`,`description`,`depth`,`is_free`,`price`,`location_flow_id`,`location_fundus_id`,`location_relief_id`,`location_type_id`,`location_scope_id`,`address_id`,`created_by`,`updated_by`,`slug`,`created_at`,`updated_at`,`latitude`,`longitude`,`version`) values (678,'','   .',1.00,1,'',4,3,2,1,5,640,7,7,'64','2011-06-06 18:44:34','2011-06-06 18:44:34',54.674322237299997,35.051389391699999,2);
insert  into `location`(`id`,`name`,`description`,`depth`,`is_free`,`price`,`location_flow_id`,`location_fundus_id`,`location_relief_id`,`location_type_id`,`location_scope_id`,`address_id`,`created_by`,`updated_by`,`slug`,`created_at`,`updated_at`,`latitude`,`longitude`,`version`) values (679,'  ','<p>  </p>',1.00,1,'',4,3,1,1,5,641,7,7,'93','2011-06-07 21:10:05','2011-06-08 01:27:05',55.090084433799994,36.560469010399999,3);
insert  into `location`(`id`,`name`,`description`,`depth`,`is_free`,`price`,`location_flow_id`,`location_fundus_id`,`location_relief_id`,`location_type_id`,`location_scope_id`,`address_id`,`created_by`,`updated_by`,`slug`,`created_at`,`updated_at`,`latitude`,`longitude`,`version`) values (680,'  ','',3.00,1,'',2,3,1,1,5,642,7,7,'97','2011-06-07 21:30:59','2011-06-08 01:28:02',55.097880351299999,36.579110363100000,3);
insert  into `location`(`id`,`name`,`description`,`depth`,`is_free`,`price`,`location_flow_id`,`location_fundus_id`,`location_relief_id`,`location_type_id`,`location_scope_id`,`address_id`,`created_by`,`updated_by`,`slug`,`created_at`,`updated_at`,`latitude`,`longitude`,`version`) values (681,'   ','',1.00,1,'',3,1,1,1,5,643,7,7,'98','2011-06-07 21:32:16','2011-06-08 01:28:29',55.151004943700002,36.550670900900002,3);
insert  into `location`(`id`,`name`,`description`,`depth`,`is_free`,`price`,`location_flow_id`,`location_fundus_id`,`location_relief_id`,`location_type_id`,`location_scope_id`,`address_id`,`created_by`,`updated_by`,`slug`,`created_at`,`updated_at`,`latitude`,`longitude`,`version`) values (682,'  ','            ,   .  1321 .    -6.   - , , , , , , ,   .',NULL,0,'<p><strong></strong></p>\r\n<p>1200 .       .</p>\r\n<p>700        .</p>\r\n<p><strong>  </strong> (     /     )   </p>\r\n<p>  54      40 1500/2000.</p>\r\n<p>  SAVA    15 800/ 1000.</p>\r\n<p>       15 800/ 1000.</p>\r\n<p>   300/ 400.            .</p>\r\n<p> 1  (  ) 30-35.&nbsp;</p>\r\n<p><strong></strong></p>\r\n<p>    ,    ,  ,         :    ,    , , , .    3-   650-730  .  .. - .140,  - .300.,  .270.</p>',NULL,NULL,NULL,1,5,644,1,1,'154','2011-06-08 01:55:10','2011-06-08 02:14:00',46.823242071399996,47.608944828799999,4);
insert  into `location`(`id`,`name`,`description`,`depth`,`is_free`,`price`,`location_flow_id`,`location_fundus_id`,`location_relief_id`,`location_type_id`,`location_scope_id`,`address_id`,`created_by`,`updated_by`,`slug`,`created_at`,`updated_at`,`latitude`,`longitude`,`version`) values (683,' ','   ,  , .    .  -   )))',1.00,1,'',3,3,2,1,3,NULL,13,13,'176','2011-06-18 18:06:57','2011-06-18 18:06:57',65.298606655399993,49.434571633899985,1);
insert  into `location`(`id`,`name`,`description`,`depth`,`is_free`,`price`,`location_flow_id`,`location_fundus_id`,`location_relief_id`,`location_type_id`,`location_scope_id`,`address_id`,`created_by`,`updated_by`,`slug`,`created_at`,`updated_at`,`latitude`,`longitude`,`version`) values (684,'     ','',NULL,1,'',NULL,NULL,NULL,NULL,5,645,12,12,'184','2011-06-18 20:02:35','2011-06-18 20:02:35',55.071433138500012,38.778347609200011,2);
insert  into `location`(`id`,`name`,`description`,`depth`,`is_free`,`price`,`location_flow_id`,`location_fundus_id`,`location_relief_id`,`location_type_id`,`location_scope_id`,`address_id`,`created_by`,`updated_by`,`slug`,`created_at`,`updated_at`,`latitude`,`longitude`,`version`) values (685,' ','',NULL,0,'',NULL,NULL,NULL,NULL,5,646,12,12,'232','2011-06-18 20:03:54','2011-06-18 20:03:54',55.083606790200001,38.803923813300003,2);
insert  into `location`(`id`,`name`,`description`,`depth`,`is_free`,`price`,`location_flow_id`,`location_fundus_id`,`location_relief_id`,`location_type_id`,`location_scope_id`,`address_id`,`created_by`,`updated_by`,`slug`,`created_at`,`updated_at`,`latitude`,`longitude`,`version`) values (686,' ',' , .  -.',NULL,0,'  1000    4   3 ,     ,     ',1,NULL,NULL,3,5,647,7,7,'234','2011-06-18 22:11:45','2011-06-18 22:11:45',55.165234621699987,36.475204268100001,2);
insert  into `location`(`id`,`name`,`description`,`depth`,`is_free`,`price`,`location_flow_id`,`location_fundus_id`,`location_relief_id`,`location_type_id`,`location_scope_id`,`address_id`,`created_by`,`updated_by`,`slug`,`created_at`,`updated_at`,`latitude`,`longitude`,`version`) values (687,'   ','<p>     .:,, .    ( ,   ),   4 .     ,    ,      (   ..). P.S.  ,   ,       ,    ,  ,       .</p>',2.50,0,'<p>   600 .,  .</p>',1,2,1,3,5,648,8,8,'235','2011-06-19 12:06:31','2011-06-19 15:17:07',54.786223705300003,36.344018350200002,3);
insert  into `location`(`id`,`name`,`description`,`depth`,`is_free`,`price`,`location_flow_id`,`location_fundus_id`,`location_relief_id`,`location_type_id`,`location_scope_id`,`address_id`,`created_by`,`updated_by`,`slug`,`created_at`,`updated_at`,`latitude`,`longitude`,`version`) values (688,'  ','   ,    ,     .',NULL,0,'   500    5 .   1000    .',1,2,1,3,5,649,7,7,'237','2011-06-19 15:01:57','2011-06-19 15:01:57',55.177373206900000,36.765639224600001,2);
insert  into `location`(`id`,`name`,`description`,`depth`,`is_free`,`price`,`location_flow_id`,`location_fundus_id`,`location_relief_id`,`location_type_id`,`location_scope_id`,`address_id`,`created_by`,`updated_by`,`slug`,`created_at`,`updated_at`,`latitude`,`longitude`,`version`) values (689,' ','',NULL,1,'',NULL,NULL,NULL,4,5,650,1,1,'250','2011-07-30 11:23:51','2011-07-30 11:23:51',56.036544835699999,37.667322793600000,2);
insert  into `location`(`id`,`name`,`description`,`depth`,`is_free`,`price`,`location_flow_id`,`location_fundus_id`,`location_relief_id`,`location_type_id`,`location_scope_id`,`address_id`,`created_by`,`updated_by`,`slug`,`created_at`,`updated_at`,`latitude`,`longitude`,`version`) values (690,' . ','  .        ,     ,     .    ,    20  40 ,      6 .\n ,   : , , , , , ,   .',6.00,1,'',NULL,3,NULL,NULL,5,651,1,1,'251','2011-07-30 11:29:19','2011-07-30 11:29:19',56.022672656399997,37.637306192499999,2);
insert  into `location`(`id`,`name`,`description`,`depth`,`is_free`,`price`,`location_flow_id`,`location_fundus_id`,`location_relief_id`,`location_type_id`,`location_scope_id`,`address_id`,`created_by`,`updated_by`,`slug`,`created_at`,`updated_at`,`latitude`,`longitude`,`version`) values (691,'  ','',NULL,1,'',1,NULL,NULL,3,5,652,7,7,'252','2011-07-31 15:02:12','2011-07-31 15:02:47',55.085048563599997,36.469178254900001,3);
insert  into `location`(`id`,`name`,`description`,`depth`,`is_free`,`price`,`location_flow_id`,`location_fundus_id`,`location_relief_id`,`location_type_id`,`location_scope_id`,`address_id`,`created_by`,`updated_by`,`slug`,`created_at`,`updated_at`,`latitude`,`longitude`,`version`) values (692,' ','',1.00,1,'',1,2,1,3,5,653,7,7,'261','2011-08-15 22:20:46','2011-08-15 22:20:46',54.580582355499999,35.409142430099998,2);
insert  into `location`(`id`,`name`,`description`,`depth`,`is_free`,`price`,`location_flow_id`,`location_fundus_id`,`location_relief_id`,`location_type_id`,`location_scope_id`,`address_id`,`created_by`,`updated_by`,`slug`,`created_at`,`updated_at`,`latitude`,`longitude`,`version`) values (693,'   ','',1.00,1,'',3,1,2,1,5,654,7,7,'262','2011-08-15 22:26:46','2011-08-15 22:27:24',54.662490128000002,35.079509670999997,2);
insert  into `location`(`id`,`name`,`description`,`depth`,`is_free`,`price`,`location_flow_id`,`location_fundus_id`,`location_relief_id`,`location_type_id`,`location_scope_id`,`address_id`,`created_by`,`updated_by`,`slug`,`created_at`,`updated_at`,`latitude`,`longitude`,`version`) values (694,'   ',' ,   :,.',3.00,0,'1000 -1200  \n 8-985-151-27-84 ',1,NULL,NULL,3,5,655,1,1,'263','2011-08-19 10:28:14','2011-08-19 10:28:14',55.682896613300002,37.965416367300001,2);
insert  into `location`(`id`,`name`,`description`,`depth`,`is_free`,`price`,`location_flow_id`,`location_fundus_id`,`location_relief_id`,`location_type_id`,`location_scope_id`,`address_id`,`created_by`,`updated_by`,`slug`,`created_at`,`updated_at`,`latitude`,`longitude`,`version`) values (695,' \"! !\",  ','           ,       ,        .    !     ,             .',1.50,0,'   5.00  21.00.\n - 2000 .\n(   2000 .     )\n\n   12.00  21.00.\n - 1500 .\n(   1500 .     )\n\n   17.00  21.00.\n - 1000 .\n(   1000 .     )\n\n           ,         3000 . (              17.00    21.00  ).\n         ( 5.00),        .\n\n    14      ,    .\n\n ,    ,         .\n\n            .         ,           .\n\n    500 .\n\n,  ,  ,     :\n\n  400 /.\n\n,  ,   -300 /.\n\n, ,    200 /.\n\n  800 /.\n\n     5- .  400 /.',1,2,5,3,5,656,1,1,'265','2011-08-19 10:41:35','2011-08-19 10:41:35',55.255533518799986,37.872204239700011,2);
insert  into `location`(`id`,`name`,`description`,`depth`,`is_free`,`price`,`location_flow_id`,`location_fundus_id`,`location_relief_id`,`location_type_id`,`location_scope_id`,`address_id`,`created_by`,`updated_by`,`slug`,`created_at`,`updated_at`,`latitude`,`longitude`,`version`) values (696,'    ','       130  .           .           ,   ,   ,    .\n \n    ,        .     3-  ,    .  ,    ,      ,           .',NULL,0,'       (    ):\n 	   	  \n  ( ) 	1200  	1600 \n  ( ) 	1400  	1800 \n   (   ) 	3600  	5000 \n\n \n\n \n\n \n\n \n\n \n\n \n\n:       15  .     17    15  .\n\n  :\n  	  	 	 	\n  1 , . 	500 	800 	1000 	500\n\n \n\n\n\n      :\n\n   1. 18  \n   2.    ()\n',NULL,NULL,NULL,1,5,657,1,1,'274','2011-08-19 11:07:15','2011-08-19 11:07:15',56.175292002799999,45.567333157300013,2);
insert  into `location`(`id`,`name`,`description`,`depth`,`is_free`,`price`,`location_flow_id`,`location_fundus_id`,`location_relief_id`,`location_type_id`,`location_scope_id`,`address_id`,`created_by`,`updated_by`,`slug`,`created_at`,`updated_at`,`latitude`,`longitude`,`version`) values (697,'','',NULL,1,'',NULL,NULL,NULL,NULL,5,NULL,12,12,'275','2011-08-26 06:39:42','2011-08-26 06:39:42',54.909827846799999,39.579701138300003,1);
insert  into `location`(`id`,`name`,`description`,`depth`,`is_free`,`price`,`location_flow_id`,`location_fundus_id`,`location_relief_id`,`location_type_id`,`location_scope_id`,`address_id`,`created_by`,`updated_by`,`slug`,`created_at`,`updated_at`,`latitude`,`longitude`,`version`) values (698,'  ','',NULL,0,'',NULL,NULL,NULL,3,5,NULL,1,1,'278','2011-09-12 23:09:13','2011-09-12 23:09:13',53.761879827100003,35.224881806900001,1);
insert  into `location`(`id`,`name`,`description`,`depth`,`is_free`,`price`,`location_flow_id`,`location_fundus_id`,`location_relief_id`,`location_type_id`,`location_scope_id`,`address_id`,`created_by`,`updated_by`,`slug`,`created_at`,`updated_at`,`latitude`,`longitude`,`version`) values (699,'  ','',NULL,1,'',NULL,NULL,NULL,3,5,658,1,1,'341','2011-09-12 23:13:45','2011-09-12 23:13:48',54.132922573400002,33.850383780000001,2);
insert  into `location`(`id`,`name`,`description`,`depth`,`is_free`,`price`,`location_flow_id`,`location_fundus_id`,`location_relief_id`,`location_type_id`,`location_scope_id`,`address_id`,`created_by`,`updated_by`,`slug`,`created_at`,`updated_at`,`latitude`,`longitude`,`version`) values (746,'.',',,',NULL,1,'',NULL,NULL,NULL,NULL,5,693,2,2,'342','2011-10-17 02:00:40','2011-10-17 02:00:41',53.436291872300004,36.464996337899997,2);
insert  into `location`(`id`,`name`,`description`,`depth`,`is_free`,`price`,`location_flow_id`,`location_fundus_id`,`location_relief_id`,`location_type_id`,`location_scope_id`,`address_id`,`created_by`,`updated_by`,`slug`,`created_at`,`updated_at`,`latitude`,`longitude`,`version`) values (747,'','   10 .',NULL,1,'',NULL,NULL,NULL,NULL,5,694,2,2,'343','2011-10-17 02:00:45','2011-10-17 02:00:45',45.507790548400003,74.546356201199998,2);
insert  into `location`(`id`,`name`,`description`,`depth`,`is_free`,`price`,`location_flow_id`,`location_fundus_id`,`location_relief_id`,`location_type_id`,`location_scope_id`,`address_id`,`created_by`,`updated_by`,`slug`,`created_at`,`updated_at`,`latitude`,`longitude`,`version`) values (748,',   ','   .',NULL,1,'',NULL,NULL,NULL,NULL,5,695,2,2,'344','2011-10-17 02:00:48','2011-10-17 02:00:48',45.419057850100003,74.198913574200006,2);
insert  into `location`(`id`,`name`,`description`,`depth`,`is_free`,`price`,`location_flow_id`,`location_fundus_id`,`location_relief_id`,`location_type_id`,`location_scope_id`,`address_id`,`created_by`,`updated_by`,`slug`,`created_at`,`updated_at`,`latitude`,`longitude`,`version`) values (749,'  \"\"','',NULL,1,'',NULL,NULL,NULL,NULL,5,696,2,2,'345','2011-10-17 02:00:52','2011-10-17 02:00:52',45.336701910000002,48.076171875000000,2);
insert  into `location`(`id`,`name`,`description`,`depth`,`is_free`,`price`,`location_flow_id`,`location_fundus_id`,`location_relief_id`,`location_type_id`,`location_scope_id`,`address_id`,`created_by`,`updated_by`,`slug`,`created_at`,`updated_at`,`latitude`,`longitude`,`version`) values (750,', ','',NULL,0,'',NULL,NULL,NULL,NULL,5,697,2,2,'346','2011-10-17 02:00:55','2011-10-17 02:00:56',55.151412202499998,36.148452758799998,2);
insert  into `location`(`id`,`name`,`description`,`depth`,`is_free`,`price`,`location_flow_id`,`location_fundus_id`,`location_relief_id`,`location_type_id`,`location_scope_id`,`address_id`,`created_by`,`updated_by`,`slug`,`created_at`,`updated_at`,`latitude`,`longitude`,`version`) values (751,' ()  ()','',NULL,1,'',NULL,NULL,NULL,NULL,5,698,2,2,'347','2011-10-17 02:00:59','2011-10-17 02:01:00',55.556456834199999,37.960939407300003,2);
insert  into `location`(`id`,`name`,`description`,`depth`,`is_free`,`price`,`location_flow_id`,`location_fundus_id`,`location_relief_id`,`location_type_id`,`location_scope_id`,`address_id`,`created_by`,`updated_by`,`slug`,`created_at`,`updated_at`,`latitude`,`longitude`,`version`) values (752,' ()','',NULL,1,'',NULL,NULL,NULL,NULL,5,699,2,2,'348','2011-10-17 02:01:03','2011-10-17 02:01:03',55.516094967000001,37.720527648900003,2);
insert  into `location`(`id`,`name`,`description`,`depth`,`is_free`,`price`,`location_flow_id`,`location_fundus_id`,`location_relief_id`,`location_type_id`,`location_scope_id`,`address_id`,`created_by`,`updated_by`,`slug`,`created_at`,`updated_at`,`latitude`,`longitude`,`version`) values (753,'  \" \"','',NULL,1,'',NULL,NULL,NULL,NULL,5,700,2,2,'349','2011-10-17 02:01:07','2011-10-17 02:01:07',67.952787341499999,35.255126953100003,2);
insert  into `location`(`id`,`name`,`description`,`depth`,`is_free`,`price`,`location_flow_id`,`location_fundus_id`,`location_relief_id`,`location_type_id`,`location_scope_id`,`address_id`,`created_by`,`updated_by`,`slug`,`created_at`,`updated_at`,`latitude`,`longitude`,`version`) values (754,'  ',', , ?, ?',NULL,1,'',NULL,NULL,NULL,NULL,5,701,2,2,'350','2011-10-17 02:01:11','2011-10-17 02:01:11',56.360876083800001,44.011573791499998,2);
insert  into `location`(`id`,`name`,`description`,`depth`,`is_free`,`price`,`location_flow_id`,`location_fundus_id`,`location_relief_id`,`location_type_id`,`location_scope_id`,`address_id`,`created_by`,`updated_by`,`slug`,`created_at`,`updated_at`,`latitude`,`longitude`,`version`) values (755,'','     ,         ',NULL,1,'',NULL,NULL,NULL,NULL,5,702,2,2,'351','2011-10-17 02:01:14','2011-10-17 02:01:15',55.563710452800002,38.032779693599998,2);
insert  into `location`(`id`,`name`,`description`,`depth`,`is_free`,`price`,`location_flow_id`,`location_fundus_id`,`location_relief_id`,`location_type_id`,`location_scope_id`,`address_id`,`created_by`,`updated_by`,`slug`,`created_at`,`updated_at`,`latitude`,`longitude`,`version`) values (756,' ',',,,.',NULL,1,'',NULL,NULL,NULL,NULL,5,703,2,2,'352','2011-10-17 02:01:18','2011-10-17 02:01:18',58.285096031599998,56.022720336900001,2);
insert  into `location`(`id`,`name`,`description`,`depth`,`is_free`,`price`,`location_flow_id`,`location_fundus_id`,`location_relief_id`,`location_type_id`,`location_scope_id`,`address_id`,`created_by`,`updated_by`,`slug`,`created_at`,`updated_at`,`latitude`,`longitude`,`version`) values (757,'    ','  1-2         ,     .     -         ( ).',NULL,1,'',NULL,NULL,NULL,NULL,5,704,2,2,'353','2011-10-17 02:01:22','2011-10-17 02:01:22',55.582419995400002,38.095178604099999,2);
insert  into `location`(`id`,`name`,`description`,`depth`,`is_free`,`price`,`location_flow_id`,`location_fundus_id`,`location_relief_id`,`location_type_id`,`location_scope_id`,`address_id`,`created_by`,`updated_by`,`slug`,`created_at`,`updated_at`,`latitude`,`longitude`,`version`) values (758,'','',NULL,0,'',NULL,NULL,NULL,NULL,5,705,2,2,'354','2011-10-17 02:01:25','2011-10-17 02:01:26',48.314322320199999,46.128834486000002,2);
insert  into `location`(`id`,`name`,`description`,`depth`,`is_free`,`price`,`location_flow_id`,`location_fundus_id`,`location_relief_id`,`location_type_id`,`location_scope_id`,`address_id`,`created_by`,`updated_by`,`slug`,`created_at`,`updated_at`,`latitude`,`longitude`,`version`) values (759,'. ',', , , , ',NULL,1,'',NULL,NULL,NULL,NULL,5,706,2,2,'355','2011-10-17 02:01:29','2011-10-17 02:01:29',55.556262652500003,37.934846878099997,2);

/*Table structure for table `route` */

DROP TABLE IF EXISTS `route`;

CREATE TABLE `route` (
  `id` int(11) NOT NULL AUTO_INCREMENT,
  `name` varchar(100) CHARACTER SET utf8 DEFAULT NULL,
  `country_id` int(11) DEFAULT NULL,
  PRIMARY KEY (`id`),
  KEY `country_id_idx` (`country_id`),
  CONSTRAINT `route_country_id_country_id` FOREIGN KEY (`country_id`) REFERENCES `country` (`id`)
) ENGINE=InnoDB AUTO_INCREMENT=213 DEFAULT CHARSET=cp1251;

/*Data for the table `route` */

insert  into `route`(`id`,`name`,`country_id`) values (1,'-132',1);
insert  into `route`(`id`,`name`,`country_id`) values (2,'-93',1);
insert  into `route`(`id`,`name`,`country_id`) values (3,' .',1);
insert  into `route`(`id`,`name`,`country_id`) values (4,' .',1);
insert  into `route`(`id`,`name`,`country_id`) values (5,'-6',1);
insert  into `route`(`id`,`name`,`country_id`) values (6,'-107',1);
insert  into `route`(`id`,`name`,`country_id`) values (7,' .',1);
insert  into `route`(`id`,`name`,`country_id`) values (8,' .',1);
insert  into `route`(`id`,`name`,`country_id`) values (9,'-199',1);
insert  into `route`(`id`,`name`,`country_id`) values (10,'85',2);
insert  into `route`(`id`,`name`,`country_id`) values (11,' .',1);
insert  into `route`(`id`,`name`,`country_id`) values (12,' .',1);
insert  into `route`(`id`,`name`,`country_id`) values (13,'Me?a iela',3);
insert  into `route`(`id`,`name`,`country_id`) values (14,'  ',1);
insert  into `route`(`id`,`name`,`country_id`) values (15,' .',1);
insert  into `route`(`id`,`name`,`country_id`) values (16,' .',1);
insert  into `route`(`id`,`name`,`country_id`) values (17,'-102',1);
insert  into `route`(`id`,`name`,`country_id`) values (18,'A355',4);
insert  into `route`(`id`,`name`,`country_id`) values (19,'. ',1);
insert  into `route`(`id`,`name`,`country_id`) values (20,' .',1);
insert  into `route`(`id`,`name`,`country_id`) values (21,'. ',1);
insert  into `route`(`id`,`name`,`country_id`) values (22,'-123',1);
insert  into `route`(`id`,`name`,`country_id`) values (23,'-250',1);
insert  into `route`(`id`,`name`,`country_id`) values (24,'-380',1);
insert  into `route`(`id`,`name`,`country_id`) values (25,' .',1);
insert  into `route`(`id`,`name`,`country_id`) values (26,' .',1);
insert  into `route`(`id`,`name`,`country_id`) values (27,' .',1);
insert  into `route`(`id`,`name`,`country_id`) values (28,'-114',1);
insert  into `route`(`id`,`name`,`country_id`) values (29,' .',1);
insert  into `route`(`id`,`name`,`country_id`) values (30,' .',1);
insert  into `route`(`id`,`name`,`country_id`) values (31,'-5',1);
insert  into `route`(`id`,`name`,`country_id`) values (32,'. ',1);
insert  into `route`(`id`,`name`,`country_id`) values (33,'-81',1);
insert  into `route`(`id`,`name`,`country_id`) values (34,'H01',5);
insert  into `route`(`id`,`name`,`country_id`) values (35,'-251',1);
insert  into `route`(`id`,`name`,`country_id`) values (36,'Ritarinrannantie',6);
insert  into `route`(`id`,`name`,`country_id`) values (37,'R-204',4);
insert  into `route`(`id`,`name`,`country_id`) values (38,' .',4);
insert  into `route`(`id`,`name`,`country_id`) values (39,'E127',4);
insert  into `route`(`id`,`name`,`country_id`) values (40,' .',1);
insert  into `route`(`id`,`name`,`country_id`) values (41,' .',1);
insert  into `route`(`id`,`name`,`country_id`) values (42,'. . (/ )',1);
insert  into `route`(`id`,`name`,`country_id`) values (43,'.  ',1);
insert  into `route`(`id`,`name`,`country_id`) values (44,' .',1);
insert  into `route`(`id`,`name`,`country_id`) values (45,' .',1);
insert  into `route`(`id`,`name`,`country_id`) values (46,'-37',1);
insert  into `route`(`id`,`name`,`country_id`) values (47,' .',1);
insert  into `route`(`id`,`name`,`country_id`) values (48,'-7',1);
insert  into `route`(`id`,`name`,`country_id`) values (49,'-126',1);
insert  into `route`(`id`,`name`,`country_id`) values (50,'-89',1);
insert  into `route`(`id`,`name`,`country_id`) values (51,'. 40  ',1);
insert  into `route`(`id`,`name`,`country_id`) values (52,'A229',1);
insert  into `route`(`id`,`name`,`country_id`) values (53,' .',1);
insert  into `route`(`id`,`name`,`country_id`) values (54,'. ',1);
insert  into `route`(`id`,`name`,`country_id`) values (55,'V??r?k?ntie',6);
insert  into `route`(`id`,`name`,`country_id`) values (56,'Levin Ymp?rystie',6);
insert  into `route`(`id`,`name`,`country_id`) values (57,'T1805',5);
insert  into `route`(`id`,`name`,`country_id`) values (58,'-84',1);
insert  into `route`(`id`,`name`,`country_id`) values (59,'-13',1);
insert  into `route`(`id`,`name`,`country_id`) values (60,'-34',1);
insert  into `route`(`id`,`name`,`country_id`) values (61,'. ',1);
insert  into `route`(`id`,`name`,`country_id`) values (62,' .',1);
insert  into `route`(`id`,`name`,`country_id`) values (63,' .',1);
insert  into `route`(`id`,`name`,`country_id`) values (64,' .',1);
insert  into `route`(`id`,`name`,`country_id`) values (65,' .',1);
insert  into `route`(`id`,`name`,`country_id`) values (66,' .',1);
insert  into `route`(`id`,`name`,`country_id`) values (67,' .',1);
insert  into `route`(`id`,`name`,`country_id`) values (68,'.  ',1);
insert  into `route`(`id`,`name`,`country_id`) values (69,'T2104',5);
insert  into `route`(`id`,`name`,`country_id`) values (70,' .',1);
insert  into `route`(`id`,`name`,`country_id`) values (71,'. ',1);
insert  into `route`(`id`,`name`,`country_id`) values (72,'3- .',1);
insert  into `route`(`id`,`name`,`country_id`) values (73,' .',1);
insert  into `route`(`id`,`name`,`country_id`) values (74,'-144',1);
insert  into `route`(`id`,`name`,`country_id`) values (75,'  .',1);
insert  into `route`(`id`,`name`,`country_id`) values (76,'T1607',5);
insert  into `route`(`id`,`name`,`country_id`) values (77,' .',1);
insert  into `route`(`id`,`name`,`country_id`) values (78,' .',1);
insert  into `route`(`id`,`name`,`country_id`) values (79,'-349',1);
insert  into `route`(`id`,`name`,`country_id`) values (80,'-158',1);
insert  into `route`(`id`,`name`,`country_id`) values (81,'-244',1);
insert  into `route`(`id`,`name`,`country_id`) values (82,'. ',1);
insert  into `route`(`id`,`name`,`country_id`) values (83,'-204',1);
insert  into `route`(`id`,`name`,`country_id`) values (84,' .',1);
insert  into `route`(`id`,`name`,`country_id`) values (85,'P508',1);
insert  into `route`(`id`,`name`,`country_id`) values (86,'A191',1);
insert  into `route`(`id`,`name`,`country_id`) values (87,'.  ',1);
insert  into `route`(`id`,`name`,`country_id`) values (88,' .',1);
insert  into `route`(`id`,`name`,`country_id`) values (89,'. ',1);
insert  into `route`(`id`,`name`,`country_id`) values (90,' .',1);
insert  into `route`(`id`,`name`,`country_id`) values (91,' .',1);
insert  into `route`(`id`,`name`,`country_id`) values (92,' .',1);
insert  into `route`(`id`,`name`,`country_id`) values (93,'-79',1);
insert  into `route`(`id`,`name`,`country_id`) values (94,'-8',1);
insert  into `route`(`id`,`name`,`country_id`) values (95,'-119',1);
insert  into `route`(`id`,`name`,`country_id`) values (96,' .',1);
insert  into `route`(`id`,`name`,`country_id`) values (97,'-4',1);
insert  into `route`(`id`,`name`,`country_id`) values (98,'-106',1);
insert  into `route`(`id`,`name`,`country_id`) values (99,' .',1);
insert  into `route`(`id`,`name`,`country_id`) values (100,' .',1);
insert  into `route`(`id`,`name`,`country_id`) values (101,'-203',1);
insert  into `route`(`id`,`name`,`country_id`) values (102,'.  ',1);
insert  into `route`(`id`,`name`,`country_id`) values (103,'-104',1);
insert  into `route`(`id`,`name`,`country_id`) values (104,'-51',1);
insert  into `route`(`id`,`name`,`country_id`) values (105,'-114',1);
insert  into `route`(`id`,`name`,`country_id`) values (106,'-104',1);
insert  into `route`(`id`,`name`,`country_id`) values (107,'-140',1);
insert  into `route`(`id`,`name`,`country_id`) values (108,'30',1);
insert  into `route`(`id`,`name`,`country_id`) values (109,'-115',1);
insert  into `route`(`id`,`name`,`country_id`) values (110,'. ',1);
insert  into `route`(`id`,`name`,`country_id`) values (111,' .',1);
insert  into `route`(`id`,`name`,`country_id`) values (112,'  ',1);
insert  into `route`(`id`,`name`,`country_id`) values (113,' .',1);
insert  into `route`(`id`,`name`,`country_id`) values (114,'-134',1);
insert  into `route`(`id`,`name`,`country_id`) values (115,'-90',1);
insert  into `route`(`id`,`name`,`country_id`) values (116,'-404',1);
insert  into `route`(`id`,`name`,`country_id`) values (117,'-109',1);
insert  into `route`(`id`,`name`,`country_id`) values (118,' .',1);
insert  into `route`(`id`,`name`,`country_id`) values (119,'Kymijoentie',6);
insert  into `route`(`id`,`name`,`country_id`) values (120,'Tallinnankatu',6);
insert  into `route`(`id`,`name`,`country_id`) values (121,'Ruotsinsalmenkatu',6);
insert  into `route`(`id`,`name`,`country_id`) values (122,' .',1);
insert  into `route`(`id`,`name`,`country_id`) values (123,' .',1);
insert  into `route`(`id`,`name`,`country_id`) values (124,' .',1);
insert  into `route`(`id`,`name`,`country_id`) values (125,'. . ',1);
insert  into `route`(`id`,`name`,`country_id`) values (126,'. 40  ',1);
insert  into `route`(`id`,`name`,`country_id`) values (127,'13',7);
insert  into `route`(`id`,`name`,`country_id`) values (128,'. ',1);
insert  into `route`(`id`,`name`,`country_id`) values (129,' .',1);
insert  into `route`(`id`,`name`,`country_id`) values (130,' .',1);
insert  into `route`(`id`,`name`,`country_id`) values (131,' .',1);
insert  into `route`(`id`,`name`,`country_id`) values (132,' .',1);
insert  into `route`(`id`,`name`,`country_id`) values (133,'-152',1);
insert  into `route`(`id`,`name`,`country_id`) values (134,' .',1);
insert  into `route`(`id`,`name`,`country_id`) values (135,'. ',1);
insert  into `route`(`id`,`name`,`country_id`) values (136,' .',1);
insert  into `route`(`id`,`name`,`country_id`) values (137,' .',1);
insert  into `route`(`id`,`name`,`country_id`) values (138,'Ilme?a iela',3);
insert  into `route`(`id`,`name`,`country_id`) values (139,'Flotes iela',3);
insert  into `route`(`id`,`name`,`country_id`) values (140,'-115',1);
insert  into `route`(`id`,`name`,`country_id`) values (141,'-116',1);
insert  into `route`(`id`,`name`,`country_id`) values (142,'-124',1);
insert  into `route`(`id`,`name`,`country_id`) values (143,'.  ',1);
insert  into `route`(`id`,`name`,`country_id`) values (144,'.  ',1);
insert  into `route`(`id`,`name`,`country_id`) values (145,' .',1);
insert  into `route`(`id`,`name`,`country_id`) values (146,' .',1);
insert  into `route`(`id`,`name`,`country_id`) values (147,'1-  .',1);
insert  into `route`(`id`,`name`,`country_id`) values (148,'H08',5);
insert  into `route`(`id`,`name`,`country_id`) values (149,' .',5);
insert  into `route`(`id`,`name`,`country_id`) values (150,' . .',5);
insert  into `route`(`id`,`name`,`country_id`) values (151,'Avenida da Marginal',8);
insert  into `route`(`id`,`name`,`country_id`) values (152,'E22',3);
insert  into `route`(`id`,`name`,`country_id`) values (153,'-352',1);
insert  into `route`(`id`,`name`,`country_id`) values (154,' .',1);
insert  into `route`(`id`,`name`,`country_id`) values (155,' .',1);
insert  into `route`(`id`,`name`,`country_id`) values (156,' .',1);
insert  into `route`(`id`,`name`,`country_id`) values (157,'. ',1);
insert  into `route`(`id`,`name`,`country_id`) values (158,'. ',1);
insert  into `route`(`id`,`name`,`country_id`) values (159,' .',1);
insert  into `route`(`id`,`name`,`country_id`) values (160,' .',1);
insert  into `route`(`id`,`name`,`country_id`) values (161,'-10, ',1);
insert  into `route`(`id`,`name`,`country_id`) values (162,' .',1);
insert  into `route`(`id`,`name`,`country_id`) values (163,'.  .',1);
insert  into `route`(`id`,`name`,`country_id`) values (164,' .',1);
insert  into `route`(`id`,`name`,`country_id`) values (165,' .',1);
insert  into `route`(`id`,`name`,`country_id`) values (166,' .',1);
insert  into `route`(`id`,`name`,`country_id`) values (167,' .',1);
insert  into `route`(`id`,`name`,`country_id`) values (168,' .',1);
insert  into `route`(`id`,`name`,`country_id`) values (169,'. ',1);
insert  into `route`(`id`,`name`,`country_id`) values (170,' .',1);
insert  into `route`(`id`,`name`,`country_id`) values (171,'. ',1);
insert  into `route`(`id`,`name`,`country_id`) values (172,'. ',1);
insert  into `route`(`id`,`name`,`country_id`) values (173,'. ',1);
insert  into `route`(`id`,`name`,`country_id`) values (174,'. ',1);
insert  into `route`(`id`,`name`,`country_id`) values (175,'. ',1);
insert  into `route`(`id`,`name`,`country_id`) values (176,' .',1);
insert  into `route`(`id`,`name`,`country_id`) values (177,' .',1);
insert  into `route`(`id`,`name`,`country_id`) values (178,' .',1);
insert  into `route`(`id`,`name`,`country_id`) values (179,'. ',1);
insert  into `route`(`id`,`name`,`country_id`) values (180,'H21',5);
insert  into `route`(`id`,`name`,`country_id`) values (181,'- .',1);
insert  into `route`(`id`,`name`,`country_id`) values (182,'D695',9);
insert  into `route`(`id`,`name`,`country_id`) values (183,'-85',1);
insert  into `route`(`id`,`name`,`country_id`) values (184,' .',1);
insert  into `route`(`id`,`name`,`country_id`) values (185,' .',1);
insert  into `route`(`id`,`name`,`country_id`) values (186,'Malahviantie',6);
insert  into `route`(`id`,`name`,`country_id`) values (187,' .',1);
insert  into `route`(`id`,`name`,`country_id`) values (188,'. ',1);
insert  into `route`(`id`,`name`,`country_id`) values (189,'-108',1);
insert  into `route`(`id`,`name`,`country_id`) values (190,'-9',1);
insert  into `route`(`id`,`name`,`country_id`) values (191,' .',1);
insert  into `route`(`id`,`name`,`country_id`) values (192,' .',5);
insert  into `route`(`id`,`name`,`country_id`) values (193,'-110',1);
insert  into `route`(`id`,`name`,`country_id`) values (194,'.  ',1);
insert  into `route`(`id`,`name`,`country_id`) values (195,' .',1);
insert  into `route`(`id`,`name`,`country_id`) values (196,'. ',1);
insert  into `route`(`id`,`name`,`country_id`) values (197,'.  ',1);
insert  into `route`(`id`,`name`,`country_id`) values (198,'. ',1);
insert  into `route`(`id`,`name`,`country_id`) values (199,'2-  .',1);
insert  into `route`(`id`,`name`,`country_id`) values (200,'-101',1);
insert  into `route`(`id`,`name`,`country_id`) values (201,'M17',5);
insert  into `route`(`id`,`name`,`country_id`) values (202,'T0419',5);
insert  into `route`(`id`,`name`,`country_id`) values (203,'-159',1);
insert  into `route`(`id`,`name`,`country_id`) values (204,' .',1);
insert  into `route`(`id`,`name`,`country_id`) values (205,' .',1);
insert  into `route`(`id`,`name`,`country_id`) values (206,' .',1);
insert  into `route`(`id`,`name`,`country_id`) values (207,'. ',5);
insert  into `route`(`id`,`name`,`country_id`) values (208,'T0308',5);
insert  into `route`(`id`,`name`,`country_id`) values (209,'T0311',5);
insert  into `route`(`id`,`name`,`country_id`) values (210,' .',1);
insert  into `route`(`id`,`name`,`country_id`) values (211,'- .',1);
insert  into `route`(`id`,`name`,`country_id`) values (212,'. ',1);

/*!40101 SET SQL_MODE=@OLD_SQL_MODE */;
/*!40014 SET FOREIGN_KEY_CHECKS=@OLD_FOREIGN_KEY_CHECKS */;
